20190214,528502194,1023,1550177789.2386246,117.32633822618287,48.90142163934606,1260.2139455307965,[39.44935618 59.2853733 77.53939125 116.95765756 136.14914019 156.65998428 175.69619445 194.39423625 212.98573636 233.33217708],[0.16396645 16.18889243 0.11637225 0.09940941 0.07916526 0.10263258 0.08048483 0.10593621 0.09885902 0.09767344 0.11348321 0.12727231 0.17150101],__,-13.529999999999973,323.182,
20190214,528502194,1024,1550177797.1981785,117.15365473596358,53.782323826228925,968.0374985707163,[58.46706469 76.7750746 116.82170525 136.41050647 155.21716555 175.67078565 194.24804021 233.80018324],[0.15397077 11.65544911 0.08473804 0.10123286 0.10472216 0.08279626 0.11401481 0.10456547 0.1003946 0.11119414 0.14647709],__,-11.779999999999973,324.232,
20190214,528502194,1025,1550177805.5084739,118.65935899859065,51.578251895001884,680.2787864743556,[57.60862161 117.76584679 135.80841696 154.70969353 176.38876758 196.80283412 235.8661224],[0.28011062 12.7330348 0.09263525 0.12882168 0.12537556 0.15025953 0.18645673 0.16507421 0.18480133 0.25752155],__,-11.149999999999977,324.61,
20190214,528502194,1026,1550177820.3312578,115.71487912276439,53.221898345979575,903.129233700434,[58.81018518 118.11711953 136.38466563 155.33575715 97.44578873 177.11200291 194.76370485 236.0379383],[0.19214901 13.50566322 0.09367875 0.10412938 0.09525909 0.1199849 0.12598691 0.11360068 0.10993291 0.1303755 0.16399753],__,-12.449999999999989,323.83000000000004,
20190214,528502194,1027,1550177833.0654209,117.47842362987812,53.4932425382691,1182.9904798720543,[58.62506254 118.3381161 176.91988946 236.37352404],[0.3826747 31.39105004 0.18284424 0.1088106 0.10695756 0.12925317 0.19767837],__,-13.069999999999993,323.458,
20190214,528502194,1028,1550177847.3778443,113.96265340683642,58.546364805277676,1858.5612719883081,[58.95433073 118.76439263 178.00672157 215.44408037 235.36427334],[0.43899538 41.76694133 0.24425302 0.11030674 0.1135067 0.13714954 0.18446532 0.19887923],__,-13.609999999999957,323.134,
20190214,528502194,1029,1550177867.311236,112.47866182327823,58.31994326534702,2064.678061634423,[118.60264452 176.38547968 232.3465421],[1.56807512 166.72152059 0.5207225 0.23680918 0.35398106 0.43510946],__,-14.060000000000002,322.86400000000003,
20190214,528518474,1006,1550187776.9446495,126.4856206707047,121.20542422816996,4192.032313363938,[91.07636528],[2.29599839 240.73642029 1.48310684 0.99022787],__,-12.169999999999959,323.99800000000005,
20190214,528518474,1007,1550187764.1925879,115.21957276367056,60.01147326992516,1252.9767177579809,[58.73346974 116.76900782 134.92912372 175.11079564 230.14260023 211.39035932],[0.26803709 20.78434013 0.11749284 0.10790131 0.10131278 0.1370168 0.11811249 0.18252539 0.18111879],__,-11.789999999999964,324.22600000000006,
20190214,528518474,1008,1550187750.9849875,116.04643983173762,65.5288413996636,1797.1568920525708,[115.08603099 172.38799974 225.07996677],[0.76549281 57.68211774 0.20933685 0.18839394 0.25854932 0.32003745],__,-11.810000000000002,324.214,
20190214,528518474,1009,1550187737.5347757,116.76868451743978,62.25406964534516,1241.3125559381708,[115.740628 172.5431879 226.67545934],[1.29861118 65.06625048 0.31247482 0.21150286 0.27770285 0.38469572],__,-11.379999999999995,324.47200000000004,
20190214,528518474,1010,1550187724.813791,115.50189315003038,65.5855784331992,909.9099175210658,[117.78642765 175.41686544 231.52455137],[0.8621568 34.1988954 0.1648922 0.19005649 0.26028962 0.34225803],__,-10.17999999999995,325.19200000000006,
20190214,528518474,1011,1550187712.615097,117.01763624004047,62.04229983968297,474.72796626592697,[57.45806189 77.23310736 96.99905058 116.45957887 135.7430476 174.69892368 211.38875856 230.65107052],[0.20433397 7.40891403 0.05159378 0.12783348 0.14613187 0.13641886 0.1095524 0.13779234 0.12567809 0.22233025 0.21492715],__,-8.839999999999975,325.99600000000004,
20190214,528518474,1012,1550187698.8012464,116.83735405178992,61.14573606297832,718.7321616178326,[115.95772187 173.97591962 193.93146075 210.86871651 230.51591554 249.77730273],[0.21176131 10.9286703 0.07042065 0.10499762 0.12279085 0.14607931 0.19851147 0.20875094 0.24365928],__,-10.20999999999998,325.17400000000004,
20190214,528518474,1013,1550187682.3631432,117.3469286408769,56.91917346769256,841.9352434531622,[115.09215119 171.7224175 228.06934733],[0.59919264 31.79497001 0.15628533 0.15565952 0.21900477 0.27836148],__,-10.239999999999952,325.15600000000006,
20190214,528518474,1014,1550187666.5771613,112.87878909533684,62.32653563680774,1353.4616694080526,[118.0719975 176.76006616 231.31810323],[0.65016529 41.33457909 0.16759933 0.1547836 0.21162705 0.2913697],__,-10.919999999999959,324.74800000000005,
20190214,528518474,1015,1550187649.9155543,112.35202398784425,64.42083032734944,1629.163519230511,[118.23937515 176.40565432 230.72554131],[1.05250076 72.29627546 0.25093322 0.19744716 0.28760938 0.35679774],__,-11.5,324.40000000000003,
20190214,528518474,1016,1550187631.6712945,117.06984958576476,53.76148575925742,939.1245766763576,[115.3073993 171.62848083 228.29035688],[1.57682851 62.88237544 0.48195162 0.28523589 0.41318799 0.4674402],__,-11.529999999999973,324.382,
20190214,528518474,1017,1550187618.350744,112.30753348775855,63.47951745658103,1758.4782603288459,[118.02767504 230.50977201],[0.91235851 76.25783302 0.34548177 0.15687145 0.3150601],__,-11.560000000000002,324.36400000000003,
20190214,528518474,1019,1550187585.7634544,111.29522964278274,64.4330604957183,2145.558319577999,[117.61870343 176.06523342 230.99223621],[0.28531014 33.30150347 0.17729933 0.08569842 0.11546069 0.17783495],__,-12.419999999999959,323.848,
20190214,528518474,1020,1550187572.0660422,112.31492667257272,56.671954163649765,1485.928085029913,[116.87225684 228.97872465],[2.48626531 172.96284484 0.95290788 0.32680356 0.63536233],__,-12.449999999999989,323.83000000000004,
20190214,528518474,1023,1550184643.6806734,112.88209314256473,50.365270012231726,1545.3890538552644,[118.73439669 136.66558515 158.59854194 177.93931102 215.32968725 233.76024321],[0.33006002 33.46807665 0.18906897 0.1107411 0.14334278 0.15295543 0.1497034 0.19266495 0.23568497],__,-12.859999999999957,323.58400000000006,
20190214,528518474,1024,1550184650.8730202,113.93096244246152,51.47300347264188,843.9086821242032,[118.80452552 157.18488402 178.55493304 197.35045947 235.37406939 58.39813927 79.18746625],[0.26368386 14.84940527 0.10305283 0.10958845 0.14921911 0.14822367 0.16282583 0.23434608 0.13960641 0.13482542],__,-11.139999999999986,324.61600000000004,
20190214,528518474,1026,1550184671.6801171,115.1855851897286,54.39779380279147,793.9932749081918,[59.11337278 118.32286863 177.6230979 234.73819588 255.43371897],[0.1943585 12.51753821 0.0971913 0.09619327 0.08893781 0.10251463 0.17333525 0.18025291],__,-11.169999999999959,324.598,
20190214,528518474,1027,1550184682.1097648,115.64162063280554,53.075957213816956,992.4570177005024,[119.42617088 237.83407496 58.96918525 178.9226422],[0.50716155 31.95028181 0.16469772 0.1308781 0.24424196 0.13468526 0.17554747],__,-12.42999999999995,323.84200000000004,
20190214,528518474,1028,1550184693.9626846,99.59489345985281,80.87555308322003,3152.10779065013,[126.36049529 189.03823394 249.15823929],[1.9836725 196.93154169 1.02254058 0.36079339 0.5193062 0.68319607],__,-13.289999999999964,323.326,
20190214,528510459,1007,1550181884.3150985,112.99381853392656,61.46616388399888,1726.0257836458595,[58.45359843 117.74970475 176.15353949 231.66706211],[0.27906438 29.9901032 0.15465379 0.09403351 0.09467115 0.11008211 0.17236294],__,-12.819999999999993,323.608,
20190214,528510459,1008,1550181870.0039585,111.94507054780033,59.052578893357015,1400.6281619526321,[117.46508022 176.29737299 232.21027961],[0.36723029 34.17039955 0.16629478 0.11283259 0.14362658 0.19116812],__,-12.439999999999998,323.836,
20190214,528510459,1009,1550181856.345989,114.67623888400217,62.95296696217806,1078.0930721320367,[59.04869738 75.58943712 117.50359536 175.91941332 230.64282001],[0.72259084 37.90228757 0.1481615 0.16191519 0.19324292 0.21328365 0.29781727 0.39215694],__,-11.389999999999986,324.466,
20190214,528510459,1010,1550181842.8943968,117.86423055978057,63.367342748539556,585.6962655602525,[58.24907297 77.38056026 96.63465034 117.18071557 175.80718659 231.96763076 251.63444168],[0.34897882 12.47155307 0.07459225 0.13892898 0.16868832 0.17995958 0.13998675 0.15607324 0.23656338 0.2664112],__,-10.079999999999984,325.252,
20190214,528510459,1011,1550181832.4984717,117.6274095307631,63.48341475726185,330.0717826126777,[39.91784176 58.37847204 76.94553415 97.41290135 117.16150532 135.94343046 175.67164309 214.42310884 233.01547503],[0.19898517 5.49711877 0.03848648 0.16253429 0.12410876 0.15825615 0.12963128 0.11896312 0.1409976 0.12829919 0.20398885 0.20520401],__,-10.089999999999975,325.24600000000004,
20190214,528510459,1012,1550181820.0,117.26715796714532,61.519436533091294,702.9143014711832,[116.89140612 175.45805649 212.62428909 231.79139621 249.6288685],[0.41995207 17.65532444 0.08936499 0.13996452 0.16973026 0.23810848 0.26965288 0.32580887],__,-10.779999999999973,324.83200000000005,
20190214,528510459,1013,1550181805.205245,118.26168576207387,61.263014653234315,1119.549418574583,[116.06519864 174.00246144 229.71089979],[0.9256865 52.78930794 0.19651687 0.19811742 0.2814889 0.33843998],__,-12.029999999999973,324.08200000000005,
20190214,528510459,1014,1550181792.9943023,117.51290138471835,75.49773921860036,2724.446371653379,[114.37270133 223.18454322],[2.51541942 174.14329471 0.53302742 0.37362067 0.64202193],__,-12.529999999999973,323.78200000000004,
20190215,528711629,1007,1550273562.8316312,111.16305082042567,62.550023948670905,1913.7898364946523,[59.709892 118.9051437 178.45828942 216.44343652 236.10492485],[0.30339244 31.34328521 0.1742162 0.09030951 0.09057271 0.10443483 0.16535716 0.15931429],__,-8.849999999999966,325.99,
20190215,528711629,1008,1550273546.1621952,112.32740027855118,64.4432353536879,1815.0375915034595,[59.24511205 119.1179742 157.18801383 178.78206227 215.79979672 236.20472126 255.27534354],[0.22788866 22.9940105 0.1313151 0.09294656 0.085073 0.11420367 0.10191964 0.15881889 0.14937403 0.17426676],__,-8.489999999999952,326.206,
20190215,528711629,1009,1550273534.900063,115.58462929862992,62.72853070378248,1033.5194761771322,[59.58306532 78.77134895 98.57798476 118.54716098 136.33686325 157.54447985 178.06084519 235.60428939 255.19217379],[0.19182732 12.43646691 0.07973446 0.10457202 0.12051566 0.11240676 0.09373679 0.12775752 0.12723056 0.11620421 0.17883333 0.19110649],__,-7.5,326.8,
20190215,528711629,1010,1550273523.4652627,115.19213066888459,62.02772980820287,571.9586109420335,[38.36313214 59.2509463 78.3287675 97.9037846 118.44915885 138.76070175 157.43761494 177.85596231 195.89321292 235.5146594 255.31464108],[0.18658382 7.82706937 0.05543169 0.13439554 0.11474462 0.13663017 0.13174478 0.10692954 0.13803 0.13102528 0.11783186 0.16308702 0.17618139 0.19711239],__,-6.279999999999973,327.53200000000004,
20190215,528711629,1011,1550273509.2727926,117.05478539537273,61.7720889676288,511.64814359176415,[39.25816916 59.32394709 77.28187648 99.47204652 118.61093697 138.59500658 156.4028132 178.11714626 215.97380638 235.70890334 254.98855391],[0.11172472 5.28700322 0.04065748 0.11537382 0.08883821 0.10686167 0.09276542 0.07976428 0.10102391 0.10307811 0.08790317 0.1603646 0.14412671 0.17768338],__,-6.289999999999964,327.526,
20190215,528711629,1012,1550273496.0302122,116.1027838002983,61.14025563635535,838.7439417049163,[39.77717589 59.04337336 78.6990055 98.56187088 118.75433657 138.27606415 158.18203873 178.32909819 197.66256913 216.32376157 235.84742705 255.24333536],[0.15844369 9.07164635 0.06136727 0.134231 0.10908508 0.13419791 0.10977707 0.0950452 0.13164317 0.11874179 0.10219569 0.12239622 0.16096042 0.16916462 0.18123188],__,-6.92999999999995,327.14200000000005,
20190215,528711629,1013,1550273480.420813,116.47010119284938,59.85523458838141,1058.022189574645,[98.27599296 118.54662827 138.07486052 158.03597367 178.14359932 195.97762599 216.5817056 234.43531187 254.22077143],[0.16120467 12.34549543 0.07507874 0.1115328 0.08596058 0.11396116 0.10886411 0.10164198 0.11831252 0.17086549 0.18706656 0.18825146],__,-7.5499999999999545,326.77000000000004,
20190215,528711629,1014,1550273467.4769297,114.83337261510637,60.453078777552726,1532.3532405057147,[58.8067925 118.27846986 156.42020461 177.55134215 213.05796868 233.78585154 252.72247893],[0.39112652 33.10204706 0.14185231 0.12238868 0.11533485 0.15911227 0.14732382 0.19924303 0.21915467 0.27319316],__,-8.569999999999993,326.158,
20190215,528711629,1023,1550270437.062451,114.10069651282872,53.95791461469406,1200.2883849049385,[38.72048009 58.96692062 77.86982099 98.51379583 118.1842829 138.13012862 157.52008556 177.44462988 197.81333485 215.97325468 235.09976686],[0.14946028 13.53152809 0.08865634 0.09712803 0.07878818 0.0948298 0.08454925 0.07830949 0.10843545 0.09501929 0.09386158 0.10946723 0.15029888 0.15642629],__,-8.839999999999975,325.99600000000004,
20190215,528711629,1024,1550270443.6911802,115.36885322312497,55.811709399556385,749.3263631369156,[37.46947227 59.35014032 78.16798568 98.83678195 118.65532152 138.4860836 157.47550029 178.18290682 216.38949875 236.80772719 257.06776918],[0.10114921 6.99153967 0.05938858 0.09396041 0.0817519 0.08514864 0.08930106 0.07091313 0.09200461 0.0825652 0.07541599 0.12737581 0.12490547 0.13796084],__,-7.0499999999999545,327.07000000000005,
20190215,528711629,1025,1550270451.6918297,114.84707999692385,54.75920457308572,802.4765083270277,[38.98556786 59.14349576 78.01722979 98.76479266 119.03284043 139.03327342 157.25084407 178.55754923 198.43035476 217.0066635 236.96814296 257.07862413],[0.12527311 8.64142288 0.06770964 0.11163356 0.08848037 0.10093356 0.09209242 0.08034654 0.09502724 0.0953656 0.09007393 0.11251615 0.15655781 0.13480465 0.14426108],__,-7.7099999999999795,326.67400000000004,
20190215,528711629,1026,1550270464.242879,113.55488845807945,55.77180488875934,1319.1725085741944,[21.32190657 39.41064139 59.27043684 78.46936937 99.48419506 119.24944978 138.11618804 158.61255613 178.8675717 197.88311272 216.15313 237.35274359 257.34484958],[0.13200985 12.99542344 0.09398302 0.10151317 0.09012195 0.07945734 0.10043807 0.08650764 0.07586954 0.10258567 0.09210336 0.08404325 0.10169084 0.13858679 0.13707983 0.15010936],__,-8.879999999999995,325.97200000000004,
20190215,528711629,1027,1550270478.3929179,110.8783721626773,57.383586509967,1916.9207771211732,[38.32025192 59.95314689 79.12786331 100.06237327 120.13305462 138.19368799 159.07509172 180.21455383 217.40854955 238.41287448 257.54092109],[0.25134032 27.71754285 0.14664931 0.09976155 0.08916582 0.10165985 0.10928892 0.0922813 0.1137165 0.11691766 0.11011412 0.16213694 0.17465528 0.2067906],__,-9.329999999999984,325.702,
20190215,528698927,1007,1550267767.279297,110.5702231578397,60.70755937884149,1931.1812552099634,[59.80361524 120.23187878 180.29415893 237.23075337],[0.63409127 60.43664373 0.25413486 0.11665286 0.12993121 0.16714947 0.22887299],__,-9.620000000000005,325.528,
20190215,528698927,1008,1550267751.7461042,111.03278314473344,61.839742594711744,1710.9524405065847,[60.24701309 120.36385678 180.416273 237.71883607 159.13613249 138.78078163 79.95123417 98.86597886 217.29079535 197.15435075],[0.207861 21.95425491 0.10883372 0.09192997 0.09018769 0.11153029 0.18127906 0.1198662 0.12020272 0.11499871 0.1108106 0.18279321 0.13747502],__,-9.639999999999986,325.516,
20190215,528698927,1009,1550267741.7506626,113.46075428367965,59.42182732227808,982.5093872023058,[59.2465416 78.12662568 118.74335921 178.26892601 235.12638641],[0.26635079 18.04322129 0.11098663 0.10829852 0.13228158 0.09741164 0.11901961 0.18784893],__,-8.909999999999968,325.954,
20190215,528698927,1010,1550267727.8378446,116.30782613150568,65.06149178120337,747.2790916253551,[38.40215358 59.46566521 77.82301699 98.3123361 118.71996936 158.15630679 178.43972742 212.79163389 235.45218655 254.57901593],[0.20719049 9.86666395 0.06285969 0.12456731 0.10715481 0.12687112 0.13387577 0.11184344 0.13602208 0.12939072 0.23321676 0.21763947 0.25290319],__,-7.889999999999986,326.56600000000003,
20190215,528698927,1011,1550267716.3604326,118.18218799532451,63.70311445281576,440.840010972773,[37.85895242 59.47469254 76.65313307 98.47908694 118.2623845 136.84406327 156.99231245 177.51640305 214.95426639 235.79855582 254.71841994],[0.12229491 4.69171551 0.03728934 0.1177843 0.09323012 0.12570999 0.10372869 0.08525321 0.11523876 0.11168166 0.09785213 0.18330452 0.16057076 0.19118363],__,-6.789999999999964,327.22600000000006,
20190215,528698927,1012,1550267702.975742,117.5650893479884,64.6559023376478,679.3640915001622,[18.81802335 38.94508083 59.3287944 77.55112433 97.96426055 118.50503817 137.15240468 157.15179851 177.23356719 196.41422826 214.45867644 234.75084824 253.57609637],[0.13722543 7.24906369 0.05285671 0.10283652 0.11419237 0.09308523 0.12028512 0.10784416 0.09156978 0.12422414 0.11180584 0.10490116 0.12522728 0.19414942 0.19174443 0.23196437],__,-7.919999999999959,326.54800000000006,
20190215,528698927,1013,1550267691.2086492,115.46615750519963,66.6491550491947,1194.9810971054758,[58.78568981 77.40468622 97.99965959 117.4260124 137.38748912 156.63048745 176.1887887 196.27664406 211.88887046 232.70923255 252.40866767],[0.1884212 12.24733249 0.06519839 0.12328629 0.12404882 0.11648137 0.09648954 0.13245067 0.11456539 0.11035512 0.12848909 0.17774739 0.18464165 0.21546381],__,-8.479999999999961,326.21200000000005,
20190215,528698927,1014,1550267678.8264968,110.51962363211574,67.54308339312725,2003.1579088986807,[58.9128068 97.71060456 118.21780449 136.05455488 157.56316 177.44047905 196.4598187 215.23562583 230.54233683 250.61235019],[0.28557586 26.57250433 0.10794597 0.09871595 0.11206895 0.1041448 0.13794411 0.13494374 0.134763 0.15013226 0.19622902 0.20815138 0.25116197],__,-9.409999999999968,325.65400000000005,
20190215,528698927,1022,1550265032.9180806,112.36305133331805,55.01919960371292,1756.4737580433264,[59.70585711 78.3351574 98.72543404 118.90228118 137.56240763 158.14613329 178.22825237 197.15780071 217.06795721 234.49517394 253.6531867],[0.23205421 25.63402375 0.13894135 0.09171015 0.10174327 0.09715159 0.08470414 0.11110909 0.10656477 0.10022692 0.12817883 0.14988721 0.1616072 0.20063208],__,-9.699999999999989,325.48,
20190215,528698927,1023,1550265040.382296,114.9815258982184,54.869928033414524,1000.9911733239567,[38.59977375 59.32664686 78.51100501 98.73693742 118.62033755 137.22785453 157.30810189 178.03984166 197.38999779 215.21783327 236.23851404 254.52848899],[0.18113966 13.93543933 0.08783346 0.09806525 0.09448906 0.10230377 0.09911488 0.09235396 0.12393891 0.10648662 0.10358813 0.13458364 0.1735284 0.16267324 0.21366029],__,-8.17999999999995,326.39200000000005,
20190215,528698927,1024,1550265046.326273,114.68671029832281,55.351667931950054,794.8775321662431,[38.48142742 59.3371997 78.35656401 98.82660648 119.08292373 139.05426859 158.54876566 178.61230855 198.35850906 217.16043118 237.68164591 257.0773787],[0.1466868 8.64576644 0.06300871 0.13459518 0.09443747 0.10600774 0.10239844 0.09273678 0.10970477 0.10586818 0.09785982 0.12160659 0.1542369 0.16272792 0.18167526],__,-7.569999999999993,326.75800000000004,
20190215,528698927,1025,1550265051.923145,113.11171761528009,56.00914068611695,1385.2508582948321,[59.44823739 78.47367353 99.25503389 119.68148581 139.20478758 158.99698751 179.50668842 197.46356284 216.75527368 237.9762269 257.52149428],[0.16186637 15.3357256 0.09943119 0.08881287 0.10023278 0.09877774 0.08195081 0.10499208 0.09447974 0.08954029 0.1262581 0.14686088 0.146902 0.15812701],__,-8.789999999999964,326.026,
20190215,528698927,1026,1550265065.453507,109.89817180212265,56.11950681549732,2064.932793909646,[39.65628782 60.35668984 99.81056462 120.5175822 140.15166 160.36872895 180.86599961 200.47231695 219.24920262 238.66350494 258.09298362],[0.29904354 32.83557916 0.15549666 0.1127444 0.09370692 0.11561087 0.10400892 0.12867726 0.12220428 0.1287753 0.1535438 0.1779948 0.20728991 0.27062211],__,-10.039999999999964,325.276,
20190219,529409728,1020,1550610910.7345736,116.90263731079273,54.645683381657754,1960.6010929566437,[13.81531113 25.12475167 38.8875636 58.73744737 77.98820437 98.22495632 117.432536 136.9734583 156.70581842 176.2982719 195.78997662 213.07528433 232.0242848],[0.28587683 31.87645762 0.16327977 1. 0.09068007 0.07860598 0.08174937 0.10793295 0.0990182 0.10492766 0.13167303 0.12958138 0.13646125 0.15688506 0.18046059 0.22254597],__,-8.370000000000005,326.278,
20190219,529409728,1021,1550610926.1353552,115.05933471663653,54.501411579652306,1484.5177697865279,[19.63091053 38.51325776 58.4392579 77.40397729 97.50259278 117.00329702 137.15258783 155.1060673 175.66786965 195.52955532 214.81978446 234.08986926],[0.15923017 16.89778196 0.10126744 1. 0.08085288 0.07608106 0.09803736 0.08232421 0.07843038 0.09657471 0.09254949 0.08954174 0.10193478 0.14540764 0.14850804],__,-7.899999999999977,326.56,
20190219,529409728,1022,1550610937.1678772,116.5458327961081,54.89051588135898,1096.9496642680804,[19.4347639 37.55523622 58.75863144 77.85595202 98.24773015 117.59214753 137.41585487 156.46482593 176.4192432 196.17664078 214.58387191 234.68325109],[0.14615782 12.29021308 0.0824861 0.09464764 0.09354789 0.07745501 0.09056123 0.08626326 0.08159204 0.09910361 0.09327153 0.08946481 0.11028686 0.15016749 0.14797988],__,-6.189999999999998,327.586,
20190219,529409728,1023,1550610944.856022,116.12895359343976,54.57062081822567,1104.3098820351286,[38.99001298 58.94131499 78.5760204 98.65899295 118.00344538 138.1188678 157.01325631 177.09922157 197.05932234 215.76601675 234.15998613 253.30101853],[0.13244979 11.0282925 0.07671439 0.08337642 0.07218922 0.08211897 0.08131831 0.07506064 0.09176775 0.09019291 0.08813838 0.10467795 0.15121816 0.16818826 0.1923655],__,-6.189999999999998,327.586,
20190219,529409728,1024,1550610951.4918563,116.51804859005121,54.09360042623005,1535.981800515223,[19.01061732 38.6519585 59.06528955 77.87266124 98.15123803 118.21759067 137.99388018 157.25275242 177.33637072 196.24264405 212.35395269 234.82824205 253.14115529],[0.19732765 21.33701829 0.1219309 0.10376433 0.0872599 0.08209765 0.11843718 0.08677345 0.08519349 0.09010755 0.09741287 0.09328745 0.10896198 0.12530381 0.15291459 0.15753076],__,-7.919999999999959,326.54800000000006,
20190219,529416700,1021,1550614687.799907,108.04870831496896,60.939886218828626,2481.6863979408768,[57.92193118 117.04051189 175.66382045 231.91350224 78.0049502 96.59892434],[0.505867 65.7824112 0.30442772 0.09290399 0.10309674 0.13329895 0.18853092 0.10961565 0.11266767],__,-8.599999999999966,326.14000000000004,
20190219,529416700,1022,1550614671.9093153,115.32525867674244,55.523485223000236,1177.3740989364455,[58.81910917 77.09945224 98.30641549 117.23651954 137.16169267 156.11027243 175.66958948 233.02933045 252.39638437],[0.1992499 18.12584757 0.11185422 0.09257023 0.0973374 0.09814848 0.08529567 0.1075523 0.11513934 0.09931551 0.1600521 0.17373687],__,-7.6299999999999955,326.72200000000004,
20190219,529416700,1023,1550614666.2139783,116.33813601705361,56.23838427505904,607.2646790286617,[38.26463493 58.2880652 77.87245346 97.3754866 116.69153349 136.33369082 154.54372093 174.947805 194.53368231 233.41553306 252.67489926],[0.2285739 9.45547136 0.06795843 0.13969197 0.12071933 0.14463409 0.13371842 0.118267 0.13835855 0.14748081 0.12319348 0.17127615 0.17945958 0.20072663],__,-5.849999999999966,327.79,
20190219,529416700,1024,1550614658.503937,116.4495532201135,56.55296343553362,970.8608371048034,[37.95019466 57.89843958 76.06926339 96.24544059 116.28172581 135.72161833 155.13245056 174.44394203 194.02505966 212.20933706 231.44695016 248.13323528],[0.25656385 16.52299797 0.08548584 0.13206157 0.11130029 0.1371742 0.1304396 0.10893919 0.14709008 0.143408 0.12927883 0.16178803 0.2120372 0.21057738 0.24243295],__,-6.46999999999997,327.418,
20190219,529416700,1025,1550614649.2902114,113.65232170417725,59.98993789243524,2309.5040743869235,[57.86819419 116.12175903 154.1699355 174.26878533 211.83444416 230.62454601],[0.5009895 57.88794148 0.23164251 0.12092628 0.11414326 0.14670173 0.15031641 0.19180702 0.20975953],__,-8.149999999999977,326.41,
20190221,529754214,1009,1550781360.0,117.1246859821665,63.16898317866944,1197.0717205062865,[56.98201621 75.71618736 95.05724745 113.11482362 130.81752206 150.8027795 169.67703955 201.71125266 222.0133877],[0.49830488 25.08165633 0.13789144 0.14916624 0.17034477 0.18379046 0.19211413 0.23606029 0.25078352 0.27703268 0.34487031 0.39167635],__,-6.46999999999997,327.418,
20190221,529754214,1010,1550781346.7704425,116.80682262641336,66.55693306036257,1406.60309505741,[112.81679427 150.95420906 169.42749212 203.93548316 222.23579769],[0.43699581 30.98830223 0.12888999 0.1428995 0.18965878 0.19669081 0.23725769 0.26054891],__,-6.159999999999968,327.60400000000004,
20190221,529754214,1011,1550781331.5739982,115.51644613232565,65.86417443420446,1122.6146473601025,[75.20079116 95.32820682 114.34017757 132.80335405 152.41517636 172.30088381 208.92478885 226.88101322],[0.16251742 11.94447249 0.07382216 0.09860897 0.09997526 0.08378015 0.11404964 0.10124034 0.10394247 0.16056987 0.14804459],__,-5.810000000000002,327.814,
20190221,529754214,1012,1550781316.6564536,116.14604465945763,65.46752121745708,485.8708945190749,[58.70798151 77.45809525 96.44323696 116.44774293 133.82800498 154.21923246 174.03952468 209.50699528 229.74787417 249.09163969],[0.27700998 8.3708359 0.05658422 0.17429578 0.15059062 0.14741104 0.14093302 0.19767435 0.15416494 0.14594552 0.23536212 0.22462026 0.24898093],__,-5.349999999999966,328.09000000000003,
20190221,529754214,1013,1550781302.9622304,118.39608120156119,67.04517508943175,260.36870564876256,[56.89248736 20.55188595 75.64673417 95.03235441 114.11456566 132.39094975 151.93837574 171.51666308 208.34902823 227.79699111 246.79713781 264.83663472],[0.17927971 3.88597549 0.02934753 0.14510633 0.150602 0.13338473 0.13369711 0.12020481 0.15252123 0.14026516 0.13593649 0.23999592 0.24356874 0.24728903 0.28129175],__,-4.819999999999993,328.408,
20190221,529754214,1014,1550781289.7365599,117.69353545793622,65.63848762367364,277.8064843981698,[57.02187715 75.8537227 96.19810877 114.64801353 132.59317391 152.38447991 171.9108497 209.92200436 190.12785632 228.57930202],[0.17337502 4.01661188 0.03059237 0.133876 0.14674591 0.12959564 0.10792181 0.14139716 0.13185935 0.13706429 0.28403407 0.1678307 0.24866262],__,-4.829999999999984,328.40200000000004,
20190221,529754214,1015,1550781276.6575217,116.28289130506838,66.81806051432737,768.109130741962,[57.10550718 114.52563005 132.14621474 152.66448233 171.98658972 189.89277593 206.60072756 225.42836645],[0.42831009 16.01254562 0.06780691 0.16337527 0.14975411 0.23518328 0.18943137 0.18435738 0.21906492 0.2648905 0.26751969],__,-5.3799999999999955,328.072,
20190221,529754214,1016,1550781262.2865407,113.71157554781395,66.5940492576567,973.5503003897326,[117.18644427 173.87217241 229.21615825],[0.79428587 35.91880729 0.15976412 0.19766412 0.27874115 0.39260786],__,-5.8700000000000045,327.778,
20190221,529754214,1017,1550781246.0304034,115.56076156897777,63.802307255381535,1119.7594592957219,[58.26492985 115.90934938 153.53342159 173.52851887 209.5967908 229.03378056],[0.59026916 33.36212952 0.1332528 0.15322068 0.15377769 0.19374791 0.21137758 0.26491221 0.27850549],__,-6.259999999999991,327.54400000000004,
20190221,529754214,1018,1550781233.9071,112.97516994577687,63.97949034612647,1604.4814154773255,[116.91357232 227.77829816],[1.32871266 85.49901325 0.33048928 0.2048181 0.4071076],__,-6.6200000000000045,327.32800000000003,
20190221,529754214,1019,1550777698.7094731,113.7017328110017,58.82786204571508,1285.3389747154313,[40.87318372 62.0835551 82.51169392 102.47394493 123.9912085 142.7486958 165.31306927 186.05482199 204.80695601 224.96600342 246.58137381 266.11194106],[0.18093669 14.32229118 0.09032919 0.11664536 0.09160747 0.09207155 0.10958841 0.09329241 0.11419992 0.09804824 0.10021284 0.13239756 0.17896196 0.15833796 0.19977567],__,-6.0499999999999545,327.67,
20190221,529754214,1020,1550777713.1677284,115.04069488713351,60.22911994011571,1073.1413156573378,[40.37893338 61.95175158 82.33463226 102.98833344 123.63558009 143.78024147 164.79944628 185.54849713 204.94164064 246.45730926],[0.20693934 14.1009353 0.0819794 0.11551792 0.10186413 0.09994167 0.11128738 0.10146703 0.13060547 0.10929508 0.11196872 0.15515021 0.17482583],__,-5.6200000000000045,327.928,
20190221,529754214,1021,1550777727.0032156,114.75191606278521,61.360648030918725,941.8411808435886,[61.94883039 81.13113596 102.40984726 123.22357189 142.78835839 164.13392949 184.87805385 204.51937531 224.18071336 245.26535054],[0.15895946 10.20413577 0.06562395 0.11365223 0.10181829 0.11168113 0.09231319 0.12612238 0.10534931 0.09936001 0.1363942 0.19326736 0.16018718],__,-4.67999999999995,328.492,
20190221,529754214,1022,1550777737.9123268,112.23415542982748,62.96122356788687,1385.5813903864866,[81.54143015 103.21530599 123.49007061 143.69342946 164.43613714 185.05225875 203.75841959 245.29031838],[0.20614158 18.55446586 0.10379793 0.10290283 0.11396138 0.092682 0.13156104 0.1154867 0.12272661 0.14474932 0.16731137],__,-5.639999999999986,327.916,
20190221,529754214,1023,1550777742.8843768,110.01348991332073,66.27488618818512,2587.0150341593985,[40.31755733 62.09680409 80.59458077 101.37623487 123.17526247 163.71340342 185.03903859 203.95526598 245.636705],[0.28572079 35.36113805 0.15651899 0.10461933 0.10552296 0.09201094 0.10369626 0.09107665 0.11095402 0.11353743 0.13464292 0.16898352],__,-6.829999999999984,327.202,
20190221,529788403,1300,1550791648.0,111.84937004443789,103.91116099990421,5326.458659562858,[67.21468112 100.75399622 145.24018329 161.18990598 178.47894398 190.10923211],[0.64899979 81.24080882 0.17929665 0.16802575 0.18421292 0.2727161 0.29235187 0.31390933 0.32026712],__,-13.649999999999977,323.11,
20190221,529788403,1302,1550791638.031737,115.54391447992846,59.57491234726048,380.79015405260424,[112.14409548 150.7679061 167.55773781 185.92840667 207.73526328 223.16325826 241.65780346 260.12986243],[0.2190486 7.00620956 0.05049343 0.11829329 0.1399113 0.17277304 0.13915537 0.27417287 0.20395395 0.22760358 0.23190731],__,-9.889999999999986,325.36600000000004,
20190221,529775831,1301,1550790750.5665214,112.78430703834718,48.77552523937537,928.0446730098012,[123.02234019 163.35762639 184.45093874 205.0224595 222.69405499 243.08469978],[0.44335652 26.27371809 0.15568243 0.15581501 0.20098947 0.20280205 0.22701524 0.26723099 0.34097704],__,-12.659999999999968,323.704,
20190221,529775831,1302,1550790749.9682505,115.602709660773,52.89735631117214,461.1264547555082,[82.82826302 100.39299453 122.01014517 142.17166004 162.07654275 182.91530372 200.64238736 221.72743298 242.37016042],[0.20403776 7.34861232 0.06047384 0.1348669 0.12834989 0.11848794 0.14334929 0.13829829 0.13615324 0.17927147 0.22865801 0.28081238],__,-10.579999999999984,324.952,
20190222,529970458,1009,1550878477.290818,113.3680571153804,61.39911051178081,-914.4346043788622,[117.49131242],[0.92037151 40.05647795 0.23143338 0.26751657],__,-6.149999999999977,327.61,
20190222,529970458,1010,1550878466.3678286,117.29997581725766,55.79208098733611,514.8407068480589,[115.0895846 154.60967257 173.21721159 229.84939947],[0.23634729 8.11668055 0.06875527 0.12740216 0.15028699 0.14334284 0.26567105],__,-5.739999999999952,327.85600000000005,
20190222,529970458,1011,1550878455.6643758,118.81708081132122,60.32788612696514,699.3439869090739,[112.64571004 149.68605137 169.77185734 220.33473557],[0.49963755 16.74458303 0.09816951 0.18689226 0.24072206 0.25203396 0.35166082],__,-5.239999999999952,328.15600000000006,
20190222,529970458,1012,1550878439.7816107,115.49702700480823,77.61133525643424,2105.3617028423923,[110.43036808 145.87044992 165.26009776 218.13232833],[0.58735336 44.62235306 0.16760208 0.20991205 0.27023746 0.30367387 0.38757982],__,-5.25,328.15000000000003,
20190222,529970458,1013,1550878418.92325,113.93193624291594,61.85108320716452,977.7531232970299,[118.20581205 135.91082013 156.29718866 176.86524073 213.25084665 232.96380889],[0.33497434 18.6128139 0.0975825 0.12631326 0.15482347 0.15564662 0.14005675 0.21761378 0.20975848],__,-5.259999999999991,328.144,
20190222,529970458,1014,1550878404.5459414,115.61975846476673,63.42898992485423,481.75984068236204,[57.60056117 76.3573446 97.40900846 116.29762535 135.78590077 155.88577553 174.6253637 211.55429213 231.43803935],[0.19065751 7.00257724 0.04743969 0.15330558 0.1350698 0.13388295 0.10733929 0.13736518 0.14309129 0.13052398 0.225162 0.21168272],__,-4.699999999999989,328.48,
20190222,529970458,1015,1550878391.239119,117.55508804063015,65.38039772239271,194.53944255963196,[58.14214236 75.70043323 96.60070162 115.00775368 134.23188083 153.09792841 172.33523747 230.55695134 249.54764645],[0.15804503 2.78970092 0.0216381 0.13862806 0.12879999 0.15026607 0.11500738 0.13996214 0.13907457 0.13292439 0.20594684 0.23697983],__,-3.659999999999968,329.10400000000004,
20190222,529970458,1016,1550878376.825928,116.58000664538496,66.646429358545,287.68791726731206,[57.44764036 77.26071283 95.3792473 115.79031835 134.3733426 154.45140454 174.55298116 190.79293061 209.84144127 230.08559343 249.01948114],[0.15675065 3.75099564 0.02765127 0.12727233 0.13606237 0.14685692 0.10785649 0.15987535 0.1438083 0.13644019 0.17512932 0.23902406 0.21212078 0.25228241],__,-4.149999999999977,328.81,
20190222,529970458,1017,1550878362.0162122,115.84330507347644,69.1892077618255,710.5633106763364,[57.57335555 76.62521533 95.89181379 115.85258446 154.32296521 173.78294909 191.43104397 211.37435202 230.4247032],[0.2810185 9.97250705 0.04953532 0.1258935 0.14798122 0.17038911 0.13385781 0.15892767 0.15916109 0.18176856 0.24587265 0.2478266],__,-4.7099999999999795,328.47400000000005,
20190222,529970458,1018,1550878348.5681634,114.17399855930104,67.01212879968568,1018.1668407423307,[117.83774976 232.23370516],[1.05061011 52.20033926 0.21509047 0.18075458 0.36493243],__,-5.289999999999964,328.12600000000003,
20190222,529970458,1019,1550878333.7160995,114.9355895311475,71.64284468012914,1774.6739123232287,[58.32268384 77.5435497 97.12870908 116.75918444 155.11544058 174.65550164 229.11705376 134.12312598],[0.59591638 36.88380624 0.14958414 0.14296974 0.17239987 0.20204144 0.20856467 0.27184511 0.29828362 0.4078557 0.26529092],__,-5.810000000000002,327.814,
20190222,529970458,1020,1550878318.9864917,113.39742004423375,65.46636544615444,1460.7227589698334,[56.98676431 77.27819711 98.51930096 118.23840625 135.0795181 157.85460163 177.46528504 235.24664349],[0.3461606 25.95844036 0.11547403 0.1180495 0.13363786 0.13098054 0.11322007 0.16081076 0.14919531 0.14391101 0.21803943],__,-6.21999999999997,327.56800000000004,
20190222,529970458,1021,1550874490.8718178,111.55398219546015,56.7720678197811,1720.526446861664,[61.38642273 125.12863516 166.82148719 187.8544901 206.76162313 246.79303519],[0.37092441 38.28061031 0.16135365 0.10905734 0.11226587 0.14069676 0.14049324 0.18235677 0.20994833],__,-7.169999999999959,326.99800000000005,
20190222,529970458,1022,1550874500.5346909,113.62950647582628,58.61828817431279,1288.1612187718952,[62.66132434 82.54325344 102.57773736 125.29295646 144.87165913 166.96403148 187.9704836 207.36692815 248.08298901],[0.19896972 16.23714617 0.09731605 0.09927753 0.10465901 0.11668343 0.09163159 0.12908347 0.10701541 0.10204945 0.14085989 0.15793223],__,-5.909999999999968,327.754,
20190222,529970458,1023,1550874507.1547475,116.42777870589116,58.90573027317733,782.2904412055285,[60.1471952 83.21550212 103.6158337 124.68176056 144.72505245 166.07211884 187.07349893 206.33993378 225.90802936 247.84382392],[0.39973465 16.38458269 0.07735115 0.17866875 0.15766739 0.17146496 0.15282802 0.20011746 0.18683811 0.17982676 0.22276383 0.28649107 0.28270993],__,-4.289999999999964,328.72600000000006,
20190222,529970458,1024,1550874513.1263373,114.90759809155301,60.07307603296709,1214.780166199089,[82.16521019 102.16862557 124.5508165 144.98876743 165.24316787 187.85692562 205.51573162 227.87207088 249.48543229],[0.10591343 10.15532827 0.07287231 0.08922243 0.08769392 0.0707566 0.09526698 0.08864803 0.08342982 0.10413542 0.14727692 0.12861609],__,-5.349999999999966,328.09000000000003,
20190222,529970458,1025,1550874520.7316215,112.60395468933419,60.45347309574025,2177.3026209829636,[60.69023648 82.21074613 102.51809742 124.2597358 141.82490412 163.84283881 185.61465396 204.19231873 247.12453794],[0.17451296 21.42758856 0.12769458 0.09869706 0.09310112 0.10062648 0.07711587 0.10964974 0.10709014 0.10241299 0.1087356 0.14440355],__,-6.849999999999966,327.19000000000005,
20190223,530144820,1020,1550964968.1473184,113.06762677482229,61.079796192100446,1983.6261563157677,[58.48386748 77.84524565 117.24608073 175.74674409 231.19765263],[0.29170615 32.02820055 0.16969911 0.09386047 0.09274895 0.09299261 0.11360921 0.16614514],__,-5.1200000000000045,328.228,
20190223,530144820,1021,1550964955.08662,114.91331380817853,60.93788254215923,1372.3923800739203,[57.91912128 117.04411832 136.47601546 156.14782669 175.5788387 212.28848888 232.68502328 251.81797676],[0.1892314 16.77340713 0.10215756 0.10137407 0.08499281 0.11465198 0.09666118 0.09141768 0.1479868 0.14280412 0.15590913],__,-4.089999999999975,328.846,
20190223,530144820,1022,1550964944.7481775,116.54946680785545,63.19839694925622,873.7778294287515,[39.02839257 58.48442617 76.18603798 97.71388222 117.2828068 135.97697335 154.49534495 176.01436541 194.30421455 213.0100179 233.53536754 253.33728175],[0.15330324 8.52231488 0.05849574 0.12664821 0.1034242 0.12929833 0.11217349 0.09193433 0.12351443 0.12242262 0.10173406 0.13910381 0.19207073 0.17002021 0.18109708],__,-3.0,329.5,
20190223,530144820,1023,1550964938.6464589,117.2756320211398,61.264075236749484,552.6796519776121,[36.5043203 58.55240429 76.28578138 96.64735742 117.0772968 136.5228409 155.33070281 175.09259529 213.73255997 232.8870537 251.75279543],[0.14054311 6.5102003 0.05028021 0.1141741 0.09205879 0.11441354 0.11267869 0.0889838 0.11224354 0.11861342 0.10364629 0.1729522 0.15634345 0.17806434],__,-2.4499999999999886,329.83000000000004,
20190223,530144820,1024,1550961900.3714304,117.22379976925365,51.79168167316238,786.8415119170006,[20.07234844 38.06347269 58.84784668 78.19308338 97.90692898 117.9873141 137.78951296 155.89946793 176.98300422 196.18232201 214.88524706 235.79525653 255.2461178],[0.14346168 9.92481513 0.07917987 0.11579207 0.10455389 0.08847545 0.10611922 0.10432114 0.08667975 0.09769312 0.10060428 0.09045384 0.11781627 0.13436076 0.1404637 0.15516537],__,-3.3100000000000023,329.314,
20190223,530144820,1025,1550961907.3235435,115.02427609299369,53.04455885998386,1550.2697762500486,[58.81470664 98.77128448 117.90934226 137.68676446 156.85563467 177.23916482 194.61371249 215.21183027 234.72602712 254.14792809],[0.17565957 19.83405469 0.12663951 0.08041425 0.0846391 0.07890708 0.10358412 0.10090322 0.09312868 0.11599671 0.12697086 0.13897413 0.15505537],__,-4.859999999999957,328.384,
20190224,530294995,1001,1551042832.0,112.89051684319885,63.80955978877906,929.7202141613968,[59.42701898 78.77032274 98.40431978 119.42771434 138.12550465 159.00467208 178.90622062 195.85257171 217.43432142 233.73550725],[0.17270896 10.2568024 0.06224291 0.11370214 0.11122461 0.12462001 0.09591184 0.12872109 0.11458773 0.13447559 0.1364642 0.20276567 0.1917986],__,-3.4799999999999613,329.21200000000005,
20190225,530342801,1012,1551062605.972763,113.52137686300378,58.42417493269579,1955.8684742456894,[124.41750391 62.34813051 165.72672136 186.92396571 205.64460585 247.6209157],[0.29934296 32.65917751 0.1813416 0.09356598 0.10140153 0.11977396 0.11451547 0.13516539 0.1678685],__,-3.3899999999999864,329.266,
20190225,530342801,1013,1551062618.7061906,114.31638897834276,58.62637745690281,1612.8803842630666,[62.33155826 81.94232916 103.72492009 124.55211174 144.68456084 165.80259805 186.91071319 205.82199081 247.06090263],[0.28095115 25.60206371 0.15964164 0.09911269 0.0954213 0.1093674 0.10004076 0.12900913 0.1122462 0.11181752 0.14951032 0.1614277],__,-3.009999999999991,329.494,
20190225,530342801,1014,1551062634.1706884,114.14498003184958,59.208843582075055,1269.4111000124683,[17.76746176 41.62490677 61.82619997 83.24730586 103.81842589 124.53575832 145.22465007 165.70479442 186.76903616 206.70635125 225.12115835 247.67585105],[0.2037852 15.88999882 0.09040998 0.12331266 0.1196612 0.09485679 0.12928985 0.10598654 0.09703883 0.10810941 0.10332819 0.10615072 0.15316528 0.18426031 0.16898891],__,-2.169999999999959,329.99800000000005,
20190225,530342801,1015,1551062648.175297,116.03011310044154,57.76810045036204,763.7110585828441,[17.60001647 40.98783685 61.86982759 82.80791069 103.38434624 124.29059675 145.00847538 165.75409341 187.11082376 205.44803155 226.79568517 247.60534236],[0.18025735 9.95076344 0.06158436 0.12966011 0.1237777 0.10195978 0.10981218 0.12570854 0.10004361 0.1194723 0.11306577 0.1190838 0.14926004 0.22018988 0.19708049],__,-1.7299999999999613,330.26200000000006,
20190225,530342801,1016,1551062665.3593657,116.48632177584273,56.91133649692223,614.7084222062587,[61.74247657 82.46403579 103.20710989 124.30976505 145.41260597 165.837825 187.03058948 205.10269375 225.58874674 247.84680939],[0.18529893 8.10259523 0.05487458 0.11583489 0.10652566 0.12434109 0.10256494 0.12618003 0.12041245 0.12937672 0.15752135 0.26498377 0.23862077],__,-1.3100000000000023,330.514,
20190225,530342801,1017,1551062681.3099508,115.29017263364351,56.87870475888752,570.7565941516881,[17.5532458 40.64571281 61.21608251 82.54412862 102.40837507 124.16950167 145.59008779 164.54542219 186.11405687 206.48697882 226.4230834 247.88510798],[0.13144932 6.77694575 0.05637434 0.10466466 0.11075995 0.10974634 0.1038699 0.11583046 0.09312755 0.11525827 0.10079071 0.09833689 0.12624521 0.16746832 0.14771194],__,-0.9099999999999682,330.754,
20190225,530342801,1018,1551066104.6147866,116.65883972377685,60.658050807680226,290.4297778898003,[20.30384464 38.77212514 57.59741021 76.766659 95.64095485 115.33111974 133.47586033 153.60898942 172.92782724 191.98625296 229.50338327 248.42395056 209.83097704],[0.11150074 3.38301299 0.02915239 0.10756871 0.12184544 0.09843612 0.09897411 0.11111581 0.09263753 0.12647202 0.10320948 0.09864409 0.1351611 0.15968932 0.18666787 0.17865896],__,-0.9499999999999886,330.73,
20190225,530342801,1019,1551066089.2258787,117.30321387391419,57.902971238867465,389.1787840493136,[19.40763495 38.08333379 57.66072938 76.34457112 96.11544984 115.50837888 134.66281563 153.9283808 173.31180396 191.049457 212.21794493 230.48705914 250.3013592 268.92529453],[0.10752186 4.07538494 0.03563683 1. 0.10770816 0.09622294 0.09048243 0.10233705 0.08316226 0.0991134 0.09093473 0.09497079 0.12407883 0.14958836 0.13074625 0.1679877 0.16117242],__,-1.339999999999975,330.49600000000004,
20190225,530342801,1020,1551066073.8940663,116.76459973895717,59.168891889608474,575.1607293125393,[39.63280836 57.34686085 76.44345321 95.99190646 115.43159533 133.95228654 153.64907635 173.18714951 192.41628663 210.05363578 229.00887136 245.86087065 265.32198099],[0.12973479 6.05041918 0.04823076 0.10539095 0.10425501 0.10769766 0.11815112 0.09032767 0.11262894 0.10075975 0.10110752 0.1282699 0.16730966 0.16564556 0.19704251 0.21334675],__,-1.7299999999999613,330.26200000000006,
20190225,530342801,1021,1551066059.4298844,114.00552206984878,58.93404326232286,944.831968385396,[36.75234144 58.18322815 75.94960071 95.93505861 115.88669394 135.78531083 153.99217334 174.13141837 193.34676842 211.70752153 229.41313267 248.40986645],[0.13195089 9.42744449 0.0644796 0.10860898 0.09252306 0.09055371 0.10596128 0.0814924 0.1099458 0.09696264 0.09442415 0.10618529 0.14767887 0.15055728 0.1744824],__,-2.1200000000000045,330.028,
20190225,530342801,1022,1551066047.2900722,110.63948233169162,57.82185338197471,1293.6731835575388,[37.69792046 58.18537691 75.27969345 97.61839611 116.16089477 134.14222782 154.06098984 174.05898148 209.9413586 228.01260285],[0.22177081 19.50156967 0.10420729 0.1075705 0.10124121 0.1211572 0.1059157 0.08948655 0.12279794 0.10754002 0.11348893 0.15782743 0.16748823],__,-2.8799999999999955,329.572,
20190225,530489496,1006,1551134486.9354134,108.44194654951698,62.818779346462684,2243.2829295184974,[58.56947977 118.36192371 176.16697469 228.59163618],[0.50159936 48.21431288 0.2274182 0.10929823 0.14397041 0.19112988 0.27630397],__,-2.099999999999966,330.04,
20190225,530489496,1007,1551134471.927358,110.36869006311997,56.748147842051516,1459.5939529722696,[62.59895711 76.00484608 92.18408538 116.45788525 133.10468269 155.65638439 176.37087517 210.132885 231.51493633],[0.24064433 23.18700416 0.12799531 0.08065848 0.10885402 0.10482224 0.09660433 0.11517737 0.13441174 0.12698453 0.17366354 0.20379631],__,-2.109999999999957,330.03400000000005,
20190225,530489496,1009,1551134442.39314,115.74721101737849,56.01152724496459,905.043125854249,[67.70721265 97.18252117 75.18802211 117.01953107 134.02824335 154.70388581 175.23060711 208.04564616 231.26659263],[0.40213562 23.27412958 0.12056057 0.13579451 0.13443559 0.15171008 0.12524276 0.18251215 0.15019303 0.15696166 0.19651113 0.21793908],__,-1.8599999999999568,330.184,
20190225,530489496,1010,1551134428.6823163,117.4720690449116,54.52830631339943,670.8069533142927,[75.38947036 94.93222357 115.28196171 152.00297194 172.58726996 207.80031107 229.40440281],[0.22295141 9.81470513 0.07447817 0.12700797 0.13072168 0.11050425 0.1426222 0.13973504 0.17067083 0.23475509],__,-1.509999999999991,330.394,
20190225,530489496,1011,1551134415.0,119.157386973999,62.77891238425559,966.6522352136567,[91.42958421 112.84323969 131.37631221 150.09679846 169.67748137 205.92914198 223.96034582],[0.23450106 13.72459656 0.08202222 0.13606261 0.10393255 0.13121215 0.13015073 0.12955988 0.19242015 0.20285418],__,-1.089999999999975,330.646,
20190225,530489496,1012,1551134398.1575851,115.48860772622868,67.08353743645593,1414.6310573034052,[37.04513224 57.19170448 75.22780247 93.97203502 113.59155635 132.27116446 151.32150616 170.38821131 207.44417764 226.18782581],[0.21768597 16.26965794 0.07984382 0.10339203 0.11580731 0.1052608 0.09619703 0.09451467 0.11588545 0.11811862 0.1180201 0.18202796 0.18426172],__,-1.099999999999966,330.64000000000004,
20190225,530489496,1013,1551134379.199445,116.00354495274819,62.0090530906314,869.9550079649464,[58.50817021 76.84241718 95.7196323 115.92417402 132.98335158 153.87609168 173.96611032 209.5680533 231.7692539 250.30133976 191.81834299],[0.21326024 11.3484901 0.07147242 0.12733359 0.11683115 0.12232785 0.10688496 0.1239102 0.11930205 0.11774449 0.18762555 0.17004492 0.20657568 0.15449513],__,-0.6299999999999955,330.922,
20190225,530489496,1014,1551134363.5888636,117.76848402562982,61.12917581426564,366.78354882446115,[36.95151563 57.8827442 76.86767704 96.00645437 115.43317287 131.16232358 153.97275256 174.36341598 193.0743986 215.02585775 230.94397516 250.53595746],[0.08357337 3.79418242 0.03217531 0.09036169 0.09689921 0.08378868 0.07573232 0.06918516 0.08637332 0.0824348 0.07997094 0.09822038 0.14706007 0.13054224 0.16043501],__,-0.16999999999995907,331.19800000000004,
20190225,530489496,1015,1551134350.8728652,117.45962501581475,64.1209752234692,318.986149771147,[56.46861646 75.62679575 94.81783894 114.54587909 134.07510259 153.00506555 172.61103649 191.01111942 208.80155642 229.37637897 247.7238833],[0.12296413 3.71468735 0.02883169 0.12027862 0.10750157 0.1003128 0.09065987 0.11503242 0.10693192 0.11002699 0.13303501 0.215937 0.18216935 0.22398427],__,0.2300000000000182,331.43800000000005,
20190225,530489496,1016,1551134334.4537847,118.52095195524049,62.159484448838185,497.81739062243753,[17.78732533 37.18003249 57.08964249 76.12702335 95.66559453 114.79133967 134.06529581 153.11136405 173.29567405 190.41514736 211.50302951 228.79301049 247.72509559],[0.11645582 4.85376402 0.03733892 0.11706212 0.11663174 0.10767555 0.10399676 0.1035957 0.09032479 0.10921351 0.10135919 0.09737622 0.11661847 0.16765561 0.15056554 0.18565981],__,-0.15999999999996817,331.204,
20190225,530489496,1017,1551134321.6723256,115.8089517658065,63.013406033963435,898.0073769940644,[56.42006891 75.86507558 95.53713164 114.59389787 131.60381712 152.96891097 172.36821295 188.27899663 210.7278854 229.41998632 249.25356834],[0.15211377 9.40425832 0.0653812 0.09754206 0.1065871 0.0984972 0.09183558 0.11168406 0.09640845 0.09557314 0.14208368 0.14182005 0.14286381 0.17389317],__,-1.1299999999999955,330.622,
20190225,530489496,1018,1551134308.0249743,114.74158655042031,61.437624332760215,1436.3498588789312,[57.14763991 114.59238482 132.61623156 152.02562276 172.0317356 208.04663874 228.50831566],[0.20944282 18.05315475 0.10873064 0.10051183 0.08612087 0.1165873 0.1133125 0.10704058 0.15007337 0.16364396],__,-1.579999999999984,330.35200000000003,
20190225,530489496,1019,1551134293.2572138,112.56310114179843,62.1698525621121,2028.1550159701314,[56.68187387 75.85497562 114.40972172 152.67691984 172.19131399 190.0644746 229.09577809 98.26624448],[0.16532147 23.17564977 0.12644792 0.08528484 0.08290891 0.07325686 0.09113288 0.09102527 0.10335205 0.13340882 0.07773901],__,-2.1899999999999977,329.986,
20190225,530489496,1020,1551130932.198058,113.34398499188941,58.24051679333822,1859.402960694169,[61.22343176 80.63967027 102.6403345 123.42723213 144.38499492 163.9100871 185.23998988 204.9305331 245.83584809],[0.13825098 19.44913906 0.1156402 0.07645247 0.07415338 0.07992596 0.06839511 0.09694633 0.07947372 0.08191409 0.10122523 0.13233716],__,-2.1399999999999864,330.016,
20190225,530489496,1021,1551130945.0,114.5724675312894,58.20270183974629,1232.2368477728196,[61.78223215 82.10512915 102.50164629 123.89314883 143.3538213 164.71510793 185.93186393 205.14577357 225.77201153 247.21933632],[0.10627047 10.0382522 0.07247509 0.07887963 0.07840735 0.0863628 0.07071851 0.08980407 0.07963675 0.07794428 0.10032339 0.14366571 0.13081764],__,-1.3700000000000045,330.478,
20190225,530489496,1022,1551130954.0214167,115.13975565867597,58.35941404942855,819.6576716073403,[61.85325997 81.9966562 102.55661891 123.79763171 143.16382944 164.7538063 185.99314568 206.77738742 227.35687648 247.79915529],[0.11628363 7.69155518 0.05827348 0.08478495 0.08873243 0.10700786 0.0810341 0.11520631 0.08992986 0.08542564 0.11608664 0.16498457 0.13206178],__,-0.049999999999954525,331.27000000000004,
20190225,530489496,1023,1551130958.4760785,115.5248503658848,58.945114008885426,1236.5314141250894,[41.28574117 19.93724432 61.84114624 82.47662334 102.5657166 124.26448566 144.78040193 165.36732092 186.53336695 206.10554475 227.09247399 246.74214035],[0.2184168 16.6794795 0.09330493 0.11023875 0.15688393 0.11571393 0.10735504 0.10785762 0.09861385 0.13031815 0.10897108 0.11223086 0.14936643 0.16486749 0.1759189],__,-1.3799999999999955,330.47200000000004,
20190225,530489496,1024,1551130963.846987,112.50543321865305,62.72077723940091,2623.7128209201896,[62.85985416 81.70608155 102.87373938 124.09412286 144.29526321 165.40005333 186.22174035 205.11904279 225.05757723 246.4163208],[0.19888389 27.69440825 0.13744356 0.09503949 0.09680585 0.08713637 0.07856282 0.10297318 0.09404832 0.100486 0.12190077 0.14269486 0.14721941],__,-2.159999999999968,330.004,
20190225,530501643,1023,1551136174.1848698,114.4229707187646,50.193370456858375,1240.2083100821833,[39.11376781 58.80299833 78.96581958 98.05518197 117.81814819 137.15611843 156.98668668 176.73052392 196.1043288 215.05556693 235.0071033],[0.20052878 18.47953079 0.11773111 0.08237987 0.0829647 0.10960319 0.08970363 0.08741608 0.10962916 0.11229932 0.10248428 0.11429219 0.1459907 0.16819052],__,-1.4599999999999795,330.42400000000004,
20190225,530501643,1024,1551136179.40581,116.34827192875841,52.372974538261204,788.0689282721686,[16.71255084 38.89140314 59.00148018 78.19141796 98.15821505 117.84244962 137.69266025 156.772854 176.88677065 195.64416743 215.5122425 235.47751144],[0.16578434 10.63836836 0.07469418 0.12381868 0.10750776 0.09101052 0.10556015 0.09577872 0.09013374 0.10385363 0.11172686 0.10128183 0.12609647 0.15249865 0.17081705],__,0.1400000000000432,331.384,
20190225,530501643,1025,1551136185.3465474,116.23467759109718,53.9177940537063,1065.9827640027966,[18.73798766 39.05784929 58.72943856 77.96911363 97.82699298 117.47545277 137.27369697 155.46576545 176.35618856 196.14221583 215.22798818 235.19085452 254.27795891],[0.14258799 12.07900179 0.08523425 0.10938361 0.10262864 0.08035422 0.08986765 0.08611224 0.08078499 0.09223235 0.09148187 0.08897846 0.11429939 0.16315638 0.15394692 0.16563041],__,-0.39999999999997726,331.06,
20190225,530501643,1026,1551136199.8511028,113.68850848474871,54.499787167659946,1673.7864794752454,[38.45788287 58.97405506 78.6356532 97.83033768 117.93535321 137.56174244 156.88359064 176.95502136 195.97466132 214.26482134 233.79619007 253.17098917],[0.19387328 19.76316613 0.1175438 0.09504367 0.0767189 0.09606328 0.08676353 0.08572642 0.10425201 0.10328452 0.10123085 0.1200192 0.14514176 0.17057187 0.18291928],__,-1.4699999999999704,330.418,
20190225,530501643,1027,1551136212.7091842,114.21905188272417,53.238313126372155,1869.003346001704,[38.91828311 59.40989664 80.14923134 98.35888515 118.612454 136.01769913 158.40357839 178.03374949 214.37955494 234.90472083 254.27689843],[0.28889769 30.72178372 0.16955566 0.114984 0.09020849 0.12298908 0.10763155 0.09361768 0.12795266 0.1161421 0.11046771 0.13616913 0.16543327 0.19212699],__,-2.079999999999984,330.052,
20190226,530681886,1005,1551217667.696422,115.75346802822813,50.389228537685625,1040.8375486024977,[41.54695304 60.66763769 83.18267482 101.21649998 122.15176352 141.68865036 163.28670648 182.62039034 201.14780044 221.11821729 243.13021038 259.07517401],[0.17013097 12.86969778 0.09512029 0.10390202 0.09214066 0.09837811 0.10578663 0.08776129 0.1186977 0.10704401 0.10699928 0.13878558 0.18247874 0.17806204 0.26542612],__,-2.1399999999999864,330.016,
20190226,530681886,1006,1551217679.4444973,115.44814561423286,55.462671009837656,1092.6510449387122,[102.85655896 122.39610933 162.74204599 185.25684041 245.31106304],[0.1439399 12.54231342 0.09950965 0.10313197 0.07530283 0.08799325 0.09379412 0.13783659],__,-1.5600000000000023,330.36400000000003,
20190226,530681886,1007,1551217697.4367259,112.31056640481492,54.25357633937104,1101.8785220632653,[61.74622906 82.51421491 102.71106346 124.0307566 139.7078957 165.43499079 185.94627791 202.03911414 224.79822963 245.26547446],[0.26500149 20.58991902 0.11976976 0.1358144 0.11611913 0.12017198 0.10029495 0.15912623 0.11464088 0.11138961 0.16476433 0.18378332 0.17427284],__,-1.5699999999999932,330.358,
20190226,530681886,1008,1551217714.8410363,111.78874248104668,56.88232256069608,1321.3387224589162,[40.79906263 61.12182543 81.08668074 103.35661014 123.08327119 142.66811703 164.37593346 184.82534136 203.96617603 223.38365417 244.66278907],[0.18431778 16.73077324 0.09643988 0.10640806 0.10641924 0.09396662 0.09208247 0.0885973 0.12510523 0.10058341 0.10507505 0.13423443 0.18138873 0.17464124],__,-1.579999999999984,330.35200000000003,
20190226,530681886,1009,1551217730.3337567,113.77862146303272,55.16764947411647,793.3752029750793,[62.1172702 81.29630235 99.89831558 122.40004094 143.52026401 162.87590633 183.67168736 204.53489834 222.41223174 244.46017919 265.46411037],[0.12314275 7.92616567 0.06555207 0.09042264 0.09128918 0.09186855 0.08711105 0.09764698 0.09136111 0.0915081 0.12061481 0.20076946 0.14239558 0.18151511],__,-0.8199999999999932,330.808,
20190226,530681886,1010,1551217745.7728431,116.83038662706171,54.57744079130391,513.03220141202,[40.39549872 61.28210955 81.3259608 101.29111008 121.93239772 142.20597864 162.02735231 183.19722314 202.56939099 223.33883996 243.69814033 263.98826284],[0.1434919 6.37137734 0.05151172 0.1269426 0.10354817 0.09988847 0.13251195 0.10167523 0.11966345 0.11221758 0.10725721 0.13838186 0.1919763 0.17552944 0.21131982],__,-0.1099999999999568,331.23400000000004,
20190226,530681886,1011,1551217760.1358721,116.81600280755805,51.768122452574104,525.2747083398613,[19.85784411 41.17823615 60.60689185 81.26002166 101.47915479 121.81388957 142.08976033 160.63960561 182.74356198 203.78892204 223.00775233 243.49652621 263.2070496],[0.25980779 10.01719163 0.07479237 0.16027929 0.15746466 0.1515073 0.13672362 0.13510209 0.12700924 0.13440521 0.13996423 0.1348032 0.17286016 0.20830427 0.20340071 0.24497842],__,-0.4399999999999977,331.036,
20190226,530681886,1012,1551217776.2445517,116.32859191391745,52.35433614531886,956.2615821211015,[61.36221482 81.3639797 101.67155428 122.45391618 142.79844284 162.34159095 183.63722561 203.19451487 223.26299986 244.38837793],[0.31020954 19.50821262 0.11650706 0.14434158 0.11780648 0.12366258 0.11423267 0.12399042 0.13046053 0.12499556 0.15852709 0.17752597 0.18569482],__,-1.2299999999999613,330.562,
20190226,530681886,1013,1551217794.3643103,115.56518584075607,52.62086196278348,1312.987748434099,[61.34794177 81.69559995 102.11595426 122.7097435 143.04898015 163.00255145 184.0201031 202.53453953 223.41773463 244.34878684],[0.24028629 20.41082803 0.12581349 0.11805694 0.10265836 0.0993295 0.09565987 0.10505524 0.10689525 0.10396114 0.14293133 0.15178911 0.16029357],__,-1.6299999999999955,330.322,
20190226,530681886,1014,1551217815.7554069,108.71226039344806,55.85205358342578,2049.97496923122,[40.58889286 60.48389023 81.20669635 101.76133422 122.34043891 142.8357184 163.24952892 183.6229813 204.59869768 222.7441777 243.62322344],[0.2199633 25.23182065 0.14280834 0.09597523 0.09424482 0.10163799 0.09512496 0.08428353 0.09369615 0.09985136 0.09630666 0.11908059 0.13567599 0.14247225],__,-1.6399999999999864,330.31600000000003,
20190226,530681886,1015,1551217834.1151547,109.99179024549221,55.54533336926498,2375.5358510714773,[60.59967443 80.14833316 100.96547307 121.4154533 141.5658553 162.0401773 181.99214849 200.98125315 222.13032121 241.65705497],[0.39809248 50.65787872 0.26082122 0.10450663 0.10816594 0.09985324 0.09381309 0.11805448 0.1129853 0.11175061 0.14230792 0.1539881 0.15945763],__,-2.25,329.95,
20190226,530681886,1016,1551217854.1411953,110.17471482111111,53.29336864494897,2125.0726294483375,[61.0392653 80.4080694 99.9834535 121.49498326 141.53716642 162.00721948 182.06140295 202.20250131 219.99006255 241.15930665],[0.16753313 24.29204432 0.14770921 0.0850656 0.08927201 0.0913379 0.0704922 0.09121521 0.08315685 0.08220165 0.10371041 0.12003393 0.1214471],__,-2.269999999999982,329.93800000000005,
20190226,530681886,1020,1551221247.5538828,112.33682977746312,62.7953162007211,1926.0052166833843,[117.03010095 154.4443688 174.26016162 210.8803179 229.2134581],[0.35328863 38.54739629 0.17955765 0.10083642 0.13187606 0.13607535 0.1795694 0.22750582],__,-2.1999999999999886,329.98,
20190226,530681886,1021,1551221239.6597342,115.01348721209897,57.62412148445657,889.5310347847657,[76.39653518 95.57076947 116.23823556 134.49767108 154.52699635 174.38462651 209.7748296 230.57286677 249.89318751],[0.33394093 16.7002865 0.11320176 0.15186293 0.15405331 0.12122802 0.15752133 0.14282931 0.13783823 0.18177864 0.19473585 0.21651275],__,-1.099999999999966,330.64000000000004,
20190226,530681886,1022,1551221232.668682,117.68687406303661,61.00782258392533,287.8718717131588,[18.67450898 38.35373528 57.90744193 76.80936501 96.91629637 115.65965268 133.14336859 153.96438388 173.19140865 209.84177142 231.11178127 249.9321055],[0.14190912 4.04546803 0.03340179 0.11855212 0.15557685 0.12044046 0.10362322 0.12218118 0.10003449 0.13137423 0.11473365 0.1133003 0.2096791 0.18869281 0.21156609],__,0.21000000000003638,331.42600000000004,
20190226,530681886,1023,1551221230.0590086,116.25166920496801,57.906908086868455,804.7005824666388,[39.552578 57.82302625 76.05920788 95.77362412 115.53136159 133.5931738 153.3488577 173.41871359 192.03536929 211.32435341 230.23853569 248.17157232],[0.15375634 8.8904878 0.06141431 0.11386967 0.10332875 0.11137927 0.13462332 0.08948718 0.12184758 0.11037857 0.10171087 0.12743124 0.15188985 0.1541503 0.19530413],__,-1.1099999999999568,330.634,
20190226,530681886,1024,1551221229.0534463,112.33788863826554,58.1256351905666,1966.9870131664168,[115.58997206 134.63797857 153.95562163 173.16981154 192.62417828 209.77343043 230.00403743],[0.23698645 25.15304729 0.13253072 0.0910282 0.11864022 0.11739332 0.11275874 0.13788332 0.14108767 0.1603686],__,-2.1999999999999886,329.98,
20190226,530672521,1020,1551217495.3403487,115.37157389391817,57.81602477576018,1493.0831899899492,[38.21075811 58.9527689 76.79889086 98.77210621 118.17945271 135.95814022 155.85802699 177.65108738 213.0377336 235.20163463 254.33206596],[0.19216222 17.05503911 0.10124565 0.10275214 0.07878301 0.10041075 0.0916748 0.0872515 0.1153137 0.1157131 0.10840172 0.17408109 0.17701274 0.21112766],__,-2.349999999999966,329.89000000000004,
20190226,530672521,1021,1551217482.6333249,115.59887174944065,58.241825780585486,1140.1475731492205,[58.79122235 76.01876006 98.59053199 118.22546366 135.99145511 155.72316441 177.24962435 193.65198973 213.7004171 234.56265294 254.19021625],[0.18013206 12.94880024 0.07986773 0.09078807 0.1194962 0.10174367 0.09335303 0.12172974 0.10944041 0.10341774 0.14318635 0.20160277 0.18174738 0.20346085],__,-1.7399999999999523,330.25600000000003,
20190226,530672521,1022,1551217472.4564457,116.27049414003595,59.385206930392364,856.2264867187247,[38.81737354 58.53439125 75.96694647 97.72691731 117.5954515 137.06255759 154.37745678 176.42174655 193.32041759 212.25980037 234.7189047 254.06626311],[0.15981869 9.68700618 0.06768627 0.12681644 0.11125856 0.13001464 0.11170131 0.09079345 0.11873079 0.11768061 0.10048233 0.13866268 0.16516537 0.18738052 0.18143326],__,-0.8700000000000045,330.778,
20190226,530672521,1023,1551217463.511382,116.21733470210111,58.82805534970396,583.658767357849,[38.68827595 59.03274386 76.28428064 98.47110058 117.99471975 136.65504163 156.83419371 177.02592014 193.63413375 215.66783276 235.14499166 253.93868222],[0.14446305 6.83457982 0.05077765 0.12429178 0.09555781 0.11649126 0.10927678 0.09560446 0.12666521 0.11799199 0.10191429 0.1565107 0.17721226 0.17289965 0.19517523],__,-0.07999999999998408,331.252,
20190226,530672521,1024,1551214026.5988386,117.898933666698,52.8697897594659,694.4692490930896,[38.92854246 59.12198394 78.45978615 98.08439623 118.21587787 138.34848159 157.15186155 177.65352552 198.15235706 215.83799088 236.43718384 255.85709512],[0.13499272 8.24097724 0.06269624 0.11074892 0.08466567 0.11563381 0.09832136 0.08549521 0.10007124 0.09870086 0.09824868 0.10687635 0.14671153 0.16092861 0.17483768],__,-1.1599999999999682,330.60400000000004,
20190226,530672521,1025,1551214034.6120384,116.92346670653681,52.216525577826395,1269.958068349203,[59.36322247 78.4310378 98.86941305 118.70916883 138.82895025 158.27528543 178.07869991 197.6954365 216.23251635 237.17319526 256.19622496],[0.15693168 14.92139296 0.10266208 0.08567322 0.10096603 0.08246035 0.08010503 0.09408232 0.09630554 0.0903204 0.10949996 0.12914236 0.13480322 0.15938615],__,-2.319999999999993,329.908,
20190226,530672521,1026,1551214050.748284,113.1125500356194,52.725688645024825,1903.2516639714365,[38.94934898 59.16954608 78.18198185 98.79091922 118.77550501 138.18517684 158.47819703 178.11630426 197.31156701 216.87875001 236.19443822],[0.19221468 25.09978949 0.14509585 0.08759265 0.07424254 0.09600347 0.07969665 0.07814335 0.10024077 0.09312399 0.08895033 0.11039011 0.13787435 0.14366265],__,-2.9599999999999795,329.524,
20190226,530695031,1012,1551223147.2185392,113.31413522573193,54.24159050071017,1858.447828523012,[38.27582888 59.17173545 77.12325766 97.88040308 117.86206022 137.38771434 157.00606523 176.94679349 194.72205023 215.08290313 234.68080274 21.62135932],[0.17180074 22.2926812 0.13603745 0.08641147 0.07064068 0.08475489 0.07547289 0.07226501 0.09473255 0.09362519 0.08742293 0.10904881 0.12479974 0.13433301 1.],__,-1.9499999999999886,330.13,
20190226,530695031,1013,1551223164.4704552,112.32307482534736,53.64461043373359,1606.844418173799,[38.72084843 58.94431731 78.19445842 98.28273952 117.92864507 138.2931565 157.34427897 176.98482613 196.49293966 215.22362215 235.46509349],[0.18314894 21.57184872 0.12213576 0.08995487 0.07706322 0.09339197 0.08711898 0.07824441 0.09620779 0.0942565 0.09088469 0.11094846 0.13358401 0.14408917],__,-1.9599999999999795,330.124,
20190226,530695031,1014,1551223180.3983164,112.99973798844412,55.742933714762984,1703.812727876907,[19.47657265 37.94062374 58.81817947 77.57602361 98.29244826 117.61672615 137.93946931 156.47413781 176.73117408 196.59055101 214.73411306 235.10323607],[0.16404469 19.33717445 0.1100082 1. 0.0715949 0.07336878 0.08678152 0.07746993 0.07637219 0.09442631 0.08947 0.0893439 0.10872719 0.14717504 0.14546923],__,-1.67999999999995,330.29200000000003,
20190226,530695031,1017,1551223231.6857622,115.72302912387984,57.349937089776844,1466.9908692586187,[18.45079838 37.71853284 58.55396898 75.99827837 98.14801722 117.42405724 137.04300647 155.72168599 176.2281286 195.99923804 214.52934815 235.16789976 255.4727949],[0.10393289 11.88445514 0.08092595 0.07530287 0.07403028 0.06800004 0.07236191 0.07600094 0.06447581 0.08607351 0.07185717 0.07140848 0.0915322 0.13911671 0.11766886 0.15183231],__,-1.329999999999984,330.502,
20190226,530695031,1018,1551223250.2174134,115.70077868178454,58.17849292550847,1209.3789502307566,[37.04728843 58.67399278 75.50965145 98.02313137 117.12642195 136.92312782 155.59004197 175.85210875 195.18814233 214.49487542 234.41485805 253.33086756],[0.11847491 11.19074647 0.0785869 0.08337187 0.07651194 0.08106404 0.08452567 0.07229568 0.10220475 0.08237271 0.07855689 0.10464304 0.15006434 0.1456216 0.16390786],__,-0.8700000000000045,330.778,
20190226,530695031,1019,1551223266.2510884,117.66601057962176,57.62238236425989,744.7887337725422,[19.62599459 38.51155261 58.79568735 77.33597607 97.97088459 117.24851671 136.60388015 155.26965579 175.93851693 195.3696388 214.79599795 234.54554825 253.95810338],[0.11185957 6.8066723 0.0546948 1. 0.08668329 0.08250486 0.08932351 0.08661524 0.07933227 0.10132093 0.08982157 0.08460798 0.1170255 0.15143855 0.13546797 0.1567019],__,0.11000000000001364,331.36600000000004,
20190226,530695031,1020,1551223281.400194,118.10050853740744,56.472640043885406,521.8692859272034,[22.13468409 39.51135587 59.23136313 78.1840633 98.54853825 117.91792402 137.47874171 155.93843231 177.18301604 195.29044891 216.96187796 234.97637353 254.54548962],[0.09486322 5.18482531 0.04396697 1. 0.09219717 0.07761317 0.08738582 0.08462298 0.07435563 0.09509563 0.08473179 0.08054317 0.11093317 0.18415931 0.15024066 0.16293581],__,0.10000000000002274,331.36,
20190226,530695031,1021,1551223295.8111572,118.49585869081957,57.10781158995229,579.9387779694874,[20.0723272 37.86417987 59.52012404 78.70909409 99.23647885 118.62281408 137.61787411 157.16337099 177.7617007 196.18048707 216.77000834 235.31657587 255.31663145],[0.10977741 6.0716829 0.04811168 0.11295774 0.09565142 0.07882051 0.10444835 0.08548873 0.08015474 0.10136741 0.08980757 0.08541566 0.11698118 0.18917844 0.15663929 0.1729967],__,0.10000000000002274,331.36,
20190226,530695031,1022,1551223309.8578575,117.48335875540036,58.77755202985141,997.2641401012052,[19.14842615 38.41491173 59.24654912 77.26449266 98.7216756 118.3634007 139.07129533 156.09112632 177.54920456 196.31148156 217.33346962 235.17900262 254.75858012],[0.11109083 8.70269491 0.06319604 0.09812269 0.08877017 0.07829918 0.09429266 0.08211443 0.07402562 0.10049453 0.08819489 0.07819139 0.10317029 0.14834649 0.13124207 0.15234473],__,-0.37999999999999545,331.072,
20190226,530695031,1023,1551223320.9934497,116.14949793250487,58.55880739769975,1556.9983496505117,[39.5786984 59.26062318 77.1033741 98.43466169 118.54264966 135.09706259 158.2297304 177.83258514 212.79125896 234.63916679 253.27115253],[0.18185724 18.40282205 0.10092967 0.08197552 0.07615115 0.09336286 0.08505103 0.0817998 0.10940882 0.10144581 0.09617226 0.14964102 0.15804712 0.18478008],__,-1.759999999999991,330.244,
20190227,530706111,1009,1551228089.0020955,114.6128477107618,51.45298595693629,1396.1299514946922,[59.45172342 77.86730301 98.57674614 118.3131028 138.11466146 158.19828063 177.54550298 197.45206233 216.26143757 235.79054916 18.89789914],[0.18224955 18.98972815 0.11583393 0.0791523 0.0938836 0.08451594 0.08139397 0.09528578 0.09800143 0.09739726 0.10705056 0.13265274 0.15203034 0.10189251],__,-1.4899999999999523,330.40600000000006,
20190227,530706111,1010,1551228103.7757652,116.3422962629519,52.27851680768309,974.5253317895722,[18.79112366 39.33030722 59.4348759 77.85981132 98.70242237 118.40545984 138.29446562 157.09339554 177.37821157 196.87139673 216.89184275 236.4285084 255.94971308],[0.11749031 9.91468027 0.07820932 0.09569817 0.09031775 0.07471029 0.08511088 0.07865579 0.07396048 0.0904846 0.08736974 0.08124087 0.09866947 0.13596628 0.13613289 0.16546528],__,-0.6299999999999955,330.922,
20190227,530706111,1011,1551228118.9997773,115.77544627887454,52.770430019116695,610.3468425472754,[18.74480144 38.76654574 59.53139733 77.23455565 99.43878597 118.34832391 138.25526571 156.34105616 177.66692504 197.76235718 216.949126 237.12073999 256.5024144],[0.0843493 5.66519375 0.05443424 0.08536347 0.08171472 0.07003179 0.07413229 0.08042139 0.0672942 0.0879335 0.07700813 0.07211876 0.09728854 0.12683208 0.11590038 0.14792175],__,0.35000000000002274,331.51000000000005,
20190227,530706111,1012,1551231131.0742927,117.37228399110286,58.96656972655316,448.5637484236117,[25.44768837 38.91126083 58.73995411 78.56317157 97.30152063 117.71784742 136.92796604 156.7196214 176.53679833 196.57831426 214.3215222 234.85978835 253.71687538],[0.140102 5.2685607 0.04009389 0.24374818 0.13160695 0.09545218 0.11899692 0.10928441 0.09795172 0.1189358 0.11073604 0.10630035 0.14489804 0.19715744 0.18778596 0.19248309],__,0.020000000000038654,331.312,
20190227,530706111,1013,1551231115.9783337,118.37284289404592,58.94261806292782,425.14328985803803,[16.24144048 36.73100598 58.21703892 77.76182647 98.53121202 117.05813508 136.53433012 155.30568342 176.28268411 196.86391292 215.92939909 235.38802658 255.35399788],[0.09992619 4.54924255 0.03883519 0.11087326 0.11256228 0.09100556 0.10364553 0.08549952 0.08053397 0.09844677 0.09195307 0.08882315 0.12029728 0.15525846 0.14363389 0.17662407],__,0.020000000000038654,331.312,
20190227,530706111,1014,1551231099.0995688,117.72413879584049,58.555602420332264,660.9493783328364,[36.03287168 58.03982175 76.82331304 98.29067899 117.67230345 155.9539617 176.58814091 196.46025389 214.81328263 235.59134236 254.9968064],[0.10778705 6.50426078 0.04958926 0.10672845 0.09616883 0.08734667 0.09121187 0.07641625 0.0850479 0.08385101 0.11705228 0.1542356 0.13989746 0.16357482],__,-0.44999999999998863,331.03000000000003,
20190227,530706111,1015,1551231083.711544,116.71921981105534,57.71086850188218,902.1402941335942,[35.61852033 58.13750622 98.54467753 118.07930911 136.21345009 157.13348628 177.20564428 196.94623907 215.12789615 234.61557062 253.51727736],[0.14589554 11.32855608 0.07515154 0.08910795 0.10664545 0.09263413 0.08092189 0.10853425 0.10037955 0.09321363 0.12136932 0.15811293 0.17630535 0.19366225],__,-0.9499999999999886,330.73,
20190227,530706111,1016,1551231066.7392342,114.71546435295157,58.76932525689009,1254.1176952750377,[38.01627352 57.76198971 76.7161533 99.33323578 118.27236187 138.25312083 157.46263097 177.40231384 195.96289 214.29414475 233.40836871 252.24093385],[0.16009007 14.00091801 0.09113872 0.11108132 0.09775457 0.09696402 0.09494387 0.08373674 0.10388426 0.09818457 0.09665639 0.121324 0.13951131 0.14531778 0.1722972],__,-0.9499999999999886,330.73,
