20190214,528518474,1006,1550187776.9446495,125.36964477958149,122.1278440447915,3277.0369189945745,[93.14154255],
20190214,528518474,1007,1550187764.1925879,115.6085935536925,63.74066996253979,1359.8735497172338,[ 57.82792227 115.36215514 134.87473969 173.48958083 230.21044549
 213.07868171],
20190214,528518474,1008,1550187750.9849875,116.41441964993763,69.03173056735004,1838.386817805477,[113.900277   170.58493042 227.87461433],
20190214,528518474,1009,1550187737.5347757,116.71433881256672,65.25835426628551,1258.6868180668234,[115.21986516 172.92395924 230.38661358],
20190214,528518474,1010,1550187724.813791,115.44193866254592,69.49680728263458,974.2035797825123,[115.79772297 175.11097744 233.22328848],
20190214,528518474,1011,1550187712.615097,117.27691569776454,65.59021622929816,526.8136682876226,[ 57.7449833   77.78514589  96.18780353 114.5841312  135.78000127
 173.05942535 212.41845252 231.87461719],
20190214,528518474,1012,1550187698.8012464,116.84053426046674,65.15473466364651,801.347511060065,[115.10172453 172.98500394 192.54184295 210.9960524  231.51886657
 249.65335735],
20190214,528518474,1013,1550187682.3631432,117.32219649694835,61.60648603744582,983.321525016887,[114.41779968 171.41299549 229.96292963],
20190214,528518474,1014,1550187666.5771613,113.71586866635803,66.47954695929315,1478.8948631940411,[116.46781621 174.45453033 231.44174916],
20190214,528518474,1015,1550187649.9155543,113.17544774492072,67.41226399175977,1734.468146803506,[115.72508049 173.9231183  231.51835118],
20190214,528518474,1016,1550187631.6712945,118.39723279129478,52.74432117571592,925.6743732476905,[115.64930808 173.67406314 230.62577898],
20190214,528518474,1017,1550187618.350744,113.0835791660033,67.71255790918009,1893.9307376450329,[117.09848494 230.47507415],
20190214,528518474,1019,1550187585.7634544,111.86829656432283,67.1633223722662,2147.9822028494277,[116.8519232  175.75304736 233.41005225],
20190214,528518474,1020,1550187572.0660422,114.40965139234848,57.14070484263751,1503.808943199417,[114.56837363 229.67491019],
20190214,528518474,1023,1550184643.6806734,114.02272239194156,55.056106577312846,1808.0555386520457,[117.73904851 137.0198872  157.27901955 176.21811034 215.54448585
 234.35563027],
20190214,528518474,1024,1550184650.8730202,114.62098714258897,55.693737330387414,961.8166869225435,[117.22679584 156.22733193 176.29775157 197.21384065 235.82354276
  59.14631706  79.29280795],
20190214,528518474,1026,1550184671.6801171,115.29843343125842,58.699489720785465,892.0389744036621,[ 59.38623905 118.84062566 177.0834586  234.81991802 255.29464869],
20190214,528518474,1027,1550184682.1097648,115.1403891375749,56.76173536866009,1059.3307836218742,[119.03282074 239.29396345  59.8448875  178.74166657],
20190214,528502194,1023,1550177789.2386246,116.83291853962932,53.335632449344935,1499.1363755403017,[ 39.19276722  58.48820283  78.12639482 116.79555835 137.21826844
 156.06001105 175.04404519 195.10118077 214.51100815 234.24271079],
20190214,528502194,1024,1550177797.1981785,117.04695275978968,57.606144804765655,1073.777250840233,[ 58.87588782  78.14226944 116.72602943 136.97767698 155.95629127
 175.69239098 195.01921052 234.67866314],
20190214,528502194,1025,1550177805.5084739,117.93145819918641,56.786510270007355,807.21432905039,[ 58.03177651 117.58302138 136.62700673 154.55203947 175.92857998
 197.14401479 235.7160836 ],
20190214,528502194,1026,1550177820.3312578,115.2524102856735,58.75831551666131,1140.0842269353918,[ 58.51015076 117.39936077 136.60553679 156.29796868  98.02376616
 176.23036599 195.80923343 235.21081009],
20190214,528502194,1027,1550177833.0654209,116.81557354938029,59.04948142172251,1412.3046693499982,[ 59.08303048 117.30349059 176.8172311  238.23031834],
20190214,528502194,1028,1550177847.3778443,115.39219692067557,62.186272453406936,2017.589179016035,[ 58.85466203 118.07704588 176.3695211  216.29782994 236.28340983],
20190214,528510459,1007,1550181884.3150985,113.46574822553194,66.04993742571848,1876.622906442711,[ 58.36108931 116.42943737 174.19107639 231.91284901],
20190214,528510459,1008,1550181870.0039585,112.06602406018327,64.79866463790928,1677.2388554030385,[116.9221517  175.72522871 233.84757877],
20190214,528510459,1009,1550181856.345989,115.41372069823593,65.56615623732944,1088.9971667748523,[ 58.96970323  77.68263993 116.21721061 174.78123396 233.95069113],
20190214,528510459,1010,1550181842.8943968,118.17113961587093,66.38582500994042,603.2716636899388,[ 58.15181234  77.69227475  97.32925743 116.23624181 174.92689603
 233.34120221 251.99607626],
20190214,528510459,1011,1550181832.4984717,117.6501697895555,68.60989223024754,390.26288065549244,[ 39.14237629  58.44348562  77.67648707  96.85755977 116.8341073
 135.96904482 174.10399893 215.20007718 232.78979353],
20190214,528510459,1012,1550181820.0,117.05835124800532,67.8584647587394,844.8798021011121,[115.96431891 174.5356346  213.34466362 231.59237127 250.63477199],
20190214,528510459,1013,1550181805.205245,118.21860204765053,67.42390579679493,1366.0124284405797,[115.56771777 173.7649136  230.69821675],
20190214,528510459,1014,1550181792.9943023,117.3051485525751,76.01863804666404,2569.829809761116,[111.54537659 225.63749463],
20190215,528711629,1007,1550273562.8316312,111.68319173978398,66.58165639806927,2041.1879396870422,[ 59.0207802  117.98882476 177.33417988 218.3173083  237.40185458],
20190215,528711629,1008,1550273546.1621952,112.90182104663761,67.7005730748967,1908.21087337501,[ 58.89403186 118.36455416 157.89086717 177.29442895 216.8024487
 237.17557886 256.67850607],
20190215,528711629,1010,1550273523.4652627,115.43954184387876,65.68180065396835,624.9205772993555,[ 39.5354543   59.12241962  78.9981984   98.24728128 117.71392843
 138.53102622 158.41740946 176.70145177 195.64632239 235.83877994
 255.40936464],
20190215,528711629,1011,1550273509.2727926,117.22594824912028,65.13360263648532,564.9791784633699,[ 39.82712462  59.60791372  78.65860686  98.98583025 118.19612189
 138.27094771 157.46392737 178.46841191 216.27127703 236.54353137
 257.13682533],
20190215,528711629,1012,1550273496.0302122,116.44458133879704,63.68542522595059,874.6333353386519,[ 39.7877765   59.62902125  79.23053966  98.7871879  118.00406018
 138.39446023 158.47562231 178.76023783 197.51827835 217.01890547
 235.21015667 255.30854516],
20190215,528711629,1013,1550273480.420813,116.74289117055291,63.92416501128464,1183.811541571111,[ 98.36957644 117.1359569  137.70722846 156.89268099 176.11960485
 196.84341904 217.50724657 234.58998182 254.50454637],
20190215,528711629,1014,1550273467.4769297,115.16922012288,63.74116398777001,1644.6359444507161,[ 57.95056526 116.69883646 155.82302405 175.38876377 214.51364429
 234.62067815 254.85063474],
20190215,528711629,1023,1550270437.062451,114.56639696707327,58.08960606283855,1349.1603841831957,[ 39.24681824  59.28836991  78.78651781  98.40543965 117.95378269
 138.19854221 157.4153536  176.90826308 197.15955669 216.66891049
 235.96969678],
20190215,528711629,1024,1550270443.6911802,115.47307010343366,58.92462567538543,791.7098554474755,[ 39.38533632  58.87095552  79.05264045  99.47158335 119.03696291
 138.42422532 158.55030891 178.61506857 217.43326035 236.1614948
 257.4422015 ],
20190215,528711629,1026,1550270464.242879,113.205398151335,59.5298044659497,1483.0843729785065,[ 22.42655409  39.47124888  59.31192266  79.26081017  99.3440297
 118.97114281 138.14200985 158.43110419 177.3356297  198.11455488
 217.56612915 237.58818787 257.38501635],
20190215,528698927,1007,1550267767.279297,109.88843971718786,69.06958756078048,2476.308012874638,[ 59.63422002 119.77767272 178.34950638 238.18072757],
20190215,528698927,1008,1550267751.7461042,112.13772278120584,65.14855659203357,1836.5399045629176,[ 59.63846832 118.7910405  178.36613106 238.70148065 158.93427524
 138.5125581   79.91935021  99.00819954 218.84056282 197.81541232],
20190215,528698927,1009,1550267741.7506626,114.01940100781212,64.00248157405558,1098.9108770954942,[ 58.89868992  79.01507039 117.45849524 177.00064095 235.59614676],
20190215,528698927,1010,1550267727.8378446,116.66703696348024,67.84514159397571,774.582305643876,[ 39.74611272  59.36449231  78.39839181  98.61213122 117.42306163
 158.00985853 177.36940263 214.51924777 235.75275733 254.15901029],
20190215,528698927,1011,1550267716.3604326,118.31812523384038,67.59046226860085,459.02459275655775,[ 39.65714173  59.58093688  79.00372194  98.43718664 117.13949349
 137.84979247 157.49474225 176.94998989 215.39332572 235.8634085
 255.06728695],
20190215,528698927,1013,1550267691.2086492,116.2403653162249,68.63753174958504,1163.9167008241209,[ 58.48753754  78.52844207  97.68193156 116.57175278 136.56181374
 156.21218706 175.54485606 196.25839265 213.21268923 234.08834137
 253.89594786],
20190215,528698927,1014,1550267678.8264968,111.75144969816385,75.46572459501483,2518.4596831104686,[ 58.3158196   97.45003442 117.68870495 135.51946287 156.48747266
 175.99809154 196.19729624 215.1269749  230.69103989 250.77110678],
20190215,528698927,1022,1550265032.9180806,112.47935483237171,60.16057556391089,2106.8185956827665,[ 59.42110409  78.77060099  98.48999574 117.81962821 138.41501131
 158.14248906 177.26813836 197.790268   218.32703029 235.89036485
 257.02441495],
20190215,528698927,1023,1550265040.382296,115.28590662623672,58.45433416527468,1102.852255397515,[ 39.46572889  59.18655008  78.94279529  99.26292415 118.66396892
 138.5105231  156.99286167 178.06345339 197.36390748 216.94747416
 237.25224789 256.85116193],
20190215,528698927,1024,1550265046.326273,114.97360310117399,58.40938490040306,815.2046522876949,[ 39.36619544  59.18962898  79.57673632  98.84033716 119.27367142
 139.25005148 158.27485998 178.52116644 198.60714642 217.84586949
 237.98863843 258.23137866],
20190215,528698927,1025,1550265051.923145,113.30525728442207,59.09973841488082,1472.597621226494,[ 59.35570648  79.48112768  98.90742587 118.32254913 139.01338688
 158.45391856 178.0723457  197.75767771 217.53381433 238.19184689
 258.3984646 ],
20190215,528698927,1026,1550265065.453507,110.31144894468679,59.50252423125099,2264.1857910632843,[ 39.90846569  59.39543528  99.28722829 118.68841766 140.0869025
 159.75353338 178.00599411 199.26246455 219.62553601 237.93813649
 258.39910428],
20190219,529409728,1021,1550610926.1353552,115.3547043615406,57.949736791841175,1634.0651740850074,[ 19.60763986  39.22740244  57.7861026   77.70852716  97.61411688
 116.55253635 137.47701369 155.70152308 175.1921712  194.24990552
 216.03344058 235.49064289],
20190219,529409728,1022,1550610937.1678772,116.5169808544572,58.70872885597986,1224.8915257083097,[ 19.70765601  38.42430296  58.71857687  78.22864335  98.08608593
 117.31625921 136.74007776 156.58650598 176.31185332 196.01136686
 215.69475909 235.64604181],
20190219,529409728,1023,1550610944.856022,116.27852683179194,57.90349272158759,1179.7497308977147,[ 38.89091916  59.0378814   78.30128585  98.16666433 118.17614848
 138.09644489 157.58808225 177.00684103 196.21479938 217.08723743
 235.06231938 254.4094761 ],
20190219,529409728,1024,1550610951.4918563,114.82513449294198,61.1499213022185,2044.677211231693,[ 19.35966488  39.40297875  58.46657099  78.55684506  98.93345497
 116.33374448 138.04042324 156.73447682 175.13327067 195.47032657
 213.90816932 234.69077993 253.58831773],
20190219,529416700,1022,1550614671.9093153,115.58013327469652,59.861139706860385,1422.0882814345327,[ 58.15240018  76.69017082  98.02167393 115.60247577 136.34072773
 155.77355782 174.10860568 233.71105994 253.31442565],
20190219,529416700,1023,1550614666.2139783,116.36190981732388,59.086894871699286,645.3714711003463,[ 38.62148544  58.02682922  78.30230717  96.7208191  115.91039723
 136.57432349 154.87342201 173.95992633 195.32418884 233.84024945
 253.40678152],
20190219,529416700,1024,1550614658.503937,116.86106946782412,60.46347247096605,1115.135745255255,[ 39.00668784  57.81916959  76.8449101   96.02886504 114.33758188
 134.94828294 153.03974661 171.8696268  193.44396596 212.65429115
 232.9257197  250.44429354],
20190219,529416700,1025,1550614649.2902114,114.62439441977223,60.27979722118337,2201.236653521303,[ 58.62408595 116.33226364 155.34598076 174.63702802 213.61768318
 233.62939077],
20190221,529754214,1009,1550781360.0,117.64775963709478,64.88499212218754,1136.8748945953014,[ 56.82640218  76.86416108  93.95929887 112.30988966 131.38198966
 150.27457324 169.12779765 205.25749724 225.2099971 ],
20190221,529754214,1010,1550781346.7704425,117.8234319846916,72.33584486422883,1638.2200367173486,[111.89050754 150.85014045 167.59615688 204.42849531 222.13295125],
20190221,529754214,1011,1550781331.5739982,116.07255822771154,70.38626077463465,1246.0441095573426,[ 75.8037394   95.35275001 113.71486235 132.89860313 152.03629808
 171.21782448 208.6831873  227.9819757 ],
20190221,529754214,1012,1550781316.6564536,116.23576291078012,70.1319187606299,561.7104266099748,[ 57.72484059  76.81762025  95.85946674 114.55970143 133.81555226
 153.28235133 172.79264038 210.47192877 228.97445016 248.77762014],
20190221,529754214,1013,1550781302.9622304,118.40548805220642,70.55147725836746,290.61736054282943,[ 57.40194221  19.4825801   75.92585006  94.3046139  113.96829581
 133.63379801 150.67782967 171.98881532 209.54859785 227.6300106
 246.90116082 265.09437262],
20190221,529754214,1014,1550781289.7365599,117.79517329892717,68.52317117026381,298.7093576018155,[ 57.31939688  75.98482264  95.71106882 114.88918278 133.21225409
 151.11750616 170.28633822 210.58427611 191.08893782 229.35499981],
20190221,529754214,1015,1550781276.6575217,116.54893452739088,69.8936990805593,799.9891741872369,[ 57.12802173 113.47029245 132.57223133 151.91294445 171.05372061
 189.37347939 208.30440383 227.02992652],
20190221,529754214,1016,1550781262.2865407,113.83268320596417,69.98814420664554,1033.4488873838793,[114.51961251 172.17937319 228.40587336],
20190221,529754214,1017,1550781246.0304034,115.56333716341999,67.52479785927055,1231.8627550788178,[ 58.15294923 114.68548654 153.42728383 173.41723216 210.72705394
 229.43522071],
20190221,529754214,1018,1550781233.9071,113.29503674539207,69.25916237430575,1824.34659895817,[114.00354788 228.86148094],
20190221,529754214,1019,1550777698.7094731,114.62331244613863,61.55172628043295,1345.8199934145987,[ 40.59567089  60.79875723  81.38740881 103.09744527 122.50510195
 143.12576901 163.44342029 183.83544714 204.10882873 225.25546287
 247.21834582 266.7988326 ],
20190221,529754214,1020,1550777713.1677284,114.73576498402787,64.214570703764,1172.1035561041544,[ 41.65228889  61.70137052  82.33813607 102.92572213 123.46528699
 144.0622173  164.1186683  184.44535896 206.3223604  247.5102905 ],
20190221,529754214,1021,1550777727.0032156,114.9581733817398,64.7250534638839,1000.9430749638038,[ 61.37759823  82.02713518 102.52188912 122.19061884 143.44264871
 163.82058994 184.57929348 204.73563452 225.43709926 245.747625  ],
20190221,529754214,1023,1550777742.8843768,109.94329133187621,72.32430580442478,3034.284711119829,[ 40.48309833  60.79045885  82.28585605 102.01624646 122.07231402
 164.10535064 183.71515325 205.05447458 244.63310404],
20190221,529788403,1300,1550791648.0,110.8861942129747,115.41390791138467,6483.463183975978,[ 64.61749216  95.5663534  144.35805408 162.77995857 180.06701971
 192.64580726],
20190221,529788403,1301,1550791637.4673657,113.95807751431975,56.310400902467606,-525.2373431562144,[111.72800716 167.10355092 191.02975358 223.4187275  243.97145632],
20190221,529788403,1302,1550791638.031737,115.56021501400578,62.985883747745866,419.3372699510614,[109.86097418 152.02176994 163.87312775 187.12142172 209.40427637
 223.41196097 241.7424342  261.68336538],
20190221,529775831,1301,1550790750.5665214,112.6255653013612,53.69016474481503,-1111.511807657872,[120.14082152 161.78194893 186.03102763 204.31130361 223.39687296
 242.81905422],
20190221,529775831,1302,1550790749.9682505,115.66501533234636,55.578496446586364,498.9499359405634,[ 81.55406063 102.29503931 119.41931149 141.46903231 158.9353631
 180.34669765 199.9166149  222.48381086 242.15461267],
20190222,529970458,1010,1550878466.3678286,117.35144024020454,57.89003356610998,-522.0469118007464,[113.84185953 154.02989352 173.25332371 230.44094453],
20190222,529970458,1011,1550878455.6643758,119.06550536694543,62.038380993143704,672.1152197004769,[110.91655376 149.66335255 167.78130651 221.92604413],
20190222,529970458,1012,1550878439.7816107,116.66232333442409,84.05241209668878,2410.0446906579514,[108.90152964 145.19887527 163.79188245 218.9262121 ],
20190222,529970458,1013,1550878418.92325,114.2178900029946,65.73546219692885,1049.2917814450918,[115.26541595 136.23656777 155.42017222 174.08283483 214.25344331
 232.83201801],
20190222,529970458,1014,1550878404.5459414,115.8291327061507,66.25346516178418,507.55863378334635,[ 57.88294734  77.36396633  97.17870284 116.44660633 135.33900623
 155.32453846 174.44356069 212.18846303 232.35595587],
20190222,529970458,1015,1550878391.239119,117.6030467613053,68.27447574476663,190.88428548096476,[ 57.59189987  75.10653377  97.61144126 115.91722063 134.35383117
 152.06678505 172.7192155  230.59266406 249.92732571],
20190222,529970458,1016,1550878376.825928,116.7715617697694,69.60727343768933,297.9119172930783,[ 57.11351709  76.71064686  96.10622612 115.63672693 133.31688936
 152.7096986  172.74248315 191.1964641  208.88270894 229.41607326
 249.32734098],
20190222,529970458,1017,1550878362.0162122,115.98420335281915,72.41424966227383,742.3849703123493,[ 57.77665641  77.01065202  95.7592902  115.4591974  154.32551679
 174.20615224 192.22936394 212.23844424 230.85677509],
20190222,529970458,1018,1550878348.5681634,114.13861880274733,69.27642626289969,1043.4729591979885,[117.53010107 234.0536996 ],
20190222,529970458,1019,1550878333.7160995,115.22084930651518,74.35649800446114,1785.8200706938255,[ 58.13576024  76.81430614  96.22636342 114.36353073 153.22761487
 172.35094085 232.89673449 134.21554192],
20190222,529970458,1020,1550878318.9864917,112.68540942758722,70.9612053647675,1727.3048019158014,[ 58.25287074  77.59907977  98.33319088 116.77514902 137.46129297
 157.63842924 177.23684595 236.31001619],
20190222,529970458,1021,1550874490.8718178,112.26891904004738,62.974266413916425,2115.0235443100214,[ 61.69060466 123.87126447 165.70411341 186.74396492 208.09880328
 248.95049447],
20190222,529970458,1022,1550874500.5346909,114.00895804188957,62.0366725894855,1376.983589735228,[ 62.81298363  82.25723109 102.97508077 125.53534479 144.43229186
 166.96725797 187.7765745  208.61965724 247.65807417],
20190222,529970458,1023,1550874507.1547475,116.95451667193036,58.24090907991863,680.5849788874083,[ 62.39182199  82.95875236 103.67193055 123.76792957 144.06787569
 164.39242956 185.62541838 206.19181112 228.54027836 248.53205498],
20190222,529970458,1024,1550874513.1263373,114.94003624091448,62.50751105679397,1259.1646111318796,[ 82.93087542 103.21631369 123.84974356 144.31161521 164.9040938
 186.41689664 206.78351761 227.57817637 249.1399229 ],
20190222,529970458,1025,1550874520.7316215,113.5287699878328,62.85017590777792,2180.4682629479257,[ 61.43313222  81.71710119 102.83473231 124.0242273  142.7129992
 163.35404046 184.532785   205.10304657 246.26146611],
20190223,530144820,1020,1550964968.1473184,113.36909218113699,62.821853170238185,1948.2775381572205,[ 58.71075304  77.755099   116.26742646 174.30773698 233.62283396],
20190223,530144820,1021,1550964955.08662,114.65657971290433,65.10711650076351,1594.3821083762518,[ 58.51258643 116.56516856 136.10532238 156.20661324 174.10019529
 213.30187127 233.14888191 252.13890855],
20190223,530144820,1022,1550964944.7481775,116.64827102567332,64.34712485819169,849.4506789533189,[ 39.49771348  58.24335764  77.46950673  97.56549126 116.22265929
 135.61526526 154.94382663 175.36208701 195.54635019 214.75330904
 233.6950176  253.56380754],
20190223,530144820,1023,1550964938.6464589,117.15435633169271,64.38775386426035,613.9918267140661,[ 38.47441105  58.18446538  78.00253662  96.22710694 116.58892242
 136.03887157 156.05564507 173.17146087 213.83310606 233.05870501
 252.54067689],
20190223,530144820,1025,1550961907.3235435,115.63558542927406,55.76820857001043,1670.65709641297,[ 59.23030078  98.57237479 117.00948951 137.39092536 156.15951162
 176.3715475  195.18691838 215.28173715 235.25460389 255.28643751],
20190224,530294995,1001,1551042832.0,112.79695772116114,67.50426359295795,1031.1973555299464,[ 60.11845239  78.83897358  99.28122012 118.30017831 138.7371551
 158.57241791 178.23610463 198.35176572 219.0933555  234.69611974],
20190225,530342801,1012,1551062605.972763,113.39112108266634,60.674304663683515,2026.213144675235,[124.3508546   61.986106   165.68976252 186.54152482 207.12872321
 248.13594568],
20190225,530342801,1013,1551062618.7061906,114.4994174485379,61.687830428309496,1725.969851390935,[ 62.64579239  83.33198414 103.50058261 123.61902345 144.64149225
 165.01752519 185.92190726 206.80233856 248.11496826],
20190225,530342801,1014,1551062634.1706884,114.95053541688569,61.05116421067924,1275.6971461032726,[ 21.7229389   41.24520898  61.11634455  82.51259451 103.366201
 123.57178787 144.3941677  164.97229942 185.54949627 206.61198205
 227.34454737 248.25708916],
20190225,530342801,1015,1551062648.175297,116.53673891388901,59.98844387982159,798.0785295189058,[ 19.63115831  41.7057903   61.63835186  82.45345317 102.87462627
 123.41273971 144.45190305 165.29109346 185.35456779 206.21536721
 228.40044595 248.34288742],
20190225,530342801,1016,1551062665.3593657,116.97847452957687,59.397019837647896,643.6071153331761,[ 61.92651696  82.27784431 103.18608077 124.17984185 145.4385346
 164.54351506 186.39029275 205.96054484 226.48936723 247.95397201],
20190225,530342801,1018,1551066104.6147866,116.8422231697035,63.847728117095855,301.7886143280378,[ 20.04224391  38.77031618  56.99279277  76.55338938  95.43711799
 115.77061049 133.43817324 154.09295366 171.35003936 191.02253435
 229.84257894 249.59654293 210.89422225],
20190225,530342801,1019,1551066089.2258787,117.34718625378032,61.43361795568487,434.07277199786813,[ 19.35917345  38.33575046  57.48868485  76.85930323  96.96738443
 115.18941922 134.60877767 154.26041948 171.81128134 191.07263329
 212.37748721 231.44555335 250.74110443 268.42120445],
20190225,530342801,1021,1551066059.4298844,114.22118990425088,61.6262030612399,1037.102652692228,[ 38.53533962  58.13323073  77.6539657   96.31272777 115.61957962
 135.2521837  154.59024245 174.390311   193.46598678 212.33566985
 228.44041567 248.69678386],
20190225,530342801,1022,1551066047.2900722,112.21978622808842,64.59368270733694,1716.4802327598493,[ 38.13541042  57.75982741  75.88280191  95.49406622 114.63776346
 134.32208306 152.33172827 171.38887394 210.53595916 229.63781982],
20190225,530489496,1007,1551134471.927358,111.60000779201755,60.592003588534126,1745.9478478168753,[ 61.90709002  77.39308179  96.96699039 114.91975842 136.29528573
 154.24283097 172.32819712 210.8237278  232.87863048],
20190225,530489496,1009,1551134442.39314,113.87047005919885,63.35805948732935,1202.2325988793193,[ 69.06551526  97.23602914  78.04567877 116.38754412 135.01662016
 154.59022368 173.84236208 212.87019163 231.90784638],
20190225,530489496,1010,1551134428.6823163,117.59331036373689,56.691574113818504,619.6881864907606,[ 76.28489729  94.30116322 112.85487383 150.87119762 170.49127011
 208.62239672 231.71660958],
20190225,530489496,1011,1551134415.0,119.9749437045315,63.087921324353516,929.40729261172,[ 93.1826978  112.38517851 131.13372546 150.21467928 168.33111036
 206.32940963 223.1360134 ],
20190225,530489496,1012,1551134398.1575851,115.7327985050577,68.54369276185962,1417.343452241589,[ 38.12146292  56.79671796  75.71139935  95.00078769 113.78018847
 132.99586631 152.39639957 170.97634998 209.29222959 227.01839175],
20190225,530489496,1013,1551134379.199445,115.70176951533998,63.02142976705151,831.1272886666305,[ 58.12882644  77.08992712  97.19826483 115.38325024 134.90123718
 154.22885291 173.53280309 212.19473576 230.67543576 250.44555253
 194.16025404],
20190225,530489496,1014,1551134363.5888636,117.85086741935862,64.09635074533686,417.1682116530249,[ 37.75254716  58.01231591  76.85305141  96.85724183 115.01393092
 133.65583091 154.76941903 173.90376354 192.16222859 213.53314917
 230.23381423 249.99012804],
20190225,530489496,1016,1551134334.4537847,118.71663127570982,65.36456700335842,535.9352967233888,[ 18.89385542  37.33422355  56.95053343  76.59725269  95.80858252
 114.41679514 134.04572741 152.53455032 172.01695852 189.68305563
 210.25056926 228.99373643 248.30030351],
20190225,530489496,1017,1551134321.6723256,115.56845850889346,66.00126498805619,989.4799339456519,[ 56.64076477  77.02064602  96.60232458 114.07319527 132.56083803
 152.22036865 170.49415661 189.23969946 210.69003353 229.34115325
 249.14660219],
20190225,530489496,1019,1551134293.2572138,113.06554340472488,65.32020148534691,2217.0960268733675,[ 57.98159166  77.0471869  114.1694225  152.68662074 172.22286253
 190.93349242 227.76731605  95.61900209],
20190225,530489496,1020,1551130932.198058,113.90467565471955,61.724500844363085,2081.546247274763,[ 61.6818904   82.86353256 102.5791455  123.55404722 144.73257996
 164.23946694 184.82211172 205.54326453 246.02771334],
20190225,530489496,1021,1551130945.0,114.75484764733214,60.45833493137368,1272.0474141144493,[ 61.78575926  82.40817031 102.95669912 123.08859354 143.76218832
 165.03167903 185.35160667 205.18772651 227.32673332 246.76153563],
20190225,530489496,1023,1551130958.4760785,116.9491954399127,59.73784950587587,1202.5170639490914,[ 41.49357737  20.64166149  61.66277731  82.74088644 103.62646785
 123.75227005 143.91946726 163.77352331 184.26099519 204.75685989
 228.3198498  247.40507235],
20190225,530501643,1023,1551136174.1848698,114.5455616166014,53.70644631718137,1430.2078009736524,[ 39.3138208   59.03434856  78.48073781  98.20896179 117.10261151
 137.08015395 156.42134609 175.77719786 195.50152284 215.46851487
 235.2117035 ],
20190225,530501643,1024,1551136179.40581,116.3581550047018,54.12091036291332,834.3072754969529,[ 19.0540868   39.30904176  58.76025079  78.14227911  99.17319998
 117.71050653 137.92744625 157.80130382 177.31250063 196.8519562
 216.02619776 235.97359997],
20190225,530501643,1025,1551136185.3465474,116.97898527831116,56.39623007343177,1189.4507093114082,[ 18.87248954  39.27687375  58.08059338  77.98152705  97.74169622
 116.75560388 136.60305616 156.83040412 174.97968444 195.08529585
 215.54924433 235.42821033 254.89592818],
20190225,530501643,1026,1551136199.8511028,114.5334893407853,56.837787285172595,1726.3581778571415,[ 39.49022311  57.69291688  78.35590708  97.4274525  116.97015481
 137.58038205 155.54488763 175.3075732  195.08515388 214.73330087
 232.87783891 252.66655796],
20190225,530501643,1027,1551136212.7091842,115.2779247519307,52.16591791440881,1687.5445872847374,[ 39.6328344   58.8520912   79.36536078  98.56542901 117.94361201
 136.81528014 157.95624529 177.5715625  214.95033559 234.38056192
 255.34363667],
20190226,530681886,1005,1551217667.696422,115.34246815953742,53.01971903223071,1102.2191823322134,[ 40.97119402  60.60419933  81.29584106 101.37021814 120.58256782
 141.59019018 161.14675393 181.2289433  202.41278878 223.85157665
 245.08935531 261.27358409],
20190226,530681886,1006,1551217679.4444973,115.96663520452744,57.5822637456345,1175.5570303456202,[102.84080815 121.38478339 162.87696748 184.09346307 245.65149051],
20190226,530681886,1008,1551217714.8410363,111.42564453170635,59.33053659793142,1424.364275895805,[ 40.53363192  61.75334706  82.40095346 102.98404808 123.37226002
 144.00846484 164.47857102 185.27444078 205.28758581 224.80393188
 244.11274986],
20190226,530681886,1009,1551217730.3337567,114.39724447104494,55.671059241173886,764.4399129093955,[ 61.00152895  81.37252076 101.75541814 121.57875103 142.42286022
 162.82392086 182.94555434 203.68990469 223.19937561 244.75704682
 265.63074675],
20190226,530681886,1010,1551217745.7728431,116.83072715964845,56.490219491422934,537.1106090101669,[ 40.22867678  61.4617914   81.99384316 101.80694832 122.33408155
 142.73607859 163.48210558 183.10972716 202.59239736 223.32492321
 242.84969262 264.04747664],
20190226,530681886,1011,1551217760.1358721,117.20474502009313,54.63331943124166,601.2625427594955,[ 20.61691737  40.32894378  60.80531326  81.10338753 101.62583321
 121.26555664 141.93817631 162.1224485  181.74517097 202.66270229
 224.06796091 242.71009795 262.95965427],
20190226,530681886,1012,1551217776.2445517,115.76959936504677,54.54522751589738,1025.8172482162358,[ 61.04205387  81.56709322 102.3135124  122.35186088 142.42637324
 162.83554935 183.29379931 204.13673127 224.45741004 244.99135257],
20190226,530681886,1013,1551217794.3643103,115.28593464221716,54.7651794656788,1357.5545166308286,[ 61.0498039   81.59226835 101.94211702 121.87329365 142.15697094
 162.39844638 183.1492776  203.04352698 223.42025715 243.42134147],
20190226,530681886,1014,1551217815.7554069,110.30856201473254,57.14551410545194,2000.715066177036,[ 40.59817844  61.32359391  81.55142259 102.21787074 122.4907025
 142.79083136 162.8782829  183.30383324 204.41050416 223.8640984
 243.93452766],
20190226,530681886,1015,1551217834.1151547,111.730645271742,59.45343121647312,2666.4505595596584,[ 60.24884564  80.52906703 101.0291252  119.96079693 140.7452419
 160.55782421 180.46471999 200.6814426  222.83155479 242.49111805],
20190226,530681886,1016,1551217854.1411953,110.80769356693207,55.80483509515254,2282.3176371019576,[ 60.50354477  80.51983749 101.27271001 121.39550559 141.69584886
 161.79758756 181.9548926  202.73185577 220.24226668 240.20341762],
20190226,530681886,1020,1551221247.5538828,112.7970329227326,65.54376974975179,2057.93369063395,[116.39669398 155.07262431 173.80866644 212.60696404 230.8742697 ],
20190226,530681886,1022,1551221232.668682,117.68985822469496,63.003603371965355,297.33479448571813,[ 19.59833349  38.83874205  57.39164317  76.48515891  96.37480643
 115.28274413 133.55945431 154.08291075 171.40590212 210.80415292
 230.69790566 250.46940456],
20190226,530681886,1023,1551221230.0590086,116.2232255654818,60.461422032583734,865.847200244971,[ 38.32454024  57.74405134  76.15718296  95.91432558 114.57911876
 134.01286002 153.40016505 172.1559069  191.99912855 211.8107994
 230.04067478 249.66574318],
20190226,530681886,1024,1551221229.0534463,113.44197864627283,58.81156058813785,1888.0380750376976,[115.43860604 134.05244488 153.1894364  172.674807   192.27571972
 210.74654591 230.14549485],
20190214,528502194,1029,1550177867.311236,111.05971615094698,64.64442740912978,2397.52094788764,[119.02950248 176.49928933 234.9312505 ],
20190214,528518474,1028,1550184693.9626846,99.36225890167289,88.25361922424564,3603.4932061591935,[125.96658526 188.22502735 249.24934896],
20190215,528711629,1009,1550273534.900063,115.99155978996534,65.77260017656334,1082.0741207393096,[ 58.75213654  78.55502707  97.87911464 117.44293539 137.56468848
 157.46763998 176.33748143 235.22023259 255.10779742],
20190215,528711629,1025,1550270451.6918297,114.84923156721895,59.36433576398444,959.1136214968413,[ 39.23945224  59.04172397  78.99949911  98.90248876 118.16975429
 138.48575534 157.88839775 177.92016336 198.65321191 217.62245409
 237.29362404 258.01160067],
20190215,528711629,1027,1550270478.3929179,110.75913999875708,61.11505310543221,2125.634957113906,[ 39.41647598  59.63521881  79.42609112  99.05874102 118.35882446
 138.86030102 158.83564268 177.69681639 218.08350063 238.1994855
 258.95620276],
20190215,528698927,1012,1550267702.975742,117.64627739952158,68.00269045992782,740.7683457385908,[ 19.49325823  39.18432262  58.47138418  78.1676315   97.59090576
 116.50188272 137.42634594 156.25709052 175.49692543 196.68913393
 215.10620281 234.02776287 253.52021754],
20190219,529409728,1020,1550610910.7345736,115.81890492415788,57.772575231335026,2183.486187324484,[ 13.89032396  27.32182288  38.77660618  58.63554875  78.21033066
  97.85798999 117.90171993 136.6481825  156.94040871 176.60333064
 195.96887465 215.15224353 233.75538848],
20190219,529416700,1021,1550614687.799907,108.97380038410911,66.61364135247415,2951.272520256112,[ 57.78401996 115.75488817 173.38480193 232.09459884  77.88935668
  97.37192908],
20190221,529754214,1022,1550777737.9123268,112.22429668524292,66.45712881536332,1481.333757706827,[ 82.47386021 102.99504218 122.46925597 143.82849539 163.84603091
 184.35960118 205.57453129 245.89489804],
20190222,529970458,1009,1550878477.290818,113.77209569799044,60.26502508201408,749.1698488341499,[116.79334941],
20190223,530144820,1024,1550961900.3714304,117.2298726458006,55.4973011427234,899.7023789141833,[ 20.49444126  39.26750446  58.45612302  77.99640398  98.45186189
 117.10205444 137.27421322 156.51635881 175.34583917 195.78565673
 216.03888121 236.1213612  255.80931366],
20190225,530342801,1017,1551062681.3099508,115.50136390010783,59.55271082468317,633.0876688092721,[ 20.7678686   41.31648088  61.71588138  82.30869424 103.21627922
 123.26033653 145.23745323 165.53411806 185.37980698 206.97741555
 227.72340104 248.06436385],
20190225,530342801,1020,1551066073.8940663,117.18474041003587,61.98490009207052,627.3833287088338,[ 38.9087353   57.30599227  76.67137607  96.66717833 114.67009013
 133.6422001  153.04851986 172.45832926 191.69972621 210.25812522
 228.16348993 246.88337007 265.38861324],
20190225,530489496,1006,1551134486.9354134,109.89557990264015,66.7095035724104,2564.0198456069197,[ 57.80752762 116.51717915 175.57552275 229.37336062],
20190225,530489496,1015,1551134350.8728652,117.46387524046128,66.6802545851508,329.1450011046703,[ 57.25878344  76.01476003  94.77989505 114.08529744 133.12531741
 153.04565415 172.07938527 190.75800101 209.4616069  228.72051655
 248.67116182],
20190225,530489496,1018,1551134308.0249743,114.42093225536809,63.695106548799586,1509.931006080761,[ 57.78355255 114.48647433 133.33162443 152.8833398  171.77926236
 209.95058117 229.89485304],
20190225,530489496,1022,1551130954.0214167,115.51006220519461,59.84259348796975,831.625846108424,[ 62.51527504  82.69404718 103.75480915 123.67088248 144.24915021
 165.62904652 185.9927105  207.48753687 228.17833372 249.24193121],
20190225,530489496,1024,1551130963.846987,113.50120378542451,63.108941249355304,2401.5865753090784,[ 61.71280573  83.49772763 102.75016845 122.86782716 143.28741524
 163.79777444 184.23582797 205.0002208  226.88060285 246.36103364],
20190226,530681886,1007,1551217697.4367259,111.24013907972665,61.02917709922609,1445.5107319678323,[ 61.43644186  82.05235358 101.73771773 122.95666404 142.50978302
 164.86966319 184.57401995 203.67788889 225.03386649 244.69062055],
20190226,530681886,1021,1551221239.6597342,115.06805891871537,61.49997964951629,989.0470302615122,[ 77.95545119  97.10106573 114.44898418 133.46135228 153.71479146
 172.97705605 210.76186806 230.55709052 250.72575522],
20190226,530672521,1020,1551217495.3403487,114.98254907279882,60.039041937978915,1543.1626464288297,[ 38.84796643  58.56036733  78.27292093  97.32136853 116.77732792
 137.29956969 155.99989401 176.78812162 215.43264552 235.95591593
 255.27851934],
20190226,530672521,1021,1551217482.6333249,115.9365057476913,62.48672406600471,1374.3907540751952,[ 57.56147417  77.53244341  96.42883102 115.89938176 135.26109587
 154.48494266 174.76593017 193.96502648 213.8664186  234.84721013
 253.84882717],
20190226,530672521,1022,1551217472.4564457,115.96855414032666,61.99781400221186,910.1875167977735,[ 38.96420532  58.25309698  78.30566826  97.47114831 116.806486
 136.77557076 155.62755013 175.82026285 195.11477823 214.38910252
 234.47835514 254.41340511],
20190226,530672521,1023,1551217463.511382,116.1059318859475,62.60301467397788,663.3987092245561,[ 39.97960133  58.6096891   78.10069182  97.35693643 116.85730433
 136.25862447 156.34639739 175.27210555 194.91713277 216.40005673
 235.55263085 254.4332083 ],
20190226,530672521,1024,1551214026.5988386,117.91671414244875,55.61965869258351,767.0699887508247,[ 39.92196265  59.12690145  79.4408698   98.37941601 117.83163171
 137.55828263 157.18824974 177.21956907 198.08463566 216.31406743
 236.00038788 255.45042014],
20190226,530672521,1025,1551214034.6120384,116.4095867598896,55.51574684805617,1436.2691950259482,[ 59.69290933  79.15451243  99.46906687 118.59877759 139.02742332
 158.23194817 177.54665708 198.16907643 216.88627792 238.07809446
 256.54929418],
20190226,530672521,1026,1551214050.748284,113.69274276774313,55.37072804958868,2045.2502205578355,[ 39.80699807  58.85359972  78.25609663  98.59721688 117.07512919
 139.21760042 157.45217978 176.69686562 197.3833026  217.79749635
 235.71987398],
20190226,530695031,1012,1551223147.2185392,113.90130485986468,57.51332177998738,2050.6917254973314,[ 39.07650457  58.76754345  78.39314064  97.57618755 117.60762651
 137.81589861 157.109043   176.49906352 195.43079487 215.74534841
 235.2837459   21.59776225],
20190226,530695031,1013,1551223164.4704552,112.56250154526282,56.84776931867627,1831.1441667037016,[ 39.38410423  58.54230045  79.06103327  99.01039089 118.00197879
 138.55910665 157.58307402 177.05887295 196.47856208 216.27328576
 236.32479374],
20190226,530695031,1014,1551223180.3983164,113.94548409229692,58.441792231683884,1846.7507304403555,[ 19.35941739  39.06470965  59.16696969  78.44411557  98.40538281
 117.24555731 137.39922223 156.39023454 175.96257315 196.10573152
 215.25087239 237.04026   ],
20190226,530695031,1017,1551223231.6857622,116.0031599553656,59.20918513857985,1542.018952975754,[ 20.12905423  39.0211723   57.86524311  78.6106724   98.0171577
 117.19905752 137.41303918 156.8403338  175.64086675 195.48542672
 215.17860276 236.15054941 256.78634687],
20190226,530695031,1018,1551223250.2174134,116.06713397681878,60.97716971731439,1323.5247197453082,[ 38.90130189  58.31933531  77.81033273  98.1178841  116.99978105
 136.46737795 155.7479402  175.61327145 194.84121849 214.26773116
 234.65934644 253.42447692],
20190226,530695031,1019,1551223266.2510884,117.66729849292423,59.85877313110217,796.4155636299895,[ 19.64356402  39.25010882  59.22898971  78.36488595  97.58895064
 116.80999134 136.6318337  156.14700037 175.64007424 195.75886929
 214.8266196  235.03935873 254.21614256],
20190226,530695031,1020,1551223281.400194,118.2810996829516,59.832612031416126,595.5632648932407,[ 21.98421342  38.96464114  58.57346944  78.57089439  97.47987643
 116.61010004 137.09099525 156.06813883 175.57669735 195.31882676
 216.65285116 235.26817862 255.35555015],
20190226,530695031,1021,1551223295.8111572,118.70463986836549,61.24018866472302,682.1134544687282,[ 19.31651388  39.29343148  58.75047285  78.76779241  98.19206882
 117.54810299 137.11397186 156.54111166 176.41624701 196.47391
 216.65150097 236.58542776 256.74671878],
20190226,530695031,1022,1551223309.8578575,117.38663284765542,62.50286119325477,1131.5585843841009,[ 19.84671565  38.82980554  59.20601242  79.09515011  98.8779635
 117.70658015 139.1658418  156.61481443 176.61308026 196.89788203
 217.56626391 234.80741202 254.71712942],
20190226,530695031,1023,1551223320.9934497,116.02801633250506,62.24821473749116,1728.1505411534574,[ 40.2154244   59.25812108  78.61220196  97.1294344  118.91710977
 136.63045983 158.94924518 177.90968887 213.73346142 235.54214933
 255.65325021],
20190227,530706111,1009,1551228089.0020955,115.00639864063609,54.671590958964714,1574.8198743255377,[ 59.12872728  78.59613283  98.98906004 118.2754144  138.08509677
 158.20523099 176.94766438 197.01295923 216.52843253 236.57116588
  19.85671502],
20190227,530706111,1010,1551228103.7757652,116.23082698470618,54.73210668582074,1063.1508207280242,[ 19.39858384  39.8342781   59.09105896  79.19795355  99.072101
 117.55277464 138.57876275 157.89330023 177.27744343 196.29454576
 216.76214857 236.4443214  255.99305305],
20190227,530706111,1011,1551228118.9997773,116.03989914082179,54.62222899123268,631.9993148257873,[ 19.8298551   39.51009707  59.28633108  79.21669815  98.89077031
 118.32675023 138.40551772 157.98214345 177.37301999 198.14127841
 216.80063661 236.59263996 256.39580519],
20190227,530706111,1012,1551231131.0742927,117.56503356810262,61.68342706895983,486.48360263496846,[ 20.06638845  39.03451475  59.12531441  78.22515864  97.58489343
 117.72184775 136.66316456 156.47249891 176.43254163 195.83841049
 214.95983943 234.63351619 254.54166104],
20190227,530706111,1013,1551231115.9783337,118.21747113691455,61.96737147362323,483.3559410150598,[ 19.64187716  39.47699529  58.70124947  78.95680175  98.22547032
 117.59310024 137.65725622 156.54024517 175.93967408 196.79199845
 215.05764272 235.04214451 255.85492647],
20190227,530706111,1014,1551231099.0995688,118.0358800590132,60.3220208166134,668.4577681681014,[ 38.96181212  58.45280229  78.45319564  96.97310079 117.33515618
 155.79478342 175.73486782 196.0082106  215.86054189 235.49576742
 254.83265991],
20190227,530706111,1015,1551231083.711544,116.76929884184473,60.165318592395735,1004.8897218054088,[ 39.62519148  58.67501134  97.54894618 117.26768114 137.31961473
 156.93862612 176.62872731 196.62985736 216.08698199 234.28510286
 253.86062312],
20190227,530706111,1016,1551231066.7392342,115.63494727842576,61.43036434173966,1335.2477617661516,[ 39.34156467  58.4246516   78.70328128  97.78303466 117.1853907
 137.52985167 156.57587045 176.69076486 196.01363135 214.74635238
 233.21542864 252.88956854],
20190227,530706111,1017,1551231050.1567264,114.46001031879109,60.54918535397676,1472.8500469839287,[  7.24923559  39.1735642   58.54437132  78.33619528  98.83889124
 116.31986077 136.84913879 156.29555526 175.63090539 196.48280765
 215.87410269 236.32661022 254.80603206],
20190227,530706111,1018,1551231034.5405812,114.77321895966642,58.148608486231225,1561.3574453330843,[ 39.53111533  58.88956742  78.4078577   98.05176149 118.34981131
 138.31433557 157.5327015  177.06846277 214.64761344 235.54120073],
20190227,530695031,1021,1551225979.281526,115.93336673180644,62.805415866709474,1636.242857514129,[ 40.3903267   59.71611501  99.59237864 118.08498145 139.47565462
 158.07121965 178.20961635 198.42281453 217.60808566 235.97212221
 255.68495601  79.27331349],
20190227,530695031,1022,1551225970.1604831,116.66184592846513,62.874917507323424,932.5787304943427,[ 39.85060332  58.83251717  78.51261029  98.75331503 117.56529669
 138.15104833 157.56145719 176.32134764 217.16008763 236.569683
 255.36855254],
20190227,530695031,1023,1551225962.492511,118.16097984829385,62.877410417403475,441.86524182514876,[ 58.34545933  78.01005587  97.98412769 117.08682949 137.25115332
 156.23711069 176.00557946 196.86947304 215.80463478 235.55143319
 255.61842674],
20190227,530695031,1024,1551225955.6582077,116.92719187027198,64.09348877890173,1239.2827362325254,[ 58.97156463 117.67797308 136.91253039 156.48959477 175.85355265
 195.83690304 215.67971099 234.35391242 253.31254248],
20190227,530695031,1025,1551225948.0489454,113.27416651853387,65.30813229146243,2358.6089174998715,[ 58.94488998  97.60560141 117.79473177 138.09948425 157.89079397
 176.7996119  215.9241728  234.15421749  39.38061697],
20190227,530842926,1023,1551293345.2294226,114.70041945391688,70.15949991755492,1838.3885143663404,[ 37.17746838  55.4189887   74.69500614  93.33965952 111.34635186
 130.95359274 148.69004531 166.75213467 204.99666393 191.0261993
 224.46550819 243.33526675],
20190227,530842926,1024,1551293336.1171458,116.58550900568429,66.75678220901467,866.0408845857926,[ 38.03493503  55.5759378   75.29506169  92.74791898 111.49203327
 130.97475149 148.92772167 167.10277433 186.16363164 204.52633267
 224.53229304 243.79668537],
20190227,530842926,1025,1551291031.3922167,117.57423951552587,56.80312951592321,739.0983503152039,[ 19.11888523  38.88951698  57.88993157  76.92302671  95.95657526
 114.99736973 133.93502749 154.00917497 172.39162402 192.45276246
 210.18671777 229.33642225],
20190227,530842926,1026,1551291047.7184823,116.49360584757693,57.11797363511122,931.4024640198861,[ 38.09824685  57.3479405   77.02594659  95.69449201 115.18685878
 134.17151495 153.78718198 172.42893289 190.92878136 209.90687798
 229.71306254 248.52607794],
20190227,530842926,1027,1551291064.3440638,115.70253445559324,56.533677531522805,1152.725115097594,[ 38.87191219  57.46920353  76.7220457   95.37746506 114.40058718
 134.8209258  153.0319506  172.29160883 191.67235478 210.33602515
 229.25430165 248.95843446],
20190227,530842926,1028,1551291080.9440668,115.63156677960926,55.967574111245725,1381.6140869363433,[ 38.20413833  57.02133874  76.86487179  95.95348736 114.43691908
 134.10888779 153.10996462 171.64731012 192.1056406  210.23773787
 229.64368494 248.87629376],
20190227,530842926,1029,1551293268.1575687,114.60170850060689,66.38035465961472,1689.3476971056516,[ 37.11084336  55.60118277  75.258098    93.15104262 111.79329282
 130.51164267 148.55949763 166.9382108  186.33562218 205.35982018
 225.21472589 244.98808922],
20190227,530842926,1030,1551293259.200578,113.13709606718984,67.11633254247536,2306.254217211369,[ 37.33071931  55.93670594  93.83317406 112.19218194 130.78161924
 149.24930162 168.38192247 205.54903133 224.09955154],
20190228,530893864,1015,1551316020.7670653,132.55642433297953,124.52258736377482,5341.733690556406,[ 91.20784131  45.57086366 106.98315824 122.22264999 137.23121673
 180.66567806],
20190228,530893864,1016,1551316001.4356234,111.77416949469658,74.72575882820328,2918.966787986644,[ 93.15447262 111.70789815 131.31901624 149.96239004 169.08963599
 206.52072514 228.10162149],
20190228,530893864,1017,1551315983.45683,114.53007311861347,61.0446301733391,990.0950296824686,[ 57.45850345  76.12657596  94.98316017 115.48628661 134.52748862
 153.66598441 172.71988188 194.55602706 211.22323889 229.73670516],
20190228,530893864,1018,1551315970.6418023,116.10974013226765,67.09350052236154,690.05386270287,[ 75.68476921  94.67965526 113.32674073 131.7551349  149.87195001
 168.83371755 206.60626347 226.09513958 245.91071192 187.81147704],
20190228,530893864,1019,1551315955.0771916,118.78641022761003,65.29063358021038,265.4799491023828,[ 56.59838423  74.90690715  94.41215113 112.65472533 131.49731758
 151.24720148 168.95584594 189.19303401 206.87264678 227.07951352
 245.58611277 264.24886895],
20190228,530893864,1020,1551315940.326584,118.41528791168945,64.50363438053986,259.36211800242864,[ 37.16840957  56.19053956  74.28447598 112.81552947 133.0117124
 149.3822768  168.14445541 185.48358598 206.14206031 226.11011897
 245.8451173 ],
20190228,530893864,1021,1551315926.9334486,116.09218691486558,64.57822339860944,644.0036908960792,[ 38.1727999   56.23057095  75.42948106  93.27768538 112.79338156
 132.38682126 149.9820733  170.21656825 188.59146396 207.08766777
 226.86430266 244.77327829 265.02851226],
20190228,530893864,1022,1551312198.235733,115.04676509562059,57.11306381326335,922.0615465245467,[ 42.00671556  61.96793615  81.89064108 101.98825699 122.93683503
 143.73996716 163.81740864 184.62054077 206.95274681 227.56104224
 248.24359431],
20190228,530893864,1023,1551312200.6343691,119.17331129300233,57.7537761464142,1135.4144942902926,[ 41.17290754  61.23169724  81.92704831 102.59106501 122.72430517
 143.11128378 163.72981724 184.52182616 205.32771335 227.72640406
 248.47701761],
20190228,530893864,1024,1551312201.2791638,122.16965772009809,58.20119446163388,1977.9861006086765,[ 61.80926375  81.8269241  103.24043633 122.975324   143.57800305
 163.86246803 183.88027683 205.01678834 226.72734808 246.76878096
  61.79072037],
20190228,531043310,1007,1551387323.357008,111.03795689514116,68.15813911329413,1964.0521561225992,[115.01189742 152.95638358 173.40656702 235.55344861],
20190228,531043310,1008,1551387305.5048301,114.1451417892829,63.193923961936896,1331.3735866591508,[ 98.30615934 115.44924694 176.53552117 158.30383771 238.81393364
  79.97561494],
20190228,531043310,1009,1551387296.4831862,115.37380312623637,63.635367092301756,909.3789201019148,[ 97.44311905 114.72397059 135.90728219 154.3742594  173.86999306
 212.68087444 233.92033482],
20190228,531043310,1010,1551387285.554084,115.080287410044,67.54763261313931,1069.2785272075448,[115.9029715  152.56367417 172.41372566 227.66253457],
20190228,531043310,1011,1551387271.9442606,116.30130919993061,68.54132720863484,1001.6095197930559,[ 38.2970803   56.99468677  76.20726142  95.70998347 114.4504479
 134.21565184 153.46057505 172.25194178 210.70964937 227.61285954],
20190228,531043310,1012,1551387257.0,115.88078155024155,66.82150664262035,815.7636499531532,[ 76.87865681  96.32451278 114.1827573  134.84169792 152.81957776
 171.9385017  230.77193568],
20190228,531043310,1013,1551387241.5892994,116.87140864341895,56.21636432354174,522.735083495196,[ 75.85963757  96.24057233 115.65739394 134.31982349 153.87054922
 173.61566897 213.05251628 229.5441728  195.88404442],
20190228,531043310,1014,1551387228.4940615,117.74829991316865,62.00184465168311,848.5928353783573,[ 37.62347481  56.4763404   75.61549523  94.28363729 112.76445637
 132.53606211 150.57578363 170.28742684 189.35266815 208.74131807
 226.68817365],
20190228,531043310,1016,1551387199.550381,106.93882520712866,70.79305441132483,2505.35292472475,[ 37.95318184  55.62839298  74.93201421  94.40506764 113.84782974
 131.92245048 149.76910344 168.18669694 209.45380331 226.73805081],
20190228,531043310,1017,1551387172.013168,114.62027340363599,59.18637190355936,930.7154962953484,[ 58.34744996  77.55551563  97.02943526 116.76806548 136.39771327
 155.57838312 174.69112371 214.53412689 235.87724045],
20190228,531043310,1018,1551387159.0,117.66114830260761,64.240317153122,570.6157657236497,[ 58.2483539   77.07983436  95.29265089 113.79855517 134.05841671
 153.21090133 172.23448119 209.84904606 229.27652086 249.99630178],
20190228,531043310,1019,1551387145.0210176,118.75114994943645,65.25476086636826,252.30217455943867,[ 18.91447802  38.40011528  57.09398932  76.06519091  95.02981199
 113.0349595  133.29199778 151.11286939 170.60104978 198.04546428
 230.05074584 248.52417083 191.62295306],
20190228,531043310,1020,1551382661.8574977,117.52432259673407,59.462384541849175,784.4296517588984,[ 19.84399725  41.22181413  61.81850911  82.61754515 102.63971432
 122.95250405 143.93942767 164.609772   185.12792718 205.20025843
 227.72605158 247.29821359],
20190228,531043310,1021,1551382676.0867922,115.94991037489137,60.36203794648226,983.4785372300464,[ 41.70685426  61.71518078  82.46849047 103.47674231 123.20832332
 144.94950464 164.50153661 185.51036443 205.71415437 227.47408689
 248.89608544],
20190228,531043310,1022,1551387103.383649,113.0466474511925,67.03754054471682,1745.7650178986885,[115.50582038 135.05065175 153.6466582  173.41817183 193.56737452
 212.07021157 232.38819549],
20190301,531236830,1009,1551473188.1491284,113.98796687741408,67.44819434223757,1365.5719602075344,[ 57.66479956  76.79266593  97.19246951 115.06664305 134.49675781
 153.61321066 172.86841553 212.47469483 234.05341918 253.53905609],
20190301,531236830,1010,1551473178.771867,113.16966593168566,64.34216935728075,925.5823323773735,[ 76.11634403  96.00805657 115.33750016 133.6814203  153.3122747
 172.67838336 230.11655345 254.75331407],
20190301,531236830,1011,1551473163.9602046,116.62993314570467,70.16995234509743,1108.7648363994012,[ 57.3696626   75.65932636  95.17971363 114.49445616 133.64908636
 151.15417166 170.79896961 189.54722277 208.76962844 227.18545686
 245.88637694],
20190301,531236830,1012,1551473147.4992125,114.36629499889894,70.6318694988244,1229.502486262641,[ 38.66374882  57.51049909  76.73466946  95.82317997 114.29638173
 133.91934906 154.14508085 171.27860116 190.94770774 209.51718179
 229.14736919 248.53561093],
20190301,531236830,1013,1551473132.6937919,115.3293847525013,61.42358410798383,811.2949323698921,[ 57.34079949  75.75056812  95.55509428 113.72017157 133.0927773
 151.68977503 170.34347397 209.10227887 231.56966983  38.69171951],
20190301,531236830,1015,1551473102.5636961,119.71096300056458,64.10156018538513,1079.3615929870368,[110.06298302 129.48515145 146.33050753 164.94415574 202.10307766
 224.04128685],
20190301,531236830,1016,1551473087.7940412,113.70768693971918,67.72001822691834,2405.364567305672,[112.29856843 149.44862573 168.57797639 224.41263224],
20190301,531236830,1017,1551473061.928561,114.32119053482334,61.453021446439756,1657.9893261984691,[ 95.91249906 115.53430117 134.45399646 153.48764372 172.54376192
 211.16565343 233.68396867  78.75812142  59.07230859],
20190301,531236830,1018,1551473048.0134163,116.39682154132628,59.92232044711647,739.085280875429,[ 77.33062862  94.79126066 114.96083953 135.1658456  153.51399316
 172.69664826 214.41748785 228.91215761  57.87843772],
20190301,531236830,1019,1551473033.3926308,117.82889802996336,64.37338684646136,514.7333316736152,[ 57.26617217  77.0414848   95.28708214 114.48670799 133.51255069
 153.52875861 172.82555937 209.33252322 228.51787511 248.38302776],
20190301,531236830,1020,1551473018.7402453,117.00562721642804,64.1171373001524,288.3084803338307,[ 19.63448565  37.83089227  57.24850079  75.57317245  95.02369438
 114.16531795 133.34824957 152.75058771 170.41053053 207.08430568
 231.32998124 250.06421403 190.40919868],
20190301,531236830,1021,1551473003.1011937,116.6445886236437,63.6771255152937,401.79715526558016,[ 18.89345961  37.81144753  57.62002915  76.53398782  94.75953053
 115.2416899  133.50376714 153.63452963 173.2455057  192.06692178
 209.69563869 229.71151412 250.32787006 268.91361467],
20190301,531236830,1022,1551469466.6568031,114.71987347072721,57.59746519553058,958.8702789838334,[ 63.10987409  82.92412284 104.30073148 124.40059586 145.77625901
 166.60492605 187.41035499 209.27633168 250.68060548],
20190301,531236830,1023,1551469474.0834548,115.73450373477333,56.160013818365975,1317.399713726876,[ 21.19759176  42.20643363  62.09687185  83.96317281 104.56053425
 124.87548015 145.71993993 165.8287129  186.78461194 207.46304532
 228.99445207 250.58068402],
20190301,531236830,1024,1551469482.3422725,111.10752542857581,58.904151514712524,2276.4515662176855,[105.03482702 125.63121045 146.75109276 167.00369849 187.44657493
 208.45058748 228.94992754 248.35186046],
20190301,531254054,1014,1551479351.1859632,109.96694665947892,127.00319650401147,7274.003465857259,[ 26.23000347  39.70973593  52.76736724  65.83542566  78.82252578
  88.64666245 107.61241461 124.02989522 127.18312471 140.29571773
 154.36211036 161.14978738 196.55165817 212.81652971],
20190301,531254054,1015,1551479335.0621908,115.15491350280014,58.703094527015736,677.3778879833121,[116.46588276 135.36460501 154.00762118 174.45472967 213.22738857
 232.2719417 ],
20190301,531254054,1016,1551479318.661303,117.62079069664672,63.19921826487569,631.5937811671055,[ 57.26412431  76.70926943  94.71449783 113.55974638 133.13603152
 151.86215766 171.62759197 190.88987756 209.89770912 228.21368941
 246.68073529],
20190301,531254054,1017,1551479305.3419898,116.66039340173798,64.55885783973864,416.61346909452186,[ 56.76046852  75.38715737  95.083377   113.76600403 133.63290429
 153.18348055 171.12964361 190.36823056 208.48497593 227.66387587
 246.6344395 ],
20190301,531254054,1018,1551479290.597944,118.38598016894164,64.3639607248548,336.54496399300956,[ 38.05865618  57.22445518  76.18653953  95.06076536 112.99572644
 132.5870953  150.83040971 170.83819232 189.6517744  208.68668609
 229.22117983 247.57940718],
20190301,531254054,1019,1551479277.5340405,117.83706247254989,64.84326305016339,887.5330232309915,[ 56.96444916  75.18989161  94.37241424 113.13738731 131.92904992
 151.6213362  170.14983406 189.45013404 207.71467213 226.9073705 ],
20190301,531254054,1020,1551479257.8058736,121.99073286544059,65.87178687849531,1417.4282363058112,[ 37.14357967  56.39044328  75.76976983  94.58004933 112.84229402
 131.87892558 150.05069528 168.83240209 188.15771327 207.6367027
 227.21876616],
20190301,531254054,1021,1551476026.936975,113.32558425262677,57.49431005901511,1530.8673168897612,[ 62.36961553  82.55647462 103.30624982 123.50456827 144.61701782
 164.80323708 186.30678877 206.79405404 226.81172323 245.94323749],
20190301,531254054,1022,1551476038.1218207,115.02981021992274,57.8739712604856,943.7334232836085,[ 62.4332411   83.2069013  103.17141284 123.67228297 144.19223253
 164.81816192 185.92139583 206.22093085 114.75555793 227.17840771
 248.91569088],
20190301,531254054,1023,1551476044.591309,115.0586121393806,58.811652334654276,998.5604496432397,[ 41.1813229   61.56113726  82.81556398 103.86875947 124.17240487
 144.67398732 165.95740108 185.70256546 206.32570778 227.06329179
 248.36914923],
20190301,531254054,1024,1551476049.2881658,113.6904070664304,59.37555699397525,1676.4085800599669,[ 61.8731604   82.91614008 144.46171464 164.95014132 185.64725122
 206.5090056  227.17907542 247.76999656 123.44872756],
20190302,531272879,1020,1551487232.6214776,112.75145499492348,62.760445777124545,2457.450091826609,[ 37.64870642  58.74734257  77.95156651  97.25530534 117.29988002
 136.24507423 157.89304635 176.45240853 215.27248352 232.97181501
 254.3710778 ],
20190302,531272879,1021,1551487217.898818,115.14118190476697,59.36330071862333,1581.9148514010749,[ 19.89047771  39.07611301  58.35751994  78.62959558  98.07349837
 117.47476082 137.06287774 155.13149914 176.03021857 215.03529838
 195.57599753 233.42109404 253.15875084],
20190302,531272879,1022,1551487207.0171885,115.7967970420369,61.13144900985678,1006.2686564585227,[ 19.90880577  39.21662484  58.50733858  77.8007053   98.48814329
 117.56666787 138.10678526 157.08032101 176.51186402 196.10734743
 215.86927154 233.91579829 254.3596975 ],
20190302,531272879,1023,1551487199.0823522,117.10135291945844,60.68410876893917,672.3518493843204,[ 19.71871137  39.26203198  59.10315214  78.82929889  98.20098172
 117.260869   137.09285767 157.11605928 175.88914786 195.6980316
 215.9806645  235.92102649 255.06654827],
20190302,531272879,1024,1551487192.8653703,116.16852525767553,59.8752801209429,1201.0326229800244,[ 39.22415168  59.12060081  78.97869991  99.07507684 118.03921403
 136.87415185 157.16270762 176.63146276 196.72726403 216.15339936
 236.40879657 256.87742412],
20190302,531417015,1015,1551560051.898032,116.13519503609129,60.18285316952577,1596.4578248264004,[ 38.94074205  57.17289775  76.57850318  96.28508906 113.96859573
 134.20160324 153.58880708 171.82305745 191.54625276 210.69704626
 230.03873161 250.52912177],
20190302,531417015,1016,1551560067.9076762,116.28226599530248,61.97148877532325,1436.4853462012002,[ 58.10413494  76.79472182  96.60413829 114.78530179 134.80106829
 153.24712747 172.15395728 191.6584453  209.76150227 229.28936755
 248.17593487  39.18326124],
20190302,531417015,1017,1551560083.128485,115.50840963681344,61.157586584248214,1019.2306435250532,[ 38.79444724  57.58632068  76.36743776  96.44963404 114.61727143
 135.07518693 153.16474724 173.06269803 191.67926628 211.54730167
 231.64539482 250.39626732],
20190302,531417015,1018,1551560096.372043,117.09372709146541,61.83264056051897,781.9418841240745,[ 19.39482805  38.70241868  57.06927007  75.83414262  95.43321248
 114.56676416 133.94820366 153.2363277  172.28648072 191.38630852
 211.11138865 231.50057938 250.72323023],
20190302,531417015,1019,1551560111.074046,117.18996019525754,61.59948228397138,753.494043566608,[ 38.8758264   57.39699797  76.84223631  95.95375182 115.61385014
 134.63668744 153.33334324 172.55346711 192.36804011 210.06793717
 229.42186465 249.23559401],
20190302,531417015,1020,1551560125.7407334,117.39788839059169,61.1801138727925,875.2152268061121,[ 38.38619334  57.0144763   76.72929368  95.52788941 114.44106238
 133.9245657  153.0049946  172.81085427 191.55233342 210.74209417
 231.08921313 250.13075261],
20190302,531417015,1021,1551560138.983305,116.11897189269472,61.82746536478469,1320.8768120065117,[ 57.43550515  96.02722022 116.11611737 133.97647314 154.16600126
 173.74541181 192.56567967 213.6385858  232.36041993],
20190302,531417015,1022,1551560150.4396248,112.34238057179081,64.89386078023914,2305.165932458883,[ 96.69487611 114.32200717 134.60574381 153.3503883  172.70103488
 210.93480055 230.19440274 249.52612959],
20190302,531424585,1014,1551564685.6597996,110.77202854443794,59.622981471105284,1868.2600910126134,[ 58.38789439  78.33844468  96.65768479 116.84713708 136.27451528
 155.39044908 174.0633447  194.98499712 213.97650471 233.41333499
 253.58078784],
20190302,531424585,1015,1551564675.5042405,113.09141431734824,61.03137135209255,1275.1697273335571,[ 38.35745289  57.58022859  77.25606516  96.6049911  115.90051167
 134.31438249 154.08280944 173.59585626 213.55613116 231.3339677
 250.54934971],
20190302,531424585,1016,1551564660.8549848,115.49570940488125,61.02600636488604,860.0431158027604,[ 58.13486974  77.69489909  95.42873273 115.59966167 134.65641899
 154.08165393 172.88944423 188.71553455 211.51426582 230.64347555
 250.06967709],
20190302,531424585,1017,1551564648.597681,116.7105827083006,60.719384011798255,490.07800809207265,[ 19.5630501   38.30721761  56.8138717   76.40810969  96.06056096
 115.53476332 133.5491582  153.51069694 171.45201335 191.42470527
 210.40193037 231.03120476 249.71941676 261.46824447],
20190302,531424585,1018,1551564636.2197375,115.86650827305311,59.56421275802614,746.4361773867209,[ 38.23743614  57.81548069  76.61441585  95.71291185 115.25209322
 135.39069261 154.0720011  173.06928246 192.4552836  211.40879798
 231.36247191 250.93694166],
20190302,531424585,1019,1551564622.3855598,115.97049430623106,56.40155728085231,1164.0476144137315,[ 38.46690996  57.64697799  76.83323593  96.07734321 114.51146181
 134.43830047 152.90713891 172.22949737 191.89836161 210.56196667
 229.84666349 249.08602432],
20190302,531424585,1020,1551564607.5544438,115.34292929004467,56.08242390792964,1745.6826654684755,[ 38.37688353  57.07590766  76.91225598  95.55225768 113.685316
 133.15459321 151.90227069 170.94368382 191.40353745 208.57298579
 227.04073393],
20190303,531583949,1015,1551651942.0738158,111.25366603281496,54.91859394249973,2455.58723262474,[ 57.18817746  76.4937017   95.31261174 114.6041328  134.45413567
 153.38893709 172.05751184 191.48904964 210.70570829 228.63401652
 249.48741864],
20190303,531583949,1016,1551651960.2669206,112.71930825553702,55.441558072342886,2251.699432887273,[ 57.01916625  76.2511453   95.41084768 115.00009561 134.04662827
 152.5589727  171.86206306 190.98169282 210.63075628 229.05484943
 249.97687574],
20190303,531583949,1017,1551651978.3214834,114.31894498208061,55.088732347469886,1790.6755839495627,[ 38.7313385   57.6648532   76.85271161  95.96953992 114.03809352
 134.04643742 153.06549252 172.05566946 190.99387887 210.77975365
 228.51725139 248.00015531],
20190303,531583949,1018,1551651992.417864,116.92952468923896,53.35209978417205,1265.8399828166916,[ 57.29124062  75.99296     95.46460436 114.76091161 134.28361976
 152.72487016 172.07160608 191.1358241  209.97391122 228.61357624],
20190303,531583949,1019,1551652008.2599168,116.18466793736079,53.10079318687674,1196.665302614377,[ 37.37299947  56.50073261  76.2724073   94.93150715 113.74507428
 133.04559304 152.43714508 170.71215252 190.22875758 209.94939065
 229.48831304 248.78013955],
20190303,531583949,1020,1551652023.7783456,116.79332785155579,53.42784329237794,1334.5037220976117,[ 38.65484255  57.22245747  76.65325569  96.20483613 113.70928685
 133.53757209 152.57507447 172.14601405 191.26593568 210.65817346
 230.02898839 250.17605117],
20190303,531583949,1021,1551652038.5270836,114.22531833682741,52.62620628444705,1612.285569559108,[ 38.83765349  57.76743396  76.48648484  96.76167151 114.50722028
 133.34761066 152.49609009 171.41292922 192.17169735 211.14767035
 230.93823159 249.3612086 ],
20190304,531605202,1008,1551662328.6670732,113.09051974371586,51.63366896275807,1750.262797838471,[ 57.84283329  96.20957853 114.55991267 134.27004326 153.09454588
 172.58296932 192.86530587 211.4831252  230.81505309 249.19207754],
20190304,531605202,1009,1551662341.7880776,114.92905804755434,51.53844408190984,1147.269130234267,[ 57.94648424  76.51124608  96.37896167 114.79194349 134.81617867
 154.19011796 173.38168114 193.03776666 212.3117784  231.72732626
 250.76851035],
20190304,531605202,1010,1551662355.2139652,116.55450016363014,53.732760683429184,877.7321559082492,[ 38.52437235  57.95319231  77.56489968  96.92031051 115.9112768
 135.92336328 155.02414995 173.86926386 193.16006528 213.12148078
 232.07025334 252.27707899],
20190304,531605202,1011,1551662369.8216832,116.09475426099524,54.55986315244134,800.8508281580017,[ 58.16891006  96.81886159 115.82753219 135.05121192 154.46347352
 173.73971287 193.50466675 212.23052201 232.24132836 252.24359229],
20190304,531605202,1012,1551662386.6047199,114.51077310947569,54.97868256024998,1106.813839491839,[ 57.7804279   77.07841411  96.5802644  115.34705941 135.12691681
 154.70258698 173.72125784 193.09736566 213.83055958 232.51613059
 251.65726099],
20190304,531605202,1013,1551662403.478873,113.28269513251914,55.49036465552564,1428.3772649865994,[ 57.86017374  77.10533771  96.64561843 115.44397713 135.26389141
 154.53458559 174.25696004 193.13693542 212.79682979 231.85293444
 250.61161221],
20190304,531605202,1014,1551662419.6857095,112.31260663766733,56.12874952845897,1922.3784683232473,[ 38.97422826  57.75966896  95.64892031 115.65849389 134.62550877
 154.36926523 173.58226078 192.92646292 211.82698764 232.31997356
 251.70687067],
20190304,531605202,1016,1551667479.1572084,111.108692790495,67.16012237783296,2646.2171778889037,[ 38.51039884  57.57929115  76.94068641  96.28436849 115.4807521
 135.49985633 154.4913231  174.23143925 191.72227895 212.51227624
 231.72779035 250.41404536],
20190304,531605202,1017,1551667463.9875152,112.18704057487008,66.54420488983646,2227.7371521674113,[ 57.58976436  77.58269276  96.73212528 116.03313918 135.42316532
 154.87934351 173.56943582 193.22387101 212.32672603 231.13519292
 251.31695451],
20190304,531605202,1018,1551667449.6949677,114.18150068102653,66.21853933690514,1752.823311712188,[ 39.11532246  58.04635788  77.08213399  95.67036245 117.08028281
 134.335974   156.16983312 175.95828623 191.90791211 210.53281668
 231.4637452  250.92154347],
20190304,531605202,1019,1551667435.7981362,115.54660999584407,66.82035296420281,1498.371010035789,[ 57.64313837  77.70481783  97.56668415 115.29089574 133.64836481
 155.46780736 174.0282058  193.58820516 213.60063788 232.53808394
 251.28973532],
20190304,531605202,1020,1551667421.761097,114.47476509556994,66.45900661500222,1357.9622579316417,[ 38.35400703  57.86336932  76.99380745  95.44011403 114.95111609
 133.71396144 152.72091507 172.27973942 193.70521675 212.36158865
 231.68382583],
20190304,531605202,1021,1551667407.5283058,115.72602161604748,65.80138337988906,1319.489815854729,[ 38.60665216  57.46665067  77.26794924  96.26962414 115.28529433
 133.94172622 153.29452513 173.81283932 191.56427233 212.51834481
 231.31730765  19.33860242],
20190304,531605202,1022,1551667396.2786267,115.18211500171525,66.26146060836305,1694.572047370945,[ 38.56722741  58.07550721  96.21606245 114.57444088 134.3838594
 153.42774084 172.7975619  192.33304565 229.65871576 211.22754088],
20190304,531605202,1023,1551667388.687399,114.08672514287572,65.23783807459607,2171.947406807328,[ 38.28515397  57.27900055  95.62938438 114.74633945 133.82530883
 153.13838518 172.21367834 191.59617292 210.76247457 230.22290094],
20190304,531743626,1303,1551734734.2925494,113.58217605410988,61.53616482735572,1799.8389049825564,[ 37.56486338  56.36308287  74.93576566  94.00400708 113.01023126
 132.59020536 151.00432029 170.23093574 188.70573152 207.37989836
 225.93228705],
20190304,531743626,1304,1551734726.9711568,117.41055401495369,60.760672908266756,658.658686054234,[ 94.74402108 111.24338938 132.14583305 149.07432867 167.67178713
 186.06693718 204.45174389 226.11452876 246.30636361],
20190304,531743626,1305,1551734733.6711314,117.5908030991233,61.81890196694471,944.7655503948878,[ 92.82968042 112.21008645 131.64789669 150.80505225 168.65168707
 187.94766683 206.25851272 225.873304   245.15074962 263.76281252],
20190304,531743626,1306,1551734731.7613885,115.6985702852212,61.34918838868989,1641.4837785657778,[ 56.08784186  74.23918656  93.57098737 111.95502062 131.15286043
 149.41676276 167.44163354 185.91175027 205.23904183 225.44690873
 245.01024485],
20190305,531901801,1006,1551811067.9766233,116.17850291280351,59.011275837466066,1772.8873789663348,[ 58.2058794   77.01644638  95.59821094 115.20810629 134.73068596
 154.35211453 172.35224328 192.24359642 210.42264917 230.26695449
 249.82131037],
20190305,531901801,1007,1551811051.5156446,111.94428506955227,60.259101674673616,2067.785207211006,[ 58.17165472  77.76787374  96.15774186 115.85554129 137.13898782
 154.62961999 174.57964122 195.66757302 215.67988799 230.28040123
 250.28030668],
20190305,531901801,1008,1551811029.699153,114.67515417154823,59.260601240538094,1922.5968039759937,[ 58.95098014 116.74651767 137.41353072 156.52394465 174.45642535
 214.37148676 235.18319537 250.83584951],
20190305,531901801,1009,1551811018.3734312,114.31785649810277,57.15915206601292,1113.3737553733613,[ 57.99221743  78.58995138  97.05262829 116.3491658  136.82957061
 174.27701895 214.06246401 233.9597163  253.13306947],
20190305,531901801,1010,1551811003.2690725,117.73626841404804,58.949422712536325,777.4637883081845,[ 38.93853736  57.67700899  76.96820643  96.36119758 116.57290091
 134.70162159 155.07361436 173.57426244 192.26070579 212.60754213
 232.35271158 251.13239561],
20190305,531901801,1011,1551810989.2516754,118.55901120542035,60.14781882632497,549.3726929755236,[ 19.15435979  38.32278606  57.60223019  77.33560728  97.19508706
 116.55747061 135.36854537 154.42945842 173.31036694 193.60994393
 212.62391616 232.53091842 251.18669058],
20190305,531901801,1012,1551810973.14073,117.9263381483263,60.249975489854826,793.837934895523,[ 20.09483725  38.93857092  58.10164745  77.50448068  96.88637242
 115.9472157  136.14013531 155.71844165 174.65191266 194.17017411
 213.98159768 232.97565832 253.07219792],
20190305,531901801,1013,1551810956.2707078,116.6318670187246,59.45577230599664,973.5804359380489,[ 19.6459191   58.27599123  77.88121924  96.9441626  116.36881759
 136.63761661 155.39855549 174.70615146 195.63686217 215.42108567
 234.38577462 255.29932362],
20190305,531901801,1014,1551810939.0392144,115.65198366750879,58.401362497160775,1195.04481152018,[ 39.13690794  58.80903998 116.61542515 136.41269909 156.52980795
 176.5875382  193.29299359 216.09633807 237.04204054 254.71687184],
20190305,531901801,1015,1551810923.042906,113.85333726264714,60.32786965817345,1723.1679325576122,[ 59.09643213 117.23835275 137.04314203 156.80084689 176.5099527
 196.69057036 216.31843396 233.28113983 253.19322911],
20190305,531901801,1016,1551810904.3736975,113.90371820189408,60.3623085547854,1875.9343648762183,[117.37015699 155.47568973 175.41979852 214.12831937 234.93452047
 137.87832139],
20190305,531901801,1017,1551810888.4349837,112.23183220975663,59.795651832645206,2035.1442101490434,[ 39.01227326  59.20011722  77.79435161  98.41541779 117.14728372
 136.82970778 156.75445914 175.80518434 216.46792662 235.70639991],
20190305,531901801,1023,1551807792.3231971,114.80275425682531,60.34515233413381,912.506430383565,[ 20.18963121  39.55337502  59.41964443  79.69262146  99.03596543
 117.83158037 138.19753366 157.5584383  177.37755689 198.09641094
 216.82999389 237.07845778 257.04149612],
20190305,531901801,1024,1551807800.3787959,114.68489879692038,60.81473605437888,783.2527371693119,[ 19.49098111  39.31733134  58.72573496  78.57837887  97.97894813
 117.69244994 137.23053095 156.89182235 176.26999279 196.39802976
 217.28335938 236.69639077 256.74954946],
20190305,531901801,1025,1551807809.5613437,112.5042972549304,62.95932705524089,1772.6184562562364,[ 39.27939827  58.49649833  78.61525171  98.20748594 117.28252515
 137.5468717  156.77187841 176.48193641 196.2795735  217.02483341
 236.49625491 256.34387506],
20190305,531901801,1026,1551807823.7525537,111.3165833885661,64.33749777140378,2632.2260612032314,[ 39.28970267  57.87315062  78.26920891  97.6456749  116.89788588
 136.58624768 156.27778929 175.58746478 195.13710156 214.34949777
 234.47564021 254.63219855],
20190305,531774192,1019,1551745413.5043726,115.73734096329544,62.72679082028523,2510.200475217269,[ 38.51120804  58.64556512  77.84351781  97.63674202 116.99696204
 135.83941297 154.8191821  175.13927664 194.58436677 213.29573527
 232.07993214 253.3090976 ],
20190305,531774192,1020,1551745431.2228234,115.26904001040586,61.038131053437105,1850.1842516843394,[ 39.40294913  58.44320891  79.07035962  97.4452114  116.59205436
 135.86874195 156.00400554 174.94413639 194.80015229 214.70576358
 232.19415175],
20190305,531774192,1021,1551745448.0263784,114.3415221329517,61.51347566351901,1462.1129800422132,[ 19.43919311  38.60509829  57.92074301  77.3311383   97.1644356
 114.98642496 135.0888932  154.15600203 173.65966665 193.11780466
 213.44388792 234.61658275 254.46201744],
20190305,531774192,1022,1551745460.4054458,115.2013350328767,62.66942598554974,1141.2910391944904,[ 39.03918353  58.05650064  78.29137352  97.35107687 116.8917606
 135.9422454  155.21207993 175.43198258 194.67876489 213.31898991
 232.93851263 251.85297741],
20190305,531774192,1023,1551745468.1941402,114.56560122651767,62.459549578730744,1258.7630531839259,[ 39.31623909  58.55962245  78.10157821  97.17599814 117.11498615
 136.52320098 156.13554153 175.42705877 194.69912593 213.78354004
 232.80909154 252.0372828 ],
20190305,531774192,1024,1551745474.2194147,112.1833687083196,63.474531210491406,2133.717210193714,[ 39.21613835  58.16007078  77.68461369  98.85636287 116.80785507
 136.68267054 155.48244608 174.70278964 195.0377882  213.8333936
 233.09267564 253.38298103],
20190305,531774192,1040,1551747860.9970157,113.44783171163746,68.81760703579123,2725.051458297063,[ 37.4540653   56.85177006  74.5710994  111.43279499 150.58215489
 169.18148954 226.29357753 247.13885376 205.87103335],
20190305,531774192,1041,1551747850.5969594,113.75805358794165,65.32408799261042,1491.921021225169,[ 56.60046627 112.51162628 150.39779473 169.47189193 187.40051468
 207.31652962 225.64752659 130.74313616],
20190305,531774192,1042,1551747836.8732383,116.08827159488682,66.12090360366516,1116.546161022909,[ 37.76208565  55.61671479  93.77036255 112.13163862  74.55997045
 131.32479257 149.10684294 168.29105697 186.72486294 203.79053312
 223.16408314 242.04130864],
20190305,531774192,1043,1551747822.4099307,117.24903399605286,68.31116821308343,1062.5283513784727,[ 37.33760482  55.50210339  73.87906145  91.85013669 111.9293841
 129.35016105 149.58379269 167.44547183 186.5812627  204.25186921
 223.42656771 242.08500357],
20190305,531774192,1044,1551747808.2627766,117.60870569223252,68.9913484648684,1054.1953387166466,[ 56.50964353  93.13346883 111.15983942 130.60632706 149.2104217
 167.39293879 186.29382755 205.20395812 222.81299466 242.78118881],
20190305,531774192,1045,1551747799.869985,116.20816377821833,68.94645835832738,1201.0565972369373,[ 56.11552975  74.88607722 113.02094997 130.9886439  148.76606524
 167.94801419 186.06735355 205.11218723 224.99806413],
20190305,531774192,1046,1551747793.5585315,112.90373844433361,68.3191544055401,1818.7654659586667,[113.28217238 150.61353448 169.77661343 189.15599796 208.2791898
 227.14980302 244.857449  ],
20190308,532501367,1305,1552077850.992977,114.64659262639,59.08584800614176,2190.095603823186,[116.96099896 155.92658895 175.1952873  194.92695846 213.51457357
 234.74504068],
20190308,532501367,1306,1552077854.188008,115.59080473269789,57.92574134930196,1287.5314108227533,[ 58.76615778  96.99932705 116.75402365 137.98589553 156.76812897
 177.2801173  196.06542847 214.22352492 234.10270983 254.56808729],
20190314,533421550,1002,1552529076.632324,124.27440844920172,37.796939926971476,513.6102768201613,[105.53672331 211.34254758],
20190314,533421550,1003,1552529068.3162377,117.27800142941338,60.39804780267902,520.7567260451186,[ 55.45612721  92.95590111 109.98905912 149.60086063 165.92946525
 222.64622463 240.0134672 ],
20190314,533421550,1004,1552529056.9779606,117.31022522013595,61.68497263639661,293.32515084181534,[ 37.25709169  54.15382355  73.31954954  92.57987732 110.37328645
 127.71405149 147.85292839 166.16684434 186.14026381 204.80763462
 223.04051092],
20190314,533421550,1005,1552529047.2512455,117.01518084474529,60.62162665928714,918.0867591517072,[111.65236447 222.99991292],
20190314,533421550,1006,1552529039.6448228,117.67166549661594,148.0839605624286,2972.6814967216646,[111.69200556],
20190315,533770152,1005,1552685679.0,118.79991608201261,76.48685269835738,2078.0724212328682,[109.98021409 164.08083643 217.41046125],
20190315,533770152,1006,1552685667.273778,114.93390883326431,74.35319107174118,1991.2346973735569,[111.97480459 167.46370752 224.39386293],
20190315,533770152,1007,1552685650.8714144,112.21128630060187,79.99412091150995,2381.945580686364,[114.80759461 152.66903397 172.3887251  229.29577735],
20190315,533770152,1008,1552685636.8725102,111.85444407318764,85.56225263078701,2484.1996272061333,[112.75921066 169.08644404 150.73046546 227.42416873 206.28468194],
20190315,533770152,1009,1552685624.0959303,114.63896901300778,74.80882947123135,1126.901767623045,[115.62225103 229.92693759],
20190315,533770152,1010,1552685609.9161592,117.28540343914932,73.48668782317499,600.6779071082052,[ 38.46033352  57.45852965  76.70648022  95.07713609 114.90730451
 134.40263378 153.8900032  172.96041827 193.3069308  211.18106935
 230.60369498 249.67666137],
20190315,533770152,1011,1552685597.3695111,117.52695625201875,72.42857336965301,366.29796689574283,[ 57.12697378  76.43532163  94.23694349 116.90643541 136.41276806
 154.173355   173.33308573 191.24326881 231.18000071 249.63873224],
20190315,533770152,1013,1552685569.8374932,118.32147745607385,75.67571714300688,386.3113532553141,[ 76.78366012 113.77097956 132.11256407 153.21214526 170.48057091
 188.8161813  208.11849409 226.49531483],
20190315,533770152,1014,1552685557.3269448,118.23128932554762,76.76053161494804,474.0754968279503,[ 56.32626811  74.97532191  92.58124822 112.22499881 130.86539906
 149.47467572 169.00884272 188.50541133 225.94446213],
20190315,533770152,1015,1552685542.583352,118.37671203950272,74.73670087426198,493.6799032919792,[ 56.32504236  74.91318468  94.64946456 113.7440483  149.99769721
 172.0528173  189.5767103  208.75330142 226.22938344 246.09739297
 266.36643278],
20190315,533770152,1016,1552685529.7833376,118.21046324605109,75.62839464769229,538.057367640547,[ 38.20004979  56.55038708  74.54274109  92.32923902 111.86322161
 132.79074542 150.27799867 169.21831945 189.74732838 207.46215799
 227.5365173  246.31003033 265.59339678],
20190315,533770152,1017,1552685516.1984546,118.33588745194372,72.62349699426396,523.1385364021567,[ 38.17880689  56.21871496  76.03301109  93.32053757 112.43314972
 132.13225437 151.0204272  168.1656978  188.38071513 205.95153989
 227.58408206 246.36725383 264.92807471],
20190315,533770152,1018,1552685504.008359,117.09678757269894,71.21047444927721,486.4644786460966,[ 56.58438514  74.82155599  93.21552881 110.48355621 130.79556588
 148.41420682 166.11517711 187.37410012 204.48188405 226.09402261
 246.23431958],
20190315,533770152,1019,1552682518.5952337,116.16398983441535,58.42859962119074,1104.5666190928223,[ 57.39720421  76.24912556  96.04423034 114.52716147 133.6753029
 153.37773066 171.97158576 190.75067901 210.2497861  229.68911182
 249.48613605],
20190315,533770152,1020,1552682535.6710465,115.40019665850264,57.832694618558115,1147.2933285886338,[ 38.68054395  19.64272262  57.73457551  76.10369684  95.46654636
 114.76147449 134.02034584 152.99769308 173.07556988 190.97967929
 209.72056482 231.08302123 249.8031372 ],
20190315,533770152,1021,1552685462.570305,117.60900740920667,68.73454544284346,833.5472658103164,[ 56.79628681  75.3077408   93.52632485 112.4895274  131.53256784
 149.70663152 168.49034813 186.6536192  207.5486166  223.83197101
 242.85127253 264.55810253],
20190315,533770152,1022,1552685448.106737,118.69647502808692,67.80579698977375,753.1717515609331,[ 56.32256983  74.51329176  93.66187055 111.73762493 129.61013884
 148.94918675 167.75668554 186.48741841 205.52309982 226.38815832
 244.5346909  263.52229104],
20190315,533770152,1023,1552685435.1100159,116.76433998261659,69.36190095784244,796.5001144547628,[ 56.82535296  75.33514366  94.52937863 112.77732182 132.10684487
 150.46392219 169.31373093 187.57717317 206.92059256 225.62856609
 243.47687688],
20190315,533770152,1024,1552685420.974739,116.23390866945769,69.05398430600962,849.7453085881655,[ 57.52999063  75.78252115  95.19913891 113.50009417 133.78892198
 150.6095435  169.58596646 189.23557629 207.85938642 226.69435142
 246.69374158 265.07445712],
20190315,533770152,1025,1552685407.1606507,113.1715804130693,72.30192468466257,1280.5446736466681,[114.78906021 152.49833384 172.2045837  190.11335714 210.46414742
 227.93484372],
20190315,533770152,1026,1552685388.3799844,115.82658643825663,69.92498474961363,1031.6950670908839,[114.35414581 133.68919057 152.59124766 171.59355645 190.34739868
 209.9768876  229.85055171],
20190315,533770152,1027,1552685375.2015412,115.51900050767442,69.4561721135147,764.91675902681,[113.94848382 135.41857155 152.38057286 173.84367058 192.40274254
 230.32685258],
20190315,533770152,1028,1552685361.0108151,116.33140768983095,69.5588267355428,592.1004708398809,[114.6785269  153.98368536 172.09978037 228.1667325  193.56284371],
20190315,533770152,1029,1552685350.3594947,114.4530624542168,65.97738406400595,522.0561578949835,[114.25363201 155.67527545 174.38266892 196.23527015 214.57097473
 227.73042775],
20190315,533770152,1030,1552685338.1324077,115.99661884396205,63.059381893139204,-452.77475462436774,[116.16259937 137.20685852 155.13977777 174.75525884 193.09242377
 214.19509572 225.51611858 243.28153945],
20190315,533770152,1031,1552685323.4753938,117.93229860267151,66.82125319369857,671.4837961492984,[113.25798625 151.55294305 169.77911858 225.51599982],
20190315,533770152,1032,1552685312.7184973,114.24602336620563,113.5151452274469,3022.6682438656258,[107.89098164 212.87049758],
20190315,533770152,1033,1552685294.9018922,78.05018099596795,176.96503818304387,9115.17956085163,[129.02709791 257.65599388],
20190315,533770152,1034,1552685279.928339,112.8377037979777,80.87059128218705,2279.0356186298777,[113.84347554 228.252286   171.42319653],
20190315,533770152,1035,1552685268.3720367,114.87208153108517,72.35932275447877,1136.2868085574473,[ 96.95776855 114.34945438 130.61656625 151.39818386 172.74421495
 229.76106111 246.95975388 207.85147419],
20190315,533770152,1036,1552685253.096859,117.93946160507834,93.00311826548499,1994.754581852816,[107.77868033 216.11855685 162.72476714],
20190315,533770152,1037,1552685240.8237827,120.91309741328693,182.59458046182962,8567.188864059528,[ 79.56632158 111.97499951 160.16198289  45.11125922],
20190315,533770152,1038,1552685229.1659856,113.56377122045103,73.01884598847924,1263.2228540790065,[115.63020617 134.69996538 154.42846046 173.88268251 232.36631296
 194.03456914],
20190315,533770152,1039,1552685217.1612349,114.35035322228094,74.78822459728431,1308.6653388439204,[114.51434639 230.6687517 ],
20190315,533770152,1040,1552685206.8967414,115.87834277804477,71.75772599214343,1488.5690561072765,[112.82994203 169.21335516 150.87791965 226.33902721],
20190315,533770152,1051,1552685076.8392026,114.16394916870118,84.47162150438376,2136.2817625242774,[111.85061914 149.53967548 167.59318285 201.55970723 222.77912897
 240.69125332],
20190315,533770152,1052,1552685066.3789783,114.51515665590738,81.06919827538928,1598.7513816300577,[112.43283094 151.31683272 170.43141271 186.8465713  205.23945566
 225.18745042 245.20991453  93.51244834  74.55959428],
20190315,533770152,1053,1552685053.536583,114.29387362045634,80.50246378715526,1378.6338381903754,[ 75.57017806  95.1545952  112.64033948 133.11874033 151.79331345
 170.9155712  189.20642645 208.50979891 227.55882039 244.85774757],
20190315,533770152,1054,1552685041.0613296,115.38186137583322,79.25757440111899,1023.674664729459,[ 57.21891438  75.97594445  95.04783381 113.18687864 132.18542544
 151.17325502 171.37146884 189.66661534 211.13160131 229.05379383
 247.62364977],
20190315,533770152,1055,1552685029.000569,116.61667708350275,77.64095545883363,834.2748598303659,[ 76.7504718  113.42731958 153.31075534 170.99073812 230.27828496],
20190315,533770152,1057,1552685008.251672,114.99312167747149,77.3035358522249,1662.3076783877555,[113.11156699 150.86618887 170.05464717 207.87825112 186.94263207
 224.99403535],
20190315,533770152,1058,1552684996.5968552,114.71549961363463,73.74077045345359,1641.0855563724465,[ 74.54223311  94.7987375  112.0038572  132.96458244 150.77915893
 168.31404658 190.29796778 230.04997211],
20190316,533950817,1021,1552768410.994932,113.13120205417236,61.76857708248473,2080.1043949755467,[ 56.94438386  78.23262675  95.69223135 114.67406112 134.69852923
 153.47914429 172.40373838 191.26878818 210.80166597 229.29865332],
20190318,534319912,1127,1552941665.103109,95.01467472575213,63.45391425380398,1235.0346544695155,[ 19.89566064  40.23205309  60.95060908  80.82350971 102.1144235
 121.41496633 142.2655776  162.00642294 182.25242979 202.58979264
 227.2265853  243.76414264 263.82033228],
20190318,534319912,1128,1552941674.9324343,100.00236013578369,63.74146514528858,-1233.3840649950807,[ 41.12102747  60.59161175  80.31914785 102.09333899 121.54300604
 140.85402507 162.1772689  182.53967784 202.67579063 223.78744177
 244.36909318],
20190318,534319912,1154,1552942103.4165292,73.49794932934599,63.204883101189814,2553.0024206540734,[ 62.26356977  79.86159065 101.08903632 122.85825476 145.40509141
 163.50754809 183.65160904 201.08538944 220.15203094 244.78520498],
20190321,534899218,1029,1553197237.6981337,116.30861052831555,72.11585535878996,1502.2033145989496,[ 38.67032445  57.42838836  76.94034735  95.11380544 114.54355811
 132.63847044 152.98239577 172.2018146  191.00225557 209.44058204
 228.41052117],
