20190214,528502194,1023,1550177789.2386246,117.32633822618288,48.90142163934603,1260.213945530795,[ 39.2316117   59.49328277  77.28542265 116.62480148 135.81681704
 155.98757278 175.30306204 194.36513098 214.09351283 234.00923691],[ 0.30184994 26.32172175  0.16273888  0.19962857  0.10747446  0.24635529
  0.10153033  0.21406705  0.18582284  0.1531566   0.20120538  0.23828594
  0.25249642],__,-13.529999999999973,323.182,0.1257670775208437,
20190214,528502194,1024,1550177797.1981785,117.1536547359636,53.78232382622891,968.0374985707145,[ 58.37638961  77.47293842 116.88460457 135.95842167 155.82952599
 175.63482723 195.27969974 234.09229247],[ 0.29367285 19.14640644  0.11972645  0.1800216   0.26948671  0.09926439
  0.22317383  0.19666111  0.14829336  0.22502278  0.21074575],__,-11.779999999999973,324.232,0.04455180754040859,
20190214,528502194,1025,1550177805.5084739,118.65935899859066,51.578251895001884,680.2787864743555,[ 58.50053892 117.40413766 136.85358993 156.27435247 176.17333274
 197.08050547 235.2811226 ],[ 0.38393674 18.1702498   0.11114495  0.20264515  0.14786825  0.23662215
  0.23521505  0.20095049  0.25942904  0.29418807],__,-11.149999999999977,324.61,0.08804836070355838,
20190214,528502194,1026,1550177820.3312578,115.71487912276439,53.22189834597958,903.1292337004339,[ 59.15069146 117.55765218 136.66916766 156.51200679  97.57509002
 176.32930942 195.34241908 235.35549936],[ 0.34477039 22.33008194  0.13572895  0.15388756  0.10674344  0.26246821
  0.23205005  0.24439148  0.1755987   0.25389801  0.22526799],__,-12.449999999999989,323.83000000000004,0.060995595832205846,
20190214,528502194,1027,1550177833.0654209,117.47842362987811,53.49324253826913,1182.9904798720568,[ 58.92515122 118.00077845 176.68498392 236.42721367],[ 0.52532418 41.95716224  0.24811173  0.1702129   0.12787028  0.19540674
  0.26969319],__,-13.069999999999993,323.458,0.034905920776869534,
20190214,528502194,1028,1550177847.3778443,113.9626534068364,58.54636480527766,1858.561271988306,[ 58.82939598 118.1453263  176.97292458 216.47348441 236.19029866],[ 0.72332833 64.13362034  0.32958695  0.20788276  0.14374067  0.19846167
  0.34200618  0.28384651],__,-13.609999999999957,323.134,0.050921292663475747,
20190214,528502194,1029,1550177867.311236,112.47866182327822,58.31994326534706,2064.678061634426,[117.89897041 176.72020916 235.80680895],[  1.72717868 176.5356073    0.62862182   0.22960944   0.31380729
   0.48255306],__,-14.060000000000002,322.86400000000003,0.03714914915267089,
20190214,528518474,1006,1550187776.9446495,126.48562067070498,121.20542422817245,4192.032313364099,[91.92580888],[  2.35197212 251.34481042   0.65886397   0.98337377],__,-12.169999999999959,323.99800000000005,0.087850897126854,
20190214,528518474,1007,1550187764.1925879,115.21957276367056,60.01147326992518,1252.9767177579818,[ 57.71861287 115.68404865 134.46632986 173.49869338 231.34552116
 213.0063978 ],[ 0.40825878 27.76043987  0.1528696   0.16331122  0.12578037  0.25985549
  0.16380274  0.22697275  0.31819096],__,-11.789999999999964,324.22600000000006,0.05833988550174531,
20190214,528518474,1008,1550187750.9849875,116.04643983173762,65.52884139966369,1797.1568920525765,[113.78745787 170.56961692 227.5466137 ],[ 1.1143801  80.59834713  0.28013836  0.23162458  0.30985773  0.43002452],__,-11.810000000000002,324.214,0.048937358438520366,
20190214,528518474,1009,1550187737.5347757,116.76868451743978,62.25406964534513,1241.3125559381685,[114.89248682 172.45858935 230.0408095 ],[  2.69617086 132.47439989   0.53377768   0.2874007    0.45097332
   0.60558126],__,-11.379999999999995,324.47200000000004,0.027459722694404186,
20190214,528518474,1010,1550187724.813791,115.50189315003038,65.5855784331992,909.9099175210656,[116.12454661 174.12103368 232.27900077],[ 1.46461875 57.69711552  0.27884027  0.26633451  0.40716675  0.53877708],__,-10.17999999999995,325.19200000000006,0.08479009174855069,
20190214,528518474,1011,1550187712.615097,117.01763624004047,62.04229983968296,474.7279662659267,[ 58.00792314  77.05088516  96.18360304 115.75139068 135.4529484
 173.77273271 212.40315525 231.44574456],[0.2633526  8.89219946 0.05915327 0.22197323 0.25483088 0.23152273
 0.12068033 0.22898521 0.15317367 0.35095612 0.23007055],__,-8.839999999999975,325.99600000000004,0.07354401757391686,
20190214,528518474,1012,1550187698.8012464,116.8373540517899,61.14573606297833,718.7321616178327,[115.06411268 172.6220902  193.04943413 211.42160186 230.64052897
 249.92309684],[ 0.3308668  14.35778516  0.08248362  0.12409783  0.17120875  0.28908465
  0.28941607  0.23410447  0.36323094],__,-10.20999999999998,325.17400000000004,0.04426297056122113,
20190214,528518474,1013,1550187682.3631432,117.3469286408769,56.919173467692566,841.9352434531626,[115.18444006 172.60372086 230.33202382],[ 0.78303806 37.82600771  0.1844566   0.15994701  0.26878027  0.34302173],__,-10.239999999999952,325.15600000000006,0.06365931364132761,
20190214,528518474,1014,1550187666.5771613,112.87878909533683,62.32653563680776,1353.4616694080535,[116.24517786 174.56425765 232.21061662],[ 0.96693714 61.87582476  0.2417978   0.18613706  0.33271662  0.42674857],__,-10.919999999999959,324.74800000000005,0.04213065817216744,
20190214,528518474,1015,1550187649.9155543,112.35202398784426,64.42083032734932,1629.1635192305034,[116.3702048  174.54294    232.42007937],[  1.5002264  101.76078691   0.36604947   0.2057565    0.34740528
   0.43402551],__,-11.5,324.40000000000003,0.03425210118123209,
20190214,528518474,1016,1550187631.6712945,117.06984958576477,53.76148575925741,939.1245766763586,[116.51511033 175.01686411 233.11860797],[ 2.39727305 99.57563624  0.60588268  0.39466468  0.59486279  0.73167227],__,-11.529999999999973,324.382,0.02653247252937278,
20190214,528518474,1017,1550187618.350744,112.30753348775855,63.47951745658102,1758.4782603288459,[116.2425049  231.23849571],[  1.30470114 106.72077385   0.50355371   0.2363799    0.46577137],__,-11.560000000000002,324.36400000000003,0.06295670293419825,
20190214,528518474,1019,1550187585.7634544,111.29522964278273,64.43306049571831,2145.5583195780005,[117.05071706 175.62455098 233.48626536],[ 0.55557193 55.01991771  0.30471588  0.12277525  0.22022424  0.29507253],__,-12.419999999999959,323.848,0.07710367177058089,
20190214,528518474,1020,1550187572.0660422,112.31492667257264,56.67195416364999,1485.9280850299292,[115.51794872 231.12038962],[  2.44688909 146.4928304    0.85680009   0.35675323   0.72957615],__,-12.449999999999989,323.83000000000004,0.024514612125710246,
20190214,528518474,1023,1550184643.6806734,112.88209314256471,50.365270012231726,1545.3890538552641,[117.44813612 135.60212326 157.80763893 176.02825649 215.9176537
 234.59641269],[ 0.48664565 49.16756234  0.25540103  0.14387362  0.23423338  0.24002832
  0.21888093  0.32917464  0.34756815],__,-12.859999999999957,323.58400000000006,0.10018164836559981,
20190214,528518474,1024,1550184650.8730202,113.93096244246152,51.473003472641885,843.9086821242036,[117.90965267 156.9130971  177.29268296 197.78314526 236.42983573
  58.59153581  78.92973671],[ 0.44319026 26.04896909  0.15078826  0.13412683  0.27738229  0.21181121
  0.28505089  0.31411519  0.25031221  0.31168994],__,-11.139999999999986,324.61600000000004,0.09300483517747664,
20190214,528518474,1026,1550184671.6801171,115.1855851897286,54.39779380279147,793.9932749081928,[ 58.9129602  117.84033621 176.92029484 235.66560317 255.15992271],[ 0.30255284 17.26267563  0.11606131  0.1420713   0.10474378  0.14681365
  0.22955486  0.29303263],__,-11.169999999999959,324.598,0.03902565575832941,
20190214,528518474,1027,1550184682.1097648,115.64162063280554,53.075957213816956,992.4570177005023,[119.17162714 238.91249896  59.24529417 178.44250307],[ 0.7823303  44.28313463  0.26154899  0.18107211  0.38204788  0.23521559
  0.251633  ],__,-12.42999999999995,323.84200000000004,0.05350546452286301,
20190214,528518474,1028,1550184693.9626846,99.59489345985256,80.87555308322054,3152.1077906501614,[124.21914428 186.13267699 248.13417135],[  2.22644762 194.30125501   0.98194208   0.38440798   0.5569313
   0.70982761],__,-13.289999999999964,323.326,0.07142551878842783,
20190214,528510459,1007,1550181884.3150985,112.99381853392656,61.466163883998874,1726.0257836458586,[ 58.19527052 116.57088914 174.98675876 232.81850615],[ 0.41125124 43.47858104  0.21194106  0.15641273  0.12774589  0.17292021
  0.2621353 ],__,-12.819999999999993,323.608,0.0851926913476907,
20190214,528510459,1008,1550181870.0039585,111.94507054780033,59.05257889335698,1400.6281619526292,[116.83764249 175.3002954  233.58922138],[ 0.61645182 52.70957901  0.24153629  0.17052615  0.24624088  0.31220941],__,-12.439999999999998,323.836,0.06877871825657764,
20190214,528510459,1009,1550181856.345989,114.67623888400217,62.95296696217808,1078.0930721320378,[ 58.92305377  76.33718476 116.91827608 175.73976388 233.76726938],[ 0.89479017 44.30334843  0.17387751  0.25989832  0.30695741  0.22496821
  0.36322064  0.49977   ],__,-11.389999999999986,324.466,0.08285094805686845,
20190214,528510459,1010,1550181842.8943968,117.86423055978057,63.367342748539585,585.6962655602531,[ 58.0098369   77.89014924  96.67914096 116.55725903 174.69747086
 232.87116083 252.0078888 ],[ 0.46941127 15.40211185  0.09041813  0.18886287  0.31359044  0.27377154
  0.1580527   0.21769938  0.29181174  0.36692709],__,-10.079999999999984,325.252,0.057417184476959135,
20190214,528510459,1011,1550181832.4984717,117.6274095307631,63.48341475726184,330.0717826126774,[ 39.05124363  58.52304023  77.86989245  97.35368716 117.03544328
 136.41494264 175.49323902 214.71116285 233.55347982],[0.30087582 7.28493806 0.0521756  0.32531949 0.16892064 0.37013157
 0.20801451 0.1394105  0.24404406 0.17067648 0.41178895 0.23120845],__,-10.089999999999975,325.24600000000004,0.03710046030846153,
20190214,528510459,1012,1550181820.0,117.26715796714532,61.51943653309128,702.9143014711824,[116.04020894 174.16583682 212.99767165 232.21180123 251.44368958],[ 0.54755328 21.67377675  0.10454007  0.1543286   0.20974777  0.37427416
  0.29739163  0.4478171 ],__,-10.779999999999973,324.83200000000005,0.029211829521590602,
20190214,528510459,1013,1550181805.205245,118.26168576207387,61.263014653234336,1119.5494185745838,[115.49750931 173.87790876 230.99973621],[ 1.32139728 76.18512644  0.27457731  0.21257252  0.35254585  0.45155047],__,-12.029999999999973,324.08200000000005,0.04078627999258655,
20190214,528510459,1014,1550181792.9943023,117.51290138471839,75.49773921860078,2724.4463716534106,[110.18006483 220.99232555],[  3.60699227 315.28684842   0.9434501    0.44450227   0.83211149],__,-12.529999999999973,323.78200000000004,0.0802863998893534,
20190215,528711629,1007,1550273562.8316312,111.16305082042567,62.55002394867089,1913.7898364946502,[ 59.17097154 118.1391631  177.13230463 218.5313654  236.56403533],[ 0.35343448 34.92469292  0.20356057  0.11969989  0.09954645  0.12035662
  0.29397782  0.17917303],__,-8.849999999999966,325.99,0.05209890899667919,
20190215,528711629,1008,1550273546.1621952,112.32740027855118,64.4432353536879,1815.0375915034601,[ 59.34815162 118.37408424 157.3742417  177.49179238 217.22152562
 236.56808306 256.29134678],[ 0.33354225 29.21529571  0.16695804  0.13440192  0.10406954  0.20658388
  0.13711249  0.25351777  0.17352653  0.29084084],__,-8.489999999999952,326.206,0.050215397873883245,
20190215,528711629,1009,1550273534.900063,115.58462929862992,62.728530703782475,1033.5194761771318,[ 59.18351566  78.77938308  98.5614174  118.03563698 137.74051152
 158.35081777 177.23569106 236.09442115 255.75978407],[ 0.35467985 19.97178542  0.12232819  0.16042345  0.26742841  0.22454742
  0.11271042  0.295596    0.25143725  0.19522601  0.26361596  0.35818477],__,-7.5,326.8,0.07405885438050375,
20190215,528711629,1010,1550273523.4652627,115.19213066888459,62.02772980820287,571.9586109420335,[ 38.68261586  59.05780421  78.6286793   98.39153745 118.00176297
 138.28266111 157.4739842  177.16635138 196.45026269 235.91407785
 256.03202133],[ 0.2765852  10.45517479  0.06978514  0.2974101   0.1513564   0.27006599
  0.21951455  0.1240913   0.27319838  0.2346224   0.14924377  0.30383463
  0.20436909  0.34354353],__,-6.279999999999973,327.53200000000004,0.06671789098435157,
20190215,528711629,1011,1550273509.2727926,117.05478539537273,61.7720889676288,511.6481435917643,[ 39.43659483  59.20055397  78.54228514  99.00069314 118.28956711
 138.34452928 156.7244676  177.49653867 216.74802484 236.32365579
 256.45975588],[0.16277008 6.70025369 0.05145323 0.19402357 0.13002046 0.2143295
 0.14490071 0.08879926 0.15961285 0.17662352 0.10890967 0.3184042
 0.15833421 0.3403276 ],__,-6.289999999999964,327.526,0.04951319849699417,
20190215,528711629,1012,1550273496.0302122,116.1027838002983,61.14025563635535,838.7439417049163,[ 39.4099668   59.131665    79.48345366  98.56883689 118.3739058
 138.32489448 157.93626518 177.56841071 197.48651288 216.77921746
 236.36317229 255.90910059],[ 0.2119128  11.2255538   0.07342232  0.19236273  0.12554652  0.19554714
  0.16527263  0.09918158  0.22353561  0.18237934  0.11759004  0.21667908
  0.24753324  0.17222121  0.24222852],__,-6.92999999999995,327.14200000000005,0.06744332442436751,
20190215,528711629,1013,1550273480.420813,116.47010119284938,59.855234588381386,1058.022189574644,[ 97.87836896 117.75236739 137.70979319 157.04125447 176.75277895
 197.23777599 216.97864637 235.71358242 254.48690706],[ 0.26358716 17.58676152  0.10851359  0.20849609  0.09280465  0.23075226
  0.20192629  0.13939962  0.23021091  0.26503083  0.22659173  0.29421686],__,-7.5499999999999545,326.77000000000004,0.0709277686348337,
20190215,528711629,1014,1550273467.4769297,114.83337261510637,60.45307877755272,1532.3532405057138,[ 59.0844894  117.23918447 156.15426215 176.08397522 214.7982538
 234.68918796 254.26199897],[ 0.48957549 38.31498537  0.168852    0.20757734  0.11869433  0.26499962
  0.16620269  0.26709411  0.24610502  0.40189564],__,-8.569999999999993,326.158,0.0534533138262146,
20190215,528711629,1023,1550270437.062451,114.10069651282872,53.95791461469406,1200.2883849049385,[ 39.29366357  59.11657263  79.06246928  98.36222926 118.10548689
 137.94587485 157.53228339 177.15826473 197.41293455 216.90708721
 236.07982124],[ 0.22744662 18.2857424   0.1098537   0.13980401  0.0947538   0.15503472
  0.12300862  0.08809829  0.18396346  0.14896645  0.12560354  0.18079081
  0.22794714  0.21764431],__,-8.839999999999975,325.99600000000004,0.05227866546057953,
20190215,528711629,1024,1550270443.6911802,115.36885322312497,55.811709399556385,749.3263631369156,[ 38.67711163  59.19015933  78.9920015   98.79106776 118.47122115
 138.29387245 157.95992436 177.7643386  217.15187208 236.96470241
 256.80767137],[0.1454891  8.68409164 0.07322727 0.19029036 0.11005211 0.15778871
 0.13990435 0.07872848 0.13996375 0.12890481 0.09399291 0.20670601
 0.14616785 0.23815416],__,-7.0499999999999545,327.07000000000005,0.06083251820236021,
20190215,528711629,1025,1550270451.6918297,114.84707999692385,54.75920457308572,802.4765083270277,[ 38.78653695  59.30698879  78.53607771  98.94054037 118.83288787
 138.67364882 158.30471153 178.20810391 198.11658376 217.77828866
 237.66643477 257.38226696],[ 0.17336139 10.78481684  0.08136926  0.23989349  0.10885222  0.19937997
  0.13535201  0.08403032  0.13171467  0.13765121  0.10961231  0.18607389
  0.29078895  0.14499104  0.18522336],__,-7.7099999999999795,326.67400000000004,0.05440132647430145,
20190215,528711629,1026,1550270464.242879,113.55488845807945,55.77180488875934,1319.1725085741937,[ 21.41929845  40.1567233   59.49809731  78.98288538  99.32512102
 118.86508405 138.40314565 158.73941836 178.48541905 198.0084487
 217.64270126 237.75117713 257.56096328],[ 0.21947621 19.41452577  0.12070374  0.19467942  0.15543821  0.09754383
  0.17791155  0.16800968  0.08334359  0.16637283  0.15822179  0.10890402
  0.22102243  0.25381604  0.18031087  0.2620067 ],__,-8.879999999999995,325.97200000000004,0.07262517926967925,
20190215,528711629,1027,1550270478.3929179,110.8783721626773,57.383586509967,1916.9207771211732,[ 39.02936852  59.51707511  79.37511843  99.3521927  119.02141532
 138.28363826 157.7836267  178.55060651 218.18193707 238.19869205
 259.20178687],[ 0.35017896 38.74679681  0.18615515  0.19483355  0.10442746  0.17351054
  0.1677836   0.10230089  0.19227567  0.18301384  0.13182331  0.24187074
  0.19961518  0.34899767],__,-9.329999999999984,325.702,0.0772255751504103,
20190215,528698927,1007,1550267767.279297,110.5702231578397,60.707559378841516,1931.181255209967,[ 59.65472506 119.31811258 179.03096    238.63159148],[ 0.86964713 82.99934471  0.36340236  0.14874991  0.14885931  0.20127876
  0.27450167],__,-9.620000000000005,325.528,0.03028636393821617,
20190215,528698927,1008,1550267751.7461042,111.03278314473344,61.83974259471173,1710.9524405065838,[ 59.6601791  119.19956511 178.68807041 238.00578922 158.81357779
 138.43379874  79.16182989  98.8364593  218.41710602 198.2844971 ],[ 0.28886025 26.9597463   0.13679585  0.12283465  0.10488826  0.14344206
  0.21385332  0.205412    0.22052115  0.21278277  0.18925591  0.28713063
  0.22169353],__,-9.639999999999986,325.516,0.09958246373245881,
20190215,528698927,1009,1550267741.7506626,113.46075428367965,59.42182732227808,982.5093872023059,[ 59.22770304  79.17026487 118.15011464 177.38605698 236.21947833],[ 0.39141617 24.59012625  0.13789775  0.18595317  0.29338329  0.10939952
  0.18834835  0.32633938],__,-8.909999999999968,325.954,0.037067803196284166,
20190215,528698927,1010,1550267727.8378446,116.30782613150566,65.0614917812034,747.2790916253563,[ 39.02695759  59.01415717  77.73156973  98.00730562 117.79771816
 158.11782356 177.03771005 215.35832928 235.50856514 254.58611122],[ 0.28443594 12.32046931  0.07136547  0.22565375  0.1419996   0.21803014
  0.23182058  0.13238128  0.22083089  0.16729791  0.36730538  0.2396786
  0.3371591 ],__,-7.889999999999986,326.56600000000003,0.10627793945239145,
20190215,528698927,1011,1550267716.3604326,118.18218799532451,63.70311445281576,440.840010972773,[ 38.99565519  59.05197534  77.8632208   98.06140932 118.07323924
 136.71854609 157.41212848 177.16449004 215.19048744 235.73291794
 255.10429966],[0.16750413 5.75531923 0.04540055 0.21154497 0.136185   0.23705831
 0.16432884 0.09346845 0.17196536 0.17819261 0.1154598  0.30952821
 0.16669598 0.37837338],__,-6.789999999999964,327.22600000000006,0.07574236681816074,
20190215,528698927,1012,1550267702.975742,117.5650893479884,64.6559023376478,679.3640915001622,[ 18.72396416  39.23383754  58.78694141  78.40080823  98.13069943
 117.60107582 136.98976057 156.59135087 176.47256427 195.94157022
 215.49759114 235.05741678 254.77669602],[0.18727389 8.67147913 0.05421805 0.1520599  0.20250145 0.10719897
 0.17924984 0.16355763 0.09668729 0.21628497 0.14966485 0.11727235
 0.2208762  0.25364494 0.19658721 0.31949513],__,-7.919999999999959,326.54800000000006,0.07176055024884716,
20190215,528698927,1013,1550267691.2086492,115.46615750519963,66.6491550491947,1194.9810971054758,[ 58.76873601  77.4308223   97.8177345  116.74635297 136.68569908
 155.76517342 175.11485167 196.19468059 213.92690776 233.54266032
 252.58811948],[ 0.26486831 16.00044727  0.0806027   0.19400977  0.27906927  0.22633654
  0.10564757  0.21016491  0.18101466  0.13319683  0.20157771  0.26771037
  0.21587824  0.41555225],__,-8.479999999999961,326.21200000000005,0.06077480247850123,
20190215,528698927,1014,1550267678.8264968,110.51962363211574,67.54308339312725,2003.1579088986805,[ 58.15768475  97.46982367 116.31334158 135.04389988 155.26549422
 174.5760448  194.42606033 213.85306467 231.08340793 249.79919393],[ 0.5054496  48.64270918  0.17177814  0.16489986  0.19999495  0.14156858
  0.27424448  0.23901431  0.2144106   0.27603672  0.3553607   0.30041368
  0.42631302],__,-9.409999999999968,325.65400000000005,0.089604435412886,
20190215,528698927,1022,1550265032.9180806,112.36305133331805,55.01919960371291,1756.4737580433257,[ 59.27282792  78.04998985  98.29734874 118.11388604 137.92171916
 157.30707812 177.15648078 196.77288909 217.36658095 236.21592497
 255.98798564],[ 0.35221751 37.79265002  0.18715923  0.13415351  0.19530461  0.14864139
  0.09300339  0.22348109  0.16448844  0.12833216  0.23077156  0.24505823
  0.21656328  0.39892162],__,-9.699999999999989,325.48,0.068228805979047,
20190215,528698927,1023,1550265040.382296,114.9815258982184,54.86992803341453,1000.9911733239566,[ 38.83898284  59.39431144  79.12708561  98.70953206 118.38312866
 136.79390666 158.03074985 177.68084121 197.36922219 216.68513659
 236.48298493 255.49495469],[ 0.24068462 16.46167012  0.09851601  0.13749676  0.11879476  0.16685213
  0.12008877  0.09608569  0.17446874  0.16682949  0.13342497  0.20417926
  0.28536382  0.17112722  0.38287467],__,-8.17999999999995,326.39200000000005,0.051636239939364816,
20190215,528698927,1024,1550265046.326273,114.6867102983228,55.35166793195005,794.8775321662423,[ 38.57869642  59.42341755  78.85899115  99.04263309 118.9073203
 138.77552092 158.46488732 178.36502229 198.08103581 217.74251716
 237.76726525 257.56403503],[ 0.18053544 10.35282433  0.07509862  0.24010933  0.11209699  0.17287251
  0.14604211  0.09529631  0.14941089  0.13689029  0.10377266  0.17610926
  0.22528276  0.16703844  0.21322155],__,-7.569999999999993,326.75800000000004,0.038202868300797076,
20190215,528698927,1025,1550265051.923145,113.11171761528009,56.00914068611695,1385.2508582948321,[ 59.5645415   79.01266228  99.07885241 119.21122179 139.02755634
 158.73345846 178.81611704 198.59018489 218.14184625 238.31397201
 258.30741955],[ 0.2090197  18.20779995  0.11931969  0.12276196  0.16185948  0.15291994
  0.08546167  0.1578763   0.13642075  0.10847546  0.19067115  0.23235662
  0.15308697  0.19650192],__,-8.789999999999964,326.026,0.06500095986059212,
20190215,528698927,1026,1550265065.453507,109.89817180212265,56.11950681549732,2064.932793909646,[ 39.73970359  59.66298501  99.25826344 119.23830613 139.27968175
 158.98567047 178.9280211  199.22934479 219.03256123 238.57909122
 258.10700688],[ 0.38229595 43.6843768   0.19409456  0.20250971  0.1109563   0.18104395
  0.11330174  0.19296564  0.15776942  0.14495668  0.23064564  0.25066316
  0.22076153  0.36131201],__,-10.039999999999964,325.276,0.04790460691279075,
20190219,529409728,1020,1550610910.7345736,116.90263731079273,54.64568338165776,1960.6010929566446,[ 13.81531113  25.99399495  38.97025509  58.58184963  78.50259767
  97.67422931 117.13943384 136.80265077 156.39174963 175.83466906
 195.30011932 214.73457336 234.31492016],[ 0.33424246 37.22241367  0.17572044  1.          0.18395319  0.10824312
  0.08528314  0.13857677  0.11642464  0.106339    0.16574303  0.15032725
  0.13945144  0.19117585  0.2359282   0.22684759],__,-8.370000000000005,326.278,0.042105702510108665,
20190219,529409728,1021,1550610926.1353552,115.05933471663654,54.50141157965229,1484.5177697865254,[ 18.40349797  39.03827703  58.54411191  78.0076649   97.7227518
 117.12050204 136.98251613 156.23593163 175.78639991 195.52368652
 214.9909545  234.56110075],[ 0.20426382 19.64066447  0.11730447  0.14643354  0.13120228  0.09278981
  0.15663341  0.1123083   0.0816221   0.15832626  0.12739475  0.09949335
  0.14689767  0.21582107  0.14795193],__,-7.899999999999977,326.56,0.04127420884608962,
20190219,529409728,1022,1550610937.1678772,116.5458327961081,54.89051588135898,1096.9496642680797,[ 18.81112926  39.07622086  58.82665804  78.57893     98.09248741
 117.56131889 137.20654218 156.88876642 176.36787255 195.80197302
 215.76427957 235.16314759],[ 0.18908898 14.4311946   0.09306908  0.15692273  0.18113544  0.08733342
  0.14436538  0.11587758  0.08365519  0.15124784  0.12607096  0.09626285
  0.1652217   0.21482798  0.15143568],__,-6.189999999999998,327.586,0.039234488097406955,
20190219,529409728,1023,1550610944.856022,116.12895359343976,54.57062081822566,1104.3098820351286,[ 39.25922791  58.8133789   78.40306644  98.22655378 117.75729793
 137.58272674 157.312281   176.69008761 196.4996759  216.4110966
 235.61986137 255.14159853],[ 0.17614396 13.33937206  0.08919008  0.13006237  0.08832516  0.14542816
  0.10428738  0.08213395  0.12050849  0.12709601  0.10612834  0.15587526
  0.21012532  0.17371869  0.31332692],__,-6.189999999999998,327.586,0.04722830027437644,
20190219,529409728,1024,1550610951.4918563,116.5180485900512,54.09360042623005,1535.9818005152224,[ 19.09641171  39.09559306  58.85058895  79.02657438  98.06537954
 117.7257765  137.38500536 156.97561788 176.58097598 195.97850751
 214.42358468 235.28856865 254.4475424 ],[ 0.25811421 27.77916494  0.15059144  0.20736053  0.11184557  0.09079725
  0.17321329  0.0973993   0.08753942  0.10907999  0.11956894  0.09868716
  0.15578045  0.19118261  0.14417891  0.18576074],__,-7.919999999999959,326.54800000000006,0.0433230021843615,
20190219,529416700,1021,1550614687.799907,108.04870831496896,60.93988621882864,2481.6863979408786,[ 58.10456195 116.26995201 174.28224607 232.77630563  77.95159857
  97.26679844],[ 0.69004968 83.36888295  0.36361713  0.12568077  0.12010406  0.17858544
  0.24892206  0.22365832  0.22215802],__,-8.599999999999966,326.14000000000004,0.051578739152729015,
20190219,529416700,1022,1550614671.9093153,115.32525867674244,55.523485223000236,1177.3740989364455,[ 58.75618584  77.70383674  97.80478756 116.84454307 136.95915289
 156.06076414 175.53527858 233.92590793 253.16254312],[ 0.30538919 25.42920892  0.15067     0.13696934  0.1802739   0.14974661
  0.09317047  0.21147583  0.23494109  0.13890362  0.19343872  0.27759634],__,-7.6299999999999955,326.72200000000004,0.06489870395706096,
20190219,529416700,1023,1550614666.2139783,116.33813601705361,56.23838427505905,607.2646790286617,[ 38.59012636  58.31899438  77.46773709  97.16383049 116.67280869
 136.29857608 155.71654091 174.98908771 194.9770683  233.34271622
 253.11751603],[ 0.32981107 13.0607336   0.09086273  0.22709926  0.1402774   0.30893144
  0.23773386  0.12477091  0.19803576  0.35114273  0.14803618  0.32358143
  0.20676708  0.33824286],__,-5.849999999999966,327.79,0.028867480270431137,
20190219,529416700,1024,1550614658.503937,116.4495532201135,56.55296343553363,970.860837104804,[ 38.4524683   57.63985326  76.41376685  96.49847704 115.80956087
 135.5918266  154.33707193 173.75687054 194.34452773 212.78210417
 231.56488688 250.4383496 ],[ 0.30555889 19.28601493  0.09892045  0.23271658  0.15446535  0.25374569
  0.17879527  0.11257641  0.23337601  0.18810482  0.13933657  0.23555248
  0.277004    0.21743009  0.34373548],__,-6.46999999999997,327.418,0.0786254073607005,
20190219,529416700,1025,1550614649.2902114,113.65232170417727,59.98993789243522,2309.504074386922,[ 59.57781174 116.0307123  156.4745049  174.34007992 213.41233545
 232.42904479],[ 0.58072319 60.57210309  0.26288565  0.15926094  0.11177505  0.19621337
  0.17241604  0.26075188  0.23669145],__,-8.149999999999977,326.41,0.13270003133366154,
20190221,529754214,1009,1550781360.0,117.1246859821665,63.16898317866945,1197.071720506287,[ 56.58587336  75.87024424  94.72157382 112.87063745 131.5185999
 150.71620607 169.24781236 205.83931696 225.35494125],[ 0.52980457 26.5073928   0.12420328  0.24764987  0.26754016  0.2778283
  0.18152249  0.28542409  0.26213942  0.26945721  0.37061293  0.37216427],__,-6.46999999999997,327.418,0.11570736950288674,
20190221,529754214,1010,1550781346.7704425,116.80682262641336,66.55693306036257,1406.60309505741,[111.5713291  150.1885732  167.73614906 205.37072546 222.825301  ],[ 0.58478648 39.07400738  0.14722165  0.16986121  0.27307143  0.25088861
  0.37610539  0.34102091],__,-6.159999999999968,327.60400000000004,0.12703531602510948,
20190221,529754214,1011,1550781331.5739982,115.51644613232567,65.86417443420444,1122.6146473601018,[ 75.75035501  95.2738466  113.88023598 132.87752259 151.9332182
 171.15503762 209.59351104 227.78618315],[ 0.25047053 15.84295336  0.08832196  0.1712999   0.17566686  0.10070284
  0.20662183  0.15600931  0.15288842  0.27390336  0.18303954],__,-5.810000000000002,327.814,0.09273654122602212,
20190221,529754214,1012,1550781316.6564536,116.14604465945763,65.46752121745708,485.87089451907474,[ 58.4280552   76.90662086  95.89970801 115.1957269  134.30335339
 153.63083531 172.8042298  210.67032182 230.21480439 249.07719369],[ 0.39961195 11.5515577   0.06698227  0.4288942   0.27324846  0.23338242
  0.16283176  0.26631806  0.2288403   0.17364548  0.44529838  0.24293175
  0.39632817],__,-5.349999999999966,328.09000000000003,0.057192537396687726,
20190221,529754214,1013,1550781302.9622304,118.39608120156119,67.04517508943175,260.36870564876256,[ 56.8796398   19.4774058   76.1326164   94.96212847 113.87423873
 133.02894529 152.01908899 170.95082662 208.79840293 227.74954483
 246.77046281 265.15992605],[0.24870701 4.89399443 0.04095263 0.23748782 0.4088171  0.16252732
 0.20090097 0.12796011 0.31785897 0.1987497  0.17297034 0.41594822
 0.24349372 0.27694117 0.44417111],__,-4.819999999999993,328.408,0.041498480913900446,
20190221,529754214,1014,1550781289.7365599,117.69353545793622,65.63848762367363,277.8064843981695,[ 57.23974135  75.39552984  95.73051557 114.32036468 132.9404959
 152.38983924 171.51924953 210.00042732 190.63588552 228.70226161],[0.25880344 5.35348653 0.03912627 0.262109   0.31670677 0.24940794
 0.127974   0.23127476 0.19016992 0.17723696 0.49197795 0.26782222
 0.2708402 ],__,-4.829999999999984,328.40200000000004,0.07417279938388967,
20190221,529754214,1015,1550781276.6575217,116.28289130506839,66.81806051432734,768.1091307419608,[ 56.56020503 113.8668836  132.44185938 151.68449574 170.86972648
 189.67677675 208.22503334 227.70490403],[ 0.64327809 21.77700394  0.08653468  0.292331    0.18017342  0.36463641
  0.27749645  0.26037784  0.41059119  0.43389144  0.33351482],__,-5.3799999999999955,328.072,0.03892226601532777,
20190221,529754214,1016,1550781262.2865407,113.71157554781395,66.5940492576567,973.5503003897326,[114.80182173 172.1084657  229.13345055],[ 1.11717592 50.11991004  0.19952178  0.23936253  0.40543718  0.53636779],__,-5.8700000000000045,327.778,0.04430225371935878,
20190221,529754214,1017,1550781246.0304034,115.56076156897777,63.80230725538155,1119.7594592957228,[ 58.1525982  114.97207467 153.60203435 172.41563003 211.08436551
 229.42834595],[ 0.8030164  44.60869936  0.17836175  0.2103912   0.1656117   0.29532034
  0.28584802  0.42493667  0.34024573],__,-6.259999999999991,327.54400000000004,0.07203065373549719,
20190221,529754214,1018,1550781233.9071,112.97516994577686,63.979490346126454,1604.4814154773244,[114.68589436 229.42857157],[  2.33479737 167.02883453   0.55048873   0.28443835   0.63711934],__,-6.6200000000000045,327.32800000000003,0.037447513196728996,
20190221,529754214,1019,1550777698.7094731,113.7017328110017,58.82786204571507,1285.3389747154313,[ 40.77788696  61.66620651  81.98725045 102.65392548 123.14852984
 143.70903529 164.2537419  184.76181923 205.17237837 226.04861091
 246.34272581 266.33557106],[ 0.22097442 17.05406174  0.1036835   0.23837128  0.1006799   0.11093946
  0.15622915  0.09622376  0.17710052  0.11004985  0.10607889  0.2024045
  0.27844864  0.16068547  0.27943479],__,-6.0499999999999545,327.67,0.036831732216882566,
20190221,529754214,1020,1550777713.1677284,115.04069488713351,60.22911994011571,1073.141315657338,[ 40.27855552  61.72146818  82.30684128 102.86201416 123.34959178
 143.97707758 164.53068166 185.12035467 206.09813737 246.77226847],[ 0.26100886 16.48589886  0.09173797  0.21242643  0.11964714  0.11160601
  0.14614172  0.10495726  0.19681093  0.13239432  0.12830194  0.29371572
  0.18017708],__,-5.6200000000000045,327.928,0.023646751983150544,
20190221,529754214,1021,1550777727.0032156,114.75191606278521,61.36064803091873,941.8411808435886,[ 61.45608381  81.36925444 102.05096254 123.00290302 142.76904876
 164.07952501 184.54604631 204.80187356 225.08016299 245.73155317],[ 0.21146511 11.85945524  0.07187403  0.14790677  0.13631699  0.17641179
  0.09884055  0.21594803  0.14035377  0.11608495  0.21367933  0.37796272
  0.16745999],__,-4.67999999999995,328.492,0.05005729983431109,
20190221,529754214,1022,1550777737.9123268,112.23415542982748,62.96122356788687,1385.5813903864866,[ 81.71046855 102.94723063 122.81203737 144.28327354 163.58229096
 184.41464815 205.0179786  245.73536799],[ 0.32696016 25.85199469  0.13646936  0.1996991   0.20593686  0.11232701
  0.23441232  0.21127765  0.19784437  0.28862368  0.22033372],__,-5.639999999999986,327.916,0.07662823006417631,
20190221,529754214,1023,1550777742.8843768,110.01348991332071,66.27488618818514,2587.0150341594003,[ 40.22986351  60.16112061  80.48543157 101.64949696 122.20018962
 162.64547618 183.37830411 204.0817076  244.41297937],[ 0.57472729 69.7867054   0.24377307  0.20584     0.30196916  0.13400995
  0.1951458   0.1300013   0.19095601  0.21217412  0.26738317  0.33540362],__,-6.829999999999984,327.202,0.10199254138030166,
20190221,529788403,1300,1550791648.0,111.84937004443789,103.91116099990427,5326.458659562867,[ 65.13691038  97.74445717 143.85587461 161.58175313 176.48681201
 188.48481732],[  0.95217822 149.66765411   0.27784131   0.19897205   0.24216927
   0.36653513   0.38998218   0.44572642   0.46059242],__,-13.649999999999977,323.11,0.21610154388492636,
20190221,529788403,1302,1550791638.031737,115.54391447992846,59.57491234726047,380.7901540526039,[112.30193968 151.27345357 166.6605934  186.07322846 207.91442806
 223.15126881 241.39885175 260.40404848],[0.27529465 9.51692482 0.06701504 0.12005953 0.24424236 0.18909499
 0.19266712 0.40833118 0.22149125 0.32023251 0.35865299],__,-9.889999999999986,325.36600000000004,0.11535558729072903,
20190221,529775831,1301,1550790750.5665214,112.7843070383472,48.77552523937537,928.0446730098002,[121.45535689 162.29351324 182.17252974 203.17542072 222.90463017
 242.78251708],[ 0.47590788 29.9469283   0.15817196  0.15239883  0.23250051  0.19849693
  0.23853348  0.30147825  0.30734997],__,-12.659999999999968,323.704,0.07006613755387714,
20190221,529775831,1302,1550790749.9682505,115.602709660773,52.89735631117214,461.1264547555081,[ 81.44696248 101.18241384 121.26126129 141.88009021 161.23455434
 181.95706985 201.26051853 222.26372711 242.09946883],[0.24571472 8.82656042 0.06585673 0.21454873 0.22281041 0.12031044
 0.23201651 0.19037508 0.14297703 0.22784588 0.2966157  0.24420977],__,-10.579999999999984,324.952,0.07462975499489222,
20190222,529970458,1009,1550878477.290818,113.3680571153804,61.39911051178081,-914.4346043788622,[117.5100691],[ 0.97529389 42.99940507  0.24590102  0.27543434],__,-6.149999999999977,327.61,0.14071759937116024,
20190222,529970458,1010,1550878466.3678286,117.29997581725766,55.79208098733613,514.8407068480593,[114.77988284 154.38874604 172.66656965 229.37116015],[ 0.33002429 14.87234476  0.11415814  0.14229447  0.19163105  0.19680534
  0.38679959],__,-5.739999999999952,327.85600000000005,0.166450727345257,
20190222,529970458,1011,1550878455.6643758,118.81708081132122,60.327886126965154,699.3439869090743,[111.05051721 148.2575886  166.90633569 222.97476264],[ 0.69237551 25.41813223  0.11757868  0.21885458  0.32540959  0.33156827
  0.46421284],__,-5.239999999999952,328.15600000000006,0.14850090717178976,
20190222,529970458,1012,1550878439.7816107,115.49702700480825,77.61133525643433,2105.3617028423982,[109.54793816 145.98931654 164.24804994 219.7314737 ],[ 0.71225956 56.40884928  0.1883706   0.23927503  0.32979957  0.35997024
  0.48664314],__,-5.25,328.15000000000003,0.08978443103159175,
20190222,529970458,1013,1550878418.92325,113.93193624291595,61.85108320716451,977.7531232970291,[116.91518823 137.03110335 155.70443191 175.16522087 214.70797831
 233.72369042],[ 0.4797022  24.86813898  0.13103692  0.15725559  0.28361148  0.24131182
  0.19223849  0.36385839  0.24378776],__,-5.259999999999991,328.144,0.08780993876405836,
20190222,529970458,1014,1550878404.5459414,115.61975846476675,63.42898992485422,481.75984068236187,[ 57.46115551  76.7598776   96.78403697 115.75336152 135.78741698
 154.6871291  173.87213224 212.32535227 231.81805666],[0.27209619 8.42572267 0.05839615 0.25302038 0.19603973 0.21367147
 0.1159975  0.23381086 0.24779227 0.16214413 0.45070314 0.2170246 ],__,-4.699999999999989,328.48,0.06322643944449809,
20190222,529970458,1015,1550878391.239119,117.55508804063015,65.38039772239271,194.53944255963196,[ 58.5623741   76.06292029  96.47594718 115.09146266 134.94268218
 153.52644609 172.66160745 230.4757909  249.28812202],[0.26239822 4.26574906 0.04754144 0.25555379 0.18391755 0.24794902
 0.14389766 0.2392441  0.20156606 0.1936183  0.24056191 0.34791224],__,-3.659999999999968,329.10400000000004,0.08666486272371643,
20190222,529970458,1016,1550878376.825928,116.58000664538496,66.64642935854502,287.687917267312,[ 57.5106697   77.23960377  95.83196153 115.19609372 134.54705097
 153.48810366 173.51680998 192.33477199 210.05172084 230.44101519
 248.98848203],[0.24667251 5.0663097  0.04038459 0.19707561 0.22399256 0.22644184
 0.12544855 0.27288766 0.21926978 0.2013988  0.31766494 0.43336801
 0.24295922 0.47494973],__,-4.149999999999977,328.81,0.1080336410150553,
20190222,529970458,1017,1550878362.0162122,115.84330507347643,69.1892077618255,710.5633106763366,[ 57.53366906  76.37998942  95.52774321 115.50845414 153.94206974
 173.37829274 191.6389736  211.84067614 230.76257087],[ 0.43965559 14.63452109  0.06549512  0.16973917  0.3124593   0.32816031
  0.15850574  0.22478679  0.21683586  0.30877676  0.42901915  0.28038557],__,-4.7099999999999795,328.47400000000005,0.06733748845973468,
20190222,529970458,1018,1550878348.5681634,114.17399855930104,67.01212879968566,1018.1668407423298,[116.5108054  233.08997595],[ 1.33058983 59.81403034  0.2689095   0.21038197  0.48657139],__,-5.289999999999964,328.12600000000003,0.022934043595288552,
20190222,529970458,1019,1550878333.7160995,114.9355895311475,71.64284468012917,1774.6739123232317,[ 57.61200358  77.1398548   96.53993386 115.29558597 153.62088826
 172.79695118 230.74641082 134.138686  ],[ 0.81483532 53.2695978   0.18761182  0.19607476  0.25777778  0.38261422
  0.24015929  0.35349398  0.36516546  0.5072555   0.39506867],__,-5.810000000000002,327.814,0.0710459326877818,
20190222,529970458,1020,1550878318.9864917,113.39742004423377,65.46636544615444,1460.7227589698336,[ 58.26134129  77.70209709  97.18380735 116.95839249 136.19232737
 156.67532555 176.27306695 234.98557043],[ 0.60084678 47.716941    0.19694131  0.19570652  0.23403417  0.24639001
  0.13476573  0.27964042  0.24393933  0.21178982  0.28511523],__,-6.21999999999997,327.56800000000004,0.0878197958816759,
20190222,529970458,1021,1550874490.8718178,111.55398219546016,56.7720678197811,1720.526446861664,[ 61.68186939 124.32684108 165.64412254 186.55832666 207.60881995
 248.39761427],[ 0.4613312  46.88293621  0.20599781  0.15064464  0.12272048  0.20130236
  0.16226373  0.28430966  0.22076127],__,-7.169999999999959,326.99800000000005,0.050729161147894795,
20190222,529970458,1022,1550874500.5346909,113.62950647582628,58.61828817431279,1288.1612187718958,[ 62.29381773  82.87023818 103.46751411 124.64021812 144.4953559
 166.14292556 186.88183982 208.93987728 248.74257502],[ 0.29220438 21.89475156  0.12373762  0.12836436  0.16433892  0.20738846
  0.10107552  0.23174926  0.1564858   0.13077144  0.26841774  0.20983345],__,-5.909999999999968,327.754,0.058479375466482096,
20190222,529970458,1023,1550874507.1547475,116.42777870589116,58.90573027317731,782.2904412055274,[ 61.61834405  82.92237269 103.59061768 124.23839912 144.64318803
 165.71596599 186.43881099 206.92500479 228.24178075 248.38408868],[ 0.45949228 17.68509814  0.09041254  0.20983264  0.20188282  0.2711386
  0.1613968   0.31361017  0.23553984  0.19195675  0.30012321  0.51446531
  0.30375887],__,-4.289999999999964,328.72600000000006,0.044239903511094976,
20190222,529970458,1024,1550874513.1263373,114.90759809155301,60.07307603296709,1214.7801661990889,[ 83.15589247 102.88715487 124.20019975 144.944868   165.34292473
 186.39168484 206.44348686 227.96111169 248.97935305],[ 0.18325565 14.28701837  0.09558564  0.16783367  0.17417068  0.08342333
  0.17430712  0.13866515  0.12691003  0.19232003  0.21376296  0.15276852],__,-5.349999999999966,328.09000000000003,0.09563294681972953,
20190222,529970458,1025,1550874520.7316215,112.6039546893342,60.45347309574024,2177.302620982963,[ 61.44524259  82.13599539 102.91412027 123.60609085 143.38279698
 163.57066201 184.77785683 205.02795445 247.54580293],[ 0.28847522 31.68464001  0.18285482  0.18124638  0.1847992   0.19566628
  0.09034769  0.20483941  0.17925014  0.16592178  0.1906378   0.18140716],__,-6.849999999999966,327.19000000000005,0.11164849205792457,
20190223,530144820,1020,1550964968.1473184,113.0676267748223,61.07979619210047,1983.6261563157695,[ 58.33411246  78.59363049 116.69498038 175.18894481 233.10598182],[ 0.33100044 34.82071084  0.19386808  0.14783844  0.14037507  0.09265789
  0.13267002  0.21971355],__,-5.1200000000000045,328.228,0.0806343889661729,
20190223,530144820,1021,1550964955.08662,114.91331380817853,60.93788254215923,1372.3923800739203,[ 57.29635728 116.47836652 136.24728983 155.53663142 174.74837487
 213.29171334 232.98688611 252.36518072],[ 0.24051638 20.55408007  0.1237113   0.15365225  0.09159816  0.20262596
  0.14375681  0.10701299  0.24345603  0.1627619   0.18760344],__,-4.089999999999975,328.846,0.055636117054864924,
20190223,530144820,1022,1550964944.7481775,116.54946680785545,63.19839694925622,873.7778294287515,[ 39.14249086  58.39989577  77.25942882  97.29347161 116.73741804
 136.22050941 155.40166374 175.1984891  194.95667719 214.92335471
 233.61488455 253.11121863],[ 0.25183853 12.32220889  0.07629929  0.30792687  0.1510931   0.29591519
  0.17336587  0.09709895  0.19034045  0.24391156  0.1322358   0.27166044
  0.40200706  0.2054824   0.24079747],__,-3.0,329.5,0.027517186013390486,
20190223,530144820,1023,1550964938.6464589,117.2756320211398,61.264075236749484,552.6796519776116,[ 37.98876674  58.31653046  77.41735616  96.95736527 116.67350275
 135.82012338 155.37721702 174.89516462 214.21455742 233.1483741
 252.57473462],[0.19872509 8.25050266 0.06135558 0.19069055 0.10884517 0.18804036
 0.17665972 0.09435929 0.1953838  0.20702494 0.12262165 0.32740383
 0.16951844 0.3463295 ],__,-2.4499999999999886,329.83000000000004,0.051712193833674626,
20190223,530144820,1024,1550961900.3714304,117.22379976925365,51.79168167316237,786.8415119170006,[ 20.61916693  38.78264972  58.80698984  78.00112064  98.23396368
 117.68949469 137.64168372 156.82464961 176.56083567 196.22201141
 215.86409516 235.44689262 255.37016895],[ 0.18490227 11.79459474  0.09070607  0.26774088  0.15668857  0.09839855
  0.16913775  0.12955547  0.0888805   0.13671617  0.13339531  0.09672868
  0.18399125  0.24663652  0.14554207  0.1988157 ],__,-3.3100000000000023,329.314,0.052543838777860785,
20190223,530144820,1025,1550961907.3235435,115.02427609299369,53.04455885998385,1550.2697762500482,[ 58.73887525  98.12466017 117.38674201 137.24386133 156.90474681
 176.29368595 194.05595434 215.32168131 235.01436668 254.55361432],[ 0.25172527 24.61435831  0.1541896   0.10344358  0.11904969  0.08333625
  0.1995413   0.16944281  0.11274796  0.21337463  0.22811529  0.15365202
  0.21666964],__,-4.859999999999957,328.384,0.040605134920154204,
20190224,530294995,1001,1551042832.0,112.89051684319885,63.80955978877906,929.7202141613968,[ 58.96374439  78.86517619  97.62474016 118.07897416 138.05102322
 157.47844562 177.30166677 196.15814952 218.45165453 235.22831105],[ 0.28232537 16.51922855  0.08560488  0.14512116  0.17817197  0.21474632
  0.10735131  0.18581539  0.16250657  0.20978119  0.26767542  0.33127206
  0.23567494],__,-3.4799999999999613,329.21200000000005,0.1440551612556927,
20190225,530342801,1012,1551062605.972763,113.5213768630038,58.42417493269581,1955.8684742456928,[123.90690214  62.13054782 165.05058375 185.93941425 207.06116019
 248.02625707],[ 0.48206508 47.99959153  0.2599394   0.11994978  0.20063032  0.22801699
  0.17580136  0.25241653  0.22335494],__,-3.3899999999999864,329.266,0.0568303905086507,
20190225,530342801,1013,1551062618.7061906,114.31638897834276,58.6263774569028,1612.8803842630662,[ 62.1827632   81.08533532 103.65858571 124.30215205 145.14667959
 165.71229348 186.31194253 207.28886511 247.61640257],[ 0.36039023 30.12470125  0.17919124  0.11519176  0.12278853  0.16206854
  0.10852484  0.18187969  0.13418184  0.12517809  0.22893305  0.1775069 ],__,-3.009999999999991,329.494,0.19802993246048065,
20190225,530342801,1014,1551062634.1706884,114.14498003184958,59.208843582075055,1269.4111000124678,[ 19.97818385  41.38427726  61.98254464  82.72627915 103.37148944
 124.10777437 144.84783514 165.42971826 186.09512928 207.10512261
 226.69281061 247.9490859 ],[ 0.2448299  17.87805437  0.101519    0.26057278  0.18803205  0.10737547
  0.16821343  0.1454757   0.10000533  0.15583594  0.12003217  0.11358964
  0.2530773   0.33894995  0.17147078],__,-2.169999999999959,329.99800000000005,0.0592646972496647,
20190225,530342801,1015,1551062648.175297,116.03011310044154,57.76810045036204,763.7110585828441,[ 18.37893137  41.32310023  61.9295543   82.64744864 103.10791192
 123.94512233 144.61760172 165.27060986 185.94143081 206.44712562
 227.37030756 247.83396718],[ 0.22580112 11.45531365  0.0712803   0.24278669  0.23311837  0.12417999
  0.16597518  0.20146734  0.10403232  0.20060732  0.13781915  0.12409906
  0.2511607   0.33983517  0.19984972],__,-1.7299999999999613,330.26200000000006,0.04021258703795228,
20190225,530342801,1016,1551062665.3593657,116.48632177584273,56.91133649692223,614.7084222062588,[ 62.09826314  82.05834822 103.20645579 124.14020866 145.53284089
 165.50014652 186.20132287 205.89098858 226.55257182 247.91251475],[0.23661121 9.68753624 0.06320221 0.13187691 0.13132087 0.20155395
 0.1152127  0.21259238 0.14812705 0.14555959 0.24485639 0.34940379
 0.2593026 ],__,-1.3100000000000023,330.514,0.058964913589188275,
20190225,530342801,1017,1551062681.3099508,115.2901726336435,56.87870475888752,570.7565941516876,[ 18.76091676  40.81642772  61.64245751  82.61529721 103.12920318
 124.09886716 144.83432777 165.27700365 186.0830668  206.7636769
 227.43177361 248.01781597],[0.18603579 8.09354018 0.06084051 0.16176264 0.19577412 0.14889742
 0.15634687 0.17990955 0.10016976 0.20391112 0.13936951 0.10957142
 0.21257094 0.357992   0.16323955],__,-0.9099999999999682,330.754,0.06389224169998228,
20190225,530342801,1018,1551066104.6147866,116.65883972377685,60.658050807680226,290.4297778898003,[ 19.33011923  38.49664952  57.5490452   76.6759745   95.74469401
 115.06741791 134.06558074 153.37608975 172.57423179 191.57759311
 229.96049173 248.55025365 210.58051005],[0.16301365 4.26362026 0.03722466 0.192473   0.26896768 0.14665568
 0.12136637 0.17687006 0.10066286 0.22852727 0.14269567 0.11641579
 0.24732995 0.16830946 0.27224583 0.37439859],__,-0.9499999999999886,330.73,0.03266449841736811,
20190225,530342801,1019,1551066089.2258787,117.30321387391419,57.90297123886746,389.17878404931355,[ 19.10432304  38.26928676  57.81567423  76.85725941  96.38890197
 115.47333781 134.81572381 153.82702991 173.26268057 191.85808379
 211.83836563 230.81124206 249.8680449  268.78234131],[0.15869423 5.35546181 0.04401363 0.25919322 0.21113379 0.13179724
 0.11567794 0.16185287 0.08721771 0.1607694  0.11626334 0.12055916
 0.24010109 0.3199448  0.14373821 0.48409177 0.38003941],__,-1.339999999999975,330.49600000000004,0.04022779581412758,
20190225,530342801,1020,1551066073.8940663,116.76459973895717,59.16889188960847,575.1607293125387,[ 38.4005699   57.44670563  76.71807713  95.3951661  115.01652682
 133.41058739 152.85424933 172.06293984 191.37114911 210.12796213
 229.32068546 246.28245261 265.06373082],[0.2056546  8.4420998  0.05786288 0.21168203 0.14640726 0.15367651
 0.1786385  0.09703001 0.16692623 0.1315229  0.12447214 0.23649319
 0.31846147 0.17681609 0.38969158 0.4154632 ],__,-1.7299999999999613,330.26200000000006,0.07553455765758113,
20190225,530342801,1021,1551066059.4298844,114.00552206984878,58.934043262322874,944.8319683853962,[ 38.84943562  57.51138279  76.82501555  95.33044977 115.68372708
 135.97715192 153.97330887 173.25997238 192.33024289 212.32148381
 229.70901605 248.7915481 ],[ 0.23167338 13.54571081  0.0983212   0.25989293  0.14984374  0.17728232
  0.19278039  0.08970747  0.22836544  0.15244189  0.12641252  0.19531638
  0.22794179  0.17908352  0.32312768],__,-2.1200000000000045,330.028,0.12201847789820407,
20190225,530342801,1022,1551066047.2900722,110.63948233169161,57.821853381974705,1293.6731835575383,[ 37.89097489  57.56397777  75.0351298   96.35477538 114.85296593
 134.71220851 153.17807373 172.45979639 211.17406494 230.010501  ],[ 0.38305095 32.88233785  0.17075279  0.26131573  0.22932077  0.24227589
  0.18157726  0.10174427  0.24345943  0.15806244  0.16013456  0.31247443
  0.22598385],__,-2.8799999999999955,329.572,0.08190225899857059,
20190225,530489496,1006,1551134486.9354134,108.44194654951698,62.818779346462705,2243.2829295184993,[ 57.35590333 116.41048227 173.97802681 229.28054428],[ 0.86211424 90.7657101   0.35876129  0.15599242  0.23154562  0.33886903
  0.47312293],__,-2.099999999999966,330.04,0.15180049841388493,
20190225,530489496,1007,1551134471.927358,110.36869006311997,56.748147842051516,1459.593952972271,[ 62.0895488   74.68951424  95.52270113 115.65938996 133.51862636
 154.63548303 174.89215554 211.78366876 231.69656266],[ 0.32375468 32.64750299  0.16465388  0.09194     0.14854043  0.20411354
  0.11183199  0.15025176  0.20964395  0.1670447   0.29687373  0.28345552],__,-2.109999999999957,330.03400000000005,0.2608461605561365,
20190225,530489496,1009,1551134442.39314,115.74721101737849,56.01152724496459,905.0431258542486,[ 68.06962583  96.54068112  74.70178396 116.28688672 135.13267635
 154.38002724 174.45649938 211.84979452 232.24992951],[ 0.53560317 31.57349254  0.13879879  0.15275055  0.2105021   0.17284143
  0.13010168  0.23036287  0.17729968  0.17065297  0.28176748  0.25723818],__,-1.8599999999999568,330.184,0.27673894064312377,
20190225,530489496,1010,1551134428.6823163,117.4720690449116,54.52830631339943,670.806953314293,[ 77.15254289  94.15952428 114.35536378 152.14605122 171.88377667
 208.74868931 229.18778455],[ 0.30467501 13.57809458  0.09185256  0.18292681  0.16440752  0.119345
  0.22213299  0.18126042  0.28317778  0.26202998],__,-1.509999999999991,330.394,0.17684990912595883,
20190225,530489496,1011,1551134415.0,119.15738697399901,62.7789123842556,966.6522352136575,[ 89.7652674  112.62869539 130.54959373 150.30744821 168.98182812
 207.27948944 224.66667785],[ 0.32820539 17.61451998  0.09562573  0.16112969  0.11781265  0.23777398
  0.21249309  0.17423309  0.30103046  0.24956109],__,-1.089999999999975,330.646,0.14093506743278925,
20190225,530489496,1012,1551134398.1575851,115.48860772622868,67.08353743645593,1414.6310573034045,[ 37.37775474  55.82206034  76.07352034  94.11558579 113.78755975
 132.74035352 151.7990798  170.65255223 208.40817959 227.19296893],[ 0.28617977 20.22753874  0.09431644  0.17395452  0.19471073  0.15992043
  0.12168711  0.10512785  0.18184888  0.16454999  0.14922856  0.27369956
  0.21893715],__,-1.099999999999966,330.64000000000004,0.06561108917124535,
20190225,530489496,1013,1551134379.199445,116.00354495274819,62.0090530906314,869.9550079649464,[ 58.26192542  77.14656451  95.61871315 115.89955956 134.6493921
 154.25997538 173.95604092 211.69271783 231.8309641  251.18445727
 193.09748963],[ 0.26836733 12.94495611  0.08085915  0.20166218  0.17074309  0.14595549
  0.10981524  0.19415885  0.15790605  0.13533015  0.32762272  0.17757413
  0.31868662  0.29427236],__,-0.6299999999999955,330.922,0.08507351749817589,
20190225,530489496,1014,1551134363.5888636,117.76848402562982,61.12917581426564,366.78354882446126,[ 37.28383794  57.5614994   76.97515073  95.96805961 115.18278687
 131.78752686 153.67625657 173.03012162 192.90546719 213.71853898
 231.17062279 250.37252211],[0.13981606 5.10187518 0.04063148 0.19621136 0.19267257 0.1239774
 0.09509915 0.08092805 0.15508175 0.12631717 0.11325602 0.21420712
 0.28943208 0.15260552 0.28685059],__,-0.16999999999995907,331.19800000000004,0.12144675481124038,
20190225,530489496,1015,1551134350.8728652,117.45962501581475,64.1209752234692,318.9861497711472,[ 56.83347596  76.11778504  95.05466034 114.58515899 133.87259267
 153.04632826 172.07019435 190.97773375 209.56487319 229.34443371
 248.00661355],[0.22027009 5.07404806 0.03928515 0.20098202 0.1878601  0.2042918
 0.12132488 0.2160938  0.16566211 0.15432453 0.24261095 0.40600884
 0.21531213 0.39656772],__,0.2300000000000182,331.43800000000005,0.07869077144775044,
20190225,530489496,1016,1551134334.4537847,118.52095195524049,62.15948444883819,497.8173906224379,[ 18.46157039  37.45140782  57.43109144  76.22975217  95.82822821
 114.72004842 134.04148936 153.00771652 172.29120608 190.84202928
 210.90327489 229.0003954  247.4846218 ],[0.20018733 6.73760901 0.04499524 0.24713896 0.25190057 0.1534702
 0.16628546 0.17891587 0.10348338 0.20651164 0.13796115 0.13852505
 0.21584207 0.29554913 0.18665623 0.36052723],__,-0.15999999999996817,331.204,0.08110062880755588,
20190225,530489496,1017,1551134321.6723256,115.8089517658065,63.013406033963435,898.007376994064,[ 57.39383816  76.36112997  95.96816024 114.39448192 133.62164817
 152.53808086 171.65054943 189.3422449  210.28719988 229.17602183
 249.11779927],[ 0.21924731 12.61789251  0.0772748   0.12107242  0.16468758  0.12965901
  0.10310576  0.18584854  0.12614116  0.12012375  0.23125027  0.23265536
  0.16920049  0.33059163],__,-1.1299999999999955,330.622,0.07408906029911984,
20190225,530489496,1018,1551134308.0249743,114.74158655042031,61.43762433276021,1436.3498588789305,[ 57.5511022  114.3070521  133.11817705 152.1804429  171.66527771
 209.79863259 228.68089119],[ 0.3494174  28.42821732  0.1541315   0.15500428  0.10183221  0.24438865
  0.21254317  0.16685259  0.32176507  0.22692469],__,-1.579999999999984,330.35200000000003,0.06044522170606308,
20190225,530489496,1019,1551134293.2572138,112.56310114179841,62.1698525621121,2028.15501597013,[ 57.24977306  76.10665151 114.19938891 152.60188623 171.82119491
 190.92641666 229.6477636   98.93353536],[ 0.25898731 32.34612708  0.17650968  0.13123329  0.14493362  0.09086473
  0.15471965  0.14349463  0.17960562  0.20544964  0.1000719 ],__,-2.1899999999999977,329.986,0.18931187427987844,
20190225,530489496,1020,1551130932.198058,113.34398499188941,58.24051679333823,1859.4029606941701,[ 61.54173635  81.61950452 102.65264853 123.10550244 144.10158312
 163.95152003 184.52641145 205.48559534 246.05367285],[ 0.21992803 26.69835033  0.14706955  0.11267907  0.12003847  0.13004676
  0.07666937  0.19856279  0.12124662  0.11427526  0.20858674  0.17891177],__,-2.1399999999999864,330.016,0.06480761454077656,
20190225,530489496,1021,1551130945.0,114.5724675312894,58.202701839746275,1232.2368477728191,[ 61.72293351  82.27943763 102.68351898 123.59751445 143.96178463
 164.67854658 185.3274588  205.47108992 226.6224006  247.16170545],[ 0.16588297 13.05309028  0.08682386  0.10335838  0.1141422   0.13105678
  0.08339286  0.15742402  0.11470432  0.09862998  0.17529687  0.26972838
  0.1450441 ],__,-1.3700000000000045,330.478,0.04709248561419816,
20190225,530489496,1022,1551130954.0214167,115.13975565867597,58.35941404942855,819.6576716073404,[ 61.91182963  82.25062786 103.35335119 123.7011724  143.56812504
 165.0828554  185.69768878 206.61084752 227.41889543 247.54472492],[0.17102983 9.47884263 0.06899915 0.12068699 0.12064328 0.18542544
 0.08964276 0.23059294 0.12047599 0.10152971 0.19613043 0.29688367
 0.15156826],__,-0.049999999999954525,331.27000000000004,0.04624408277274273,
20190225,530489496,1023,1551130958.4760785,115.5248503658848,58.945114008885426,1236.5314141250894,[ 41.28082167  20.50351431  61.59658956  82.44068979 103.12747103
 123.78129398 144.41662921 164.96466278 185.71913249 206.44309564
 227.28011927 247.69302165],[ 0.27952404 18.50630446  0.10476408  0.19690013  0.29788654  0.18390802
  0.14425883  0.15255317  0.10546854  0.19285788  0.14682711  0.14507636
  0.20845075  0.22270778  0.19591394],__,-1.3799999999999955,330.47200000000004,0.052675523039950614,
20190225,530489496,1024,1551130963.846987,112.50543321865307,62.720777239400924,2623.7128209201924,[ 62.26236596  82.12920749 102.60741417 123.43599661 143.85792774
 164.58737482 185.25223642 205.60164098 226.12040824 246.91316364],[ 0.24961905 29.0970927   0.15410436  0.17041498  0.1838293   0.13963323
  0.08341923  0.14836582  0.12810551  0.12428854  0.16891126  0.22825733
  0.15112674],__,-2.159999999999968,330.004,0.06172323638114965,
20190225,530501643,1023,1551136174.1848698,114.4229707187646,50.19337045685837,1240.2083100821824,[ 39.20400765  58.84575749  79.25616186  98.02660197 117.67346763
 137.34850202 156.88410981 176.46855971 195.9497566  215.86148359
 235.41786644],[ 0.31854954 26.30436675  0.14759858  0.10397576  0.09563052  0.1916037
  0.1141554   0.09746904  0.18583335  0.16570743  0.1474506   0.19619687
  0.25463421  0.24339532],__,-1.4599999999999795,330.42400000000004,0.02544622454481106,
20190225,530501643,1024,1551136179.40581,116.34827192875841,52.372974538261204,788.0689282721676,[ 18.76865453  39.22301982  58.98503395  78.91371163  98.29290235
 117.91767634 137.58601602 157.14822374 176.89481481 196.41816334
 216.05176589 235.71534382],[ 0.19917598 12.03843925  0.08473759  0.16837682  0.17748175  0.1066345
  0.17883462  0.12543807  0.09388183  0.13955652  0.14679812  0.10635379
  0.18358471  0.20618472  0.17403885],__,0.1400000000000432,331.384,0.040114795050334724,
20190225,530501643,1025,1551136185.3465474,116.23467759109718,53.9177940537063,1065.9827640027966,[ 19.33100515  38.74186742  58.74351806  78.34937705  97.83164066
 117.4039385  137.01023129 156.47306671 176.17919958 195.78641554
 215.82746525 234.78205204 254.27034209],[ 0.18525956 14.42932798  0.09794913  0.25594363  0.19797124  0.09369966
  0.16274309  0.10064563  0.08480934  0.12839341  0.12508592  0.09863317
  0.20577745  0.2748224   0.15602642  0.18118419],__,-0.39999999999997726,331.06,0.04034920759064986,
20190225,530501643,1026,1551136199.8511028,113.68850848474871,54.49978716765994,1673.7864794752452,[ 39.01824766  58.50707301  78.33639668  97.44808704 117.07984325
 136.42321852 155.83585866 175.53309874 194.65922598 214.36779631
 234.15039262 253.0474448 ],[ 0.24793138 24.92734441  0.13900458  0.18518865  0.08535214  0.17475572
  0.10529288  0.09187146  0.16675543  0.13164749  0.10941764  0.20004626
  0.2367058   0.17818037  0.23546827],__,-1.4699999999999704,330.418,0.038178741230713825,
20190225,530501643,1027,1551136212.7091842,114.21905188272417,53.23831312637216,1869.0033460017055,[ 38.90316628  58.81680638  80.09534745  97.96006634 117.5848404
 136.89435523 156.99990235 176.35790771 215.37672313 234.88648439
 255.11847167],[ 0.38623874 39.80803226  0.22365091  0.20693014  0.10311959  0.22175985
  0.1640844   0.09808467  0.21693065  0.17788435  0.12546926  0.26964645
  0.18480967  0.34184744],__,-2.079999999999984,330.052,0.05424780176628389,
20190226,530681886,1005,1551217667.696422,115.75346802822813,50.38922853768563,1040.8375486024981,[ 41.94198761  61.80147095  83.00660098 100.75293353 121.14745175
 140.79651558 162.19358389 181.49303958 201.06074758 223.91027567
 243.42825089 261.80601097],[ 0.22131637 16.69152512  0.11410606  0.15942591  0.1230977   0.13979544
  0.15686883  0.09246582  0.15217829  0.12679163  0.11871226  0.19989088
  0.2997136   0.19093321  0.36450283],__,-2.1399999999999864,330.016,0.19350176000986571,
20190226,530681886,1006,1551217679.4444973,115.44814561423287,55.462671009837635,1092.6510449387104,[103.53708876 122.06521072 163.36114998 183.86625771 245.05495388],[ 0.22012834 16.32250629  0.13184026  0.1619303   0.08684732  0.139508
  0.13478856  0.16359463],__,-1.5600000000000023,330.36400000000003,0.10688723642807596,
20190226,530681886,1007,1551217697.4367259,112.3105664048149,54.25357633937102,1101.8785220632649,[ 61.54448318  83.39817305 101.85078816 123.0731736  141.34373711
 164.24346754 184.55472267 203.23091698 225.5899045  245.41993973],[ 0.31107866 24.01316756  0.13622894  0.1781257   0.13765735  0.14136854
  0.10466712  0.1857009   0.13172094  0.1222565   0.27347926  0.30854507
  0.17398432],__,-1.5699999999999932,330.358,0.12735626392111588,
20190226,530681886,1008,1551217714.8410363,111.78874248104668,56.882322560696075,1321.338722458916,[ 41.23920567  63.13756014  82.01693483 103.11506338 122.82162744
 142.39561223 163.71272291 184.15131984 205.1784215  224.82973781
 245.49111674],[ 0.22793197 18.86097156  0.11119311  0.20153213  0.1215837   0.13675973
  0.11111648  0.09237416  0.18987072  0.11800606  0.11460849  0.23598143
  0.30215771  0.17411168],__,-1.579999999999984,330.35200000000003,0.1020236741159818,
20190226,530681886,1009,1551217730.3337567,113.77862146303272,55.16764947411647,793.3752029750793,[ 62.39525071  81.470429    99.38621076 122.21589019 143.81302119
 162.9999793  183.36908852 204.65649848 223.7953451  244.2023903
 265.44370882],[0.17330455 9.95143735 0.07510249 0.11725882 0.14367097 0.11212245
 0.08995306 0.13396925 0.1160974  0.10479048 0.24841845 0.43548328
 0.14941425 0.38348244],__,-0.8199999999999932,330.808,0.09256347933394322,
20190226,530681886,1010,1551217745.7728431,116.83038662706171,54.57744079130391,513.0322014120198,[ 40.59336242  61.08040956  81.25086135 101.25594303 121.91607805
 142.26123385 162.44388551 183.03582111 202.91162254 223.52490495
 243.63237224 263.70316199],[0.18650139 7.56375606 0.05833637 0.19365249 0.13055739 0.11377988
 0.16773402 0.1066367  0.18486004 0.13810867 0.11479758 0.25195095
 0.28692467 0.18013459 0.33735071],__,-0.1099999999999568,331.23400000000004,0.043038605265843556,
20190226,530681886,1011,1551217760.1358721,116.81600280755805,51.76812245257411,525.2747083398618,[ 19.97207874  40.41786834  61.88673012  81.23950567 101.36191299
 121.78541146 142.07968318 162.26112149 182.64942045 203.3772348
 223.33007539 243.50106654 262.9564491 ],[ 0.3273251  12.0392777   0.08758156  0.28821377  0.35839086  0.21759214
  0.17376515  0.16830311  0.1343856   0.17958915  0.18781917  0.15062404
  0.24408741  0.25659233  0.20873367  0.38602763],__,-0.4399999999999977,331.036,0.03956630720425122,
20190226,530681886,1012,1551217776.2445517,116.32859191391745,52.354336145318854,956.2615821211009,[ 61.5114323   81.41010452 101.85589966 122.29484431 142.66046752
 162.88772155 183.3629656  203.60445033 224.21497076 244.45800272],[ 0.35365406 20.87383638  0.13259493  0.26718559  0.15531854  0.14449068
  0.11764022  0.15155325  0.15861614  0.13148599  0.22407762  0.22503251
  0.19269642],__,-1.2299999999999613,330.562,0.024965634236214382,
20190226,530681886,1013,1551217794.3643103,115.56518584075607,52.62086196278347,1312.9877484340986,[ 61.06438453  81.6250678  102.045063   122.42142036 142.78306256
 163.06578693 183.56773173 203.63120274 224.04612154 244.7630058 ],[ 0.27192557 22.06669701  0.14259818  0.21954634  0.15400032  0.1217223
  0.09810505  0.14216179  0.12958946  0.10923888  0.20026353  0.21342506
  0.16678082],__,-1.6299999999999955,330.322,0.03176745685480091,
20190226,530681886,1014,1551217815.7554069,108.71226039344806,55.85205358342578,2049.9749692312193,[ 41.00701943  60.58726024  81.79721616 101.79888578 121.98406354
 142.50045123 162.81309445 183.13744288 204.38735974 223.71009334
 243.79274197],[ 0.27101151 29.31980765  0.16767     0.18373582  0.15022403  0.15407281
  0.13093087  0.08726463  0.13670255  0.12192103  0.10872773  0.18926579
  0.19254177  0.14828598],__,-1.6399999999999864,330.31600000000003,0.05692533696493914,
20190226,530681886,1015,1551217834.1151547,109.99179024549223,55.54533336926498,2375.535851071477,[ 60.21757159  80.50977249 100.91311662 120.93272976 141.11141913
 161.14473209 181.32764254 201.45226529 222.21748988 241.90344771],[ 0.50819936 60.70455174  0.31068783  0.23798391  0.22609549  0.15863437
  0.10233371  0.16962514  0.15628564  0.13829346  0.23625964  0.22981677
  0.18146785],__,-2.25,329.95,0.03918603457315508,
20190226,530681886,1016,1551217854.1411953,110.17471482111111,53.29336864494896,2125.072629448336,[ 60.82406615  80.64464162  99.87693415 120.94983381 141.15307134
 161.3450965  181.28532081 202.44885175 220.87947513 241.6308801 ],[ 0.24258222 32.29900271  0.18682263  0.14617776  0.15131986  0.1540602
  0.0802723   0.15984628  0.11691316  0.10802896  0.18616543  0.21240492
  0.14984205],__,-2.269999999999982,329.93800000000005,0.08568880033949912,
20190226,530681886,1020,1551221247.5538828,112.33682977746312,62.795316200721096,1926.0052166833827,[115.93664592 154.6498834  173.69947562 212.9254574  231.38070378],[ 0.48967074 46.33439306  0.2110182   0.1362087   0.21689927  0.21839312
  0.28261445  0.30537681],__,-2.1999999999999886,329.98,0.11699431230948752,
20190226,530681886,1021,1551221239.6597342,115.01348721209897,57.624121484456566,889.5310347847652,[ 77.58666107  95.16489062 115.42752778 134.28761854 153.65821437
 173.1596233  211.01783374 231.03019802 250.19545601],[ 0.41117014 20.30361924  0.13598397  0.20092911  0.18778861  0.12775144
  0.21266867  0.19052145  0.15500732  0.27254659  0.20571328  0.28982519],__,-1.099999999999966,330.64000000000004,0.07760106375162171,
20190226,530681886,1022,1551221232.668682,117.68687406303661,61.00782258392533,287.8718717131587,[ 18.97932215  38.24434705  57.50804584  76.8368133   96.0336496
 115.48245441 133.81596269 153.898837   173.08525488 210.657014
 230.70496243 249.92513714],[0.19623427 4.8700327  0.04247461 0.26078469 0.3136535  0.24419132
 0.12276047 0.2028073  0.10630669 0.24967826 0.15796151 0.14180906
 0.42414736 0.2076312  0.27932511],__,0.21000000000003638,331.42600000000004,0.04998443957528299,
20190226,530681886,1023,1551221230.0590086,116.251669204968,57.90690808686847,804.7005824666392,[ 39.05644222  57.73087578  76.69916174  95.53999481 115.30413013
 133.93464301 153.45445733 172.93457659 191.88119187 211.68632125
 230.5793996  249.70707477],[ 0.25035934 12.74018684  0.08585332  0.24764473  0.1472308   0.22166568
  0.258097    0.09815695  0.21706981  0.16478737  0.13698508  0.2270086
  0.28339334  0.17257472  0.37197846],__,-1.1099999999999568,330.634,0.060552009126340206,
20190226,530681886,1024,1551221229.0534463,112.33788863826553,58.125635190566605,1966.9870131664175,[115.12493372 134.61349368 153.62163966 172.61911285 192.5697173
 211.28511259 230.35607725],[ 0.38182108 38.22377764  0.1842411   0.10777298  0.23113156  0.17223214
  0.15944785  0.22958376  0.25703127  0.22993697],__,-2.1999999999999886,329.98,0.06901476615119743,
20190226,530672521,1020,1551217495.3403487,115.37157389391817,57.81602477576018,1493.08318998995,[ 38.19205281  58.67089288  77.19576679  97.97415501 117.29607531
 136.4471216  156.08173358 176.03846555 214.78884276 235.01685958
 255.02617381],[ 0.27958393 24.69020962  0.13630993  0.18969479  0.09432906  0.22174183
  0.13032933  0.09456866  0.19521077  0.19980353  0.13490728  0.29467787
  0.20508607  0.36111886],__,-2.349999999999966,329.89000000000004,0.08195723616116449,
20190226,530672521,1021,1551217482.6333249,115.59887174944065,58.241825780585486,1140.1475731492205,[ 58.5430014   77.51260448  97.50816904 116.89194663 136.30676745
 155.43145877 175.26596256 194.23840869 214.42833886 234.12022285
 253.71887001],[ 0.27192139 20.36064869  0.10973845  0.11365267  0.28211743  0.16719427
  0.10287974  0.17216402  0.15104112  0.12077729  0.23632188  0.30824134
  0.18780023  0.21607804],__,-1.7399999999999523,330.25600000000003,0.06519102565951575,
20190226,530672521,1022,1551217472.4564457,116.27049414003595,59.385206930392364,856.2264867187247,[ 39.08314827  58.46566835  77.52135492  97.52181814 117.14565951
 136.97799097 155.31959305 175.77558262 194.48541517 213.39050462
 234.80507898 254.37681389],[ 0.24033731 13.52788122  0.0860414   0.23701093  0.13943997  0.23595243
  0.1978661   0.09732517  0.21923944  0.19720129  0.12636022  0.2393795
  0.31367757  0.21136549  0.25680517],__,-0.8700000000000045,330.778,0.09672595359280359,
20190226,530672521,1023,1551217463.511382,116.21733470210111,58.82805534970396,583.658767357849,[ 39.50781824  58.8108312   78.29076464  98.27851606 117.56817602
 137.45343207 156.93246189 176.53341783 195.55433396 216.41450658
 235.47001035 254.88618962],[0.19512248 8.80036698 0.06179695 0.22378938 0.09953557 0.1820387
 0.16058049 0.09810259 0.18270362 0.17195277 0.11280067 0.25491827
 0.28241963 0.17262541 0.33844402],__,-0.07999999999998408,331.252,0.056244677963050396,
20190226,530672521,1024,1551214026.5988386,117.89893366669799,52.86978975946591,694.4692490930902,[ 39.1835272   59.0878982   79.2384253   98.51644168 118.14027652
 138.17739498 157.53282131 177.38074042 197.46463211 216.4377978
 236.54525979 256.04780662],[0.17557823 9.86000478 0.07515137 0.17925138 0.09677276 0.19196304
 0.12471179 0.08823909 0.13573339 0.13256453 0.1049414  0.16991257
 0.23315544 0.16328731 0.19518392],__,-1.1599999999999682,330.60400000000004,0.03556805111401006,
20190226,530672521,1025,1551214034.6120384,116.92346670653681,52.216525577826395,1269.9580683492034,[ 59.37946074  78.77532817  98.79618195 118.53327443 138.45902139
 158.26042063 177.90445978 198.03101755 217.37467447 237.12074065
 256.9315101 ],[ 0.23603222 20.52991935  0.13491328  0.11160057  0.1920441   0.10932876
  0.08523638  0.15657509  0.1338527   0.11005454  0.20572065  0.20776012
  0.15107917  0.22452909],__,-2.319999999999993,329.908,0.03582164134959416,
20190226,530672521,1026,1551214050.748284,113.1125500356194,52.72568864502484,1903.2516639714388,[ 38.17762948  59.14397599  78.36415136  98.56588675 118.37353084
 138.21999322 157.81048363 177.50285906 197.55592726 217.48881874
 236.92091926],[ 0.24561446 29.63457896  0.16920271  0.16513658  0.09321964  0.16640309
  0.10347748  0.08245374  0.16664016  0.12247279  0.0993222   0.18702628
  0.22051131  0.16657235],__,-2.9599999999999795,329.524,0.04627837827095289,
20190226,530695031,1012,1551223147.2185392,113.31413522573193,54.24159050071016,1858.4478285230111,[ 39.05217853  58.93813471  77.63504423  97.75300566 117.55024027
 137.29164747 156.68495765 176.3904243  195.66768792 215.80409557
 235.23601845  19.55283934],[ 0.25583895 29.68113647  0.1744202   0.15094093  0.08973276  0.13568544
  0.09922182  0.07606306  0.14620528  0.14389218  0.11963497  0.20158909
  0.2075301   0.1825444   0.19400659],__,-1.9499999999999886,330.13,0.05471631378541434,
20190226,530695031,1013,1551223164.4704552,112.32307482534736,53.64461043373359,1606.844418173799,[ 39.33507514  59.02898575  77.91962814  98.32742692 117.92037552
 137.98558051 157.34428884 177.01360024 196.52066794 216.39692416
 236.04005779],[ 0.23719556 25.4562675   0.14057726  0.23239617  0.09498048  0.1478384
  0.11175589  0.08243916  0.13831648  0.11670893  0.10184805  0.20071656
  0.19291592  0.161591  ],__,-1.9599999999999795,330.124,0.03611748804790804,
20190226,530695031,1014,1551223180.3983164,112.99973798844412,55.742933714762984,1703.8127278769077,[ 18.79319738  38.81134993  59.03389022  77.81087417  98.31821181
 117.7928422  137.68946545 157.23584132 176.85520373 196.59079191
 216.12151627 235.69112887],[ 0.2100144  22.41282977  0.12632573  0.16314459  0.10936596  0.08085666
  0.13855189  0.09392346  0.07907497  0.14775274  0.11348305  0.09889914
  0.17700057  0.19697273  0.15437022],__,-1.67999999999995,330.29200000000003,0.042534097457808374,
20190226,530695031,1015,1551223197.3401153,114.70195545486976,56.2751083189708,1578.379935037082,[ 19.57082123  39.12720026  58.87509687  78.05437095  98.23953326
 117.8123359  137.65645172 157.05365436 176.78676484 197.41609443
 216.19259531 235.76083423],[ 0.21063789 20.79809811  0.12989555  0.16996805  0.15518733  0.08828418
  0.17769375  0.11347819  0.07458407  0.14830209  0.12683438  0.09836629
  0.19756075  0.17875046  0.14340706],__,-1.3100000000000023,330.514,0.045932830393438664,
20190226,530695031,1017,1551223231.6857622,115.72302912387984,57.349937089776844,1466.990869258618,[ 18.58152531  39.21190078  58.6145682   77.86830748  98.16754879
 117.60579804 137.45948489 156.88572591 176.52783523 195.83965844
 215.63417372 235.11514781 255.78820247],[ 0.16857056 16.25172911  0.10238431  0.13562285  0.12661757  0.08498912
  0.14498818  0.10602554  0.07122209  0.148919    0.10898276  0.09312125
  0.18483107  0.18774562  0.14148091  0.31736142],__,-1.329999999999984,330.502,0.07215430726878988,
20190226,530695031,1018,1551223250.2174134,115.70077868178454,58.17849292550847,1209.3789502307566,[ 38.40182569  58.55304061  76.0615466   97.65569271 116.91905616
 136.46234765 156.11126491 175.5066829  194.97320266 214.52865725
 234.06800521 253.30271143],[ 0.18617759 15.58950422  0.09617368  0.1486601   0.10778847  0.1450614
  0.13235663  0.0778398   0.17870197  0.131226    0.09794086  0.20862224
  0.26511557  0.19261989  0.42722063],__,-0.8700000000000045,330.778,0.057147255507363354,
20190226,530695031,1019,1551223266.2510884,117.66601057962176,57.62238236425989,744.7887337725422,[ 20.20684581  39.06481841  58.59894229  77.44906257  97.72377596
 117.12745044 136.89610319 156.15544959 175.71914649 195.18874365
 214.57622751 234.19721763 253.76525074],[0.16694006 9.27011031 0.06610942 0.18744445 0.14283184 0.09893231
 0.14984534 0.11408761 0.08772683 0.1558812  0.13370481 0.10109746
 0.20454272 0.26071432 0.15439594 0.25104293],__,0.11000000000001364,331.36600000000004,0.04383276910434555,
20190226,530695031,1020,1551223281.400194,118.10050853740744,56.472640043885406,521.8692859272028,[ 20.55574174  39.44593986  58.95228798  78.1473734   98.28066443
 117.52100142 137.51041175 157.0421832  176.70198808 195.26098355
 216.79624042 235.43736537 254.81274871],[0.15966225 7.45192586 0.05772401 0.15678299 0.15463116 0.10897384
 0.1397878  0.11793185 0.0910028  0.15870425 0.13958756 0.1007466
 0.24768389 0.31044039 0.18532948 0.3244378 ],__,0.10000000000002274,331.36,0.06416969158300916,
20190226,530695031,1021,1551223295.8111572,118.49585869081957,57.10781158995229,579.9387779694875,[ 20.08385433  39.0932934   59.28492147  78.74857468  99.02679114
 118.2437119  137.79325296 157.57742016 177.25021536 196.69175778
 217.14935629 235.96384723 255.96043631],[0.14654898 7.38317913 0.05534769 0.18379134 0.1605404  0.09115038
 0.16594708 0.11249398 0.08381431 0.14028409 0.12108386 0.09454854
 0.21067342 0.32957671 0.1540919  0.25836545],__,0.10000000000002274,331.36,0.05320834257981173,
20190226,530695031,1022,1551223309.8578575,117.48335875540035,58.777552029851414,997.2641401012061,[ 19.38192162  38.84474041  58.90338562  77.98328448  98.23273418
 117.83718105 137.75907259 156.85171628 176.70473879 196.35925515
 216.92096764 235.61441983 254.48049001],[ 0.16839897 12.67792813  0.0835725   0.18457577  0.17623623  0.09354667
  0.20476262  0.10101602  0.07970836  0.20277349  0.13847786  0.09193094
  0.19465003  0.27845575  0.15673188  0.2681593 ],__,-0.37999999999999545,331.072,0.055251463467134894,
20190226,530695031,1023,1551223320.9934497,116.14949793250487,58.55880739769975,1556.9983496505117,[ 39.23176324  58.74229626  77.81785576  97.68151319 117.54783842
 135.81650975 156.83983164 176.1823723  213.80309514 234.83744917
 255.1523291 ],[ 0.26452781 24.726317    0.13135209  0.12230545  0.08863649  0.19213972
  0.10965027  0.09587213  0.21867489  0.17632206  0.13095763  0.25526993
  0.20562071  0.37552471],__,-1.759999999999991,330.244,0.05948496543032438,
20190227,530706111,1009,1551228089.0020955,114.6128477107618,51.45298595693629,1396.1299514946925,[ 59.18438697  78.73096776  98.56160254 118.19706378 137.88797899
 157.72604861 177.3738611  197.02208074 216.75320555 236.39192348
  19.31986425],[ 0.25427001 23.65506973  0.13877132  0.09332267  0.16957451  0.11075303
  0.0845662   0.13860719  0.12819608  0.11950426  0.17449143  0.17891701
  0.17902635  0.26526823],__,-1.4899999999999523,330.40600000000006,0.034472389193167335,
20190227,530706111,1010,1551228103.7757652,116.3422962629519,52.2785168076831,974.5253317895728,[ 19.47271527  39.39000139  59.37373859  78.55186464  98.65165751
 118.3539347  138.06614226 157.59622792 177.38575508 196.98473184
 216.95052586 236.57923446 255.97338843],[ 0.17780171 13.3931208   0.09266821  0.22017657  0.1768757   0.09526706
  0.17648152  0.09914684  0.07850613  0.14275921  0.12659854  0.0971035
  0.17932272  0.19942926  0.17097402  0.36741204],__,-0.6299999999999955,330.922,0.04060575287041774,
20190227,530706111,1011,1551228118.9997773,115.77544627887453,52.770430019116695,610.3468425472754,[ 19.10156572  38.98535351  59.44892678  78.63223965  98.73573962
 118.34908612 138.12716575 157.84232834 177.56025763 197.58482052
 216.77088077 236.60984241 255.85041268],[0.14185184 7.28793656 0.06317628 0.14879369 0.13972462 0.09253468
 0.14938812 0.11666003 0.08452035 0.1477067  0.1304843  0.08977895
 0.18792713 0.24760666 0.13971425 0.35773443],__,0.35000000000002274,331.51000000000005,0.049149200432182634,
20190227,530706111,1012,1551231131.0742927,117.37228399110285,58.96656972655316,448.56374842361174,[ 19.06423932  39.77674924  58.68240978  80.65730578  96.93157457
 117.41374738 137.08103673 156.55884441 176.19596605 196.00680516
 215.06476588 235.01392294 254.40471962],[0.1816484  6.86565144 0.05216456 0.18944962 0.20856019 0.10723596
 0.14723465 0.13949109 0.1033021  0.17633744 0.14691764 0.11808734
 0.26904084 0.33992792 0.19059766 0.23296477],__,0.020000000000038654,331.312,0.09657786918565771,
20190227,530706111,1013,1551231115.9783337,118.37284289404592,58.94261806292782,425.14328985803803,[ 19.0148352   38.8071169   58.22767755  78.44257632  98.68903935
 116.90187282 136.68216189 155.3676208  175.89869665 197.36987554
 216.61819017 235.62726238 255.58602579],[0.15146145 5.93952051 0.04826683 0.19596682 0.21749996 0.11934557
 0.1738877  0.10913769 0.08855828 0.17376691 0.14054874 0.11412504
 0.21710382 0.24567907 0.15806829 0.30761744],__,0.020000000000038654,331.312,0.14344735357353944,
20190227,530706111,1014,1551231099.0995688,117.72413879584049,58.555602420332264,660.9493783328361,[ 38.27333411  58.55611457  76.59983571  99.58417382 117.5917988
 156.59065253 176.39216237 196.34203948 215.14542262 235.63035241
 255.22439169],[0.15466123 8.79138204 0.0629645  0.21669708 0.13456701 0.1435689
 0.1313361  0.08202406 0.13102585 0.09989344 0.21080363 0.28078723
 0.1995177  0.28821149],__,-0.44999999999998863,331.03000000000003,0.12865745535390563,
20190227,530706111,1015,1551231083.711544,116.71921981105534,57.71086850188218,902.1402941335942,[ 36.50224738  59.25563191  98.01957375 117.97750541 137.08657408
 156.67962687 176.79020539 197.42195536 215.32022352 234.84684543
 254.09014183],[ 0.19492739 13.26537818  0.08565629  0.18367888  0.13986339  0.13920997
  0.08616862  0.12936043  0.14755985  0.11745509  0.20156663  0.22283686
  0.2202545   0.37670114],__,-0.9499999999999886,330.73,0.15341806821288345,
20190227,530706111,1016,1551231066.7392342,114.71546435295157,58.76932525689009,1254.1176952750377,[ 39.46989359  57.6041096   77.626034    97.6707337  117.5356209
 137.91029186 156.19846125 175.62723584 195.96962725 214.7361812
 234.29409406 252.98040864],[ 0.25265285 17.94313547  0.11274938  0.1628775   0.12046086  0.17434393
  0.13908394  0.08754309  0.15014114  0.16123242  0.13041306  0.23441222
  0.20602631  0.17701646  0.35107444],__,-0.9499999999999886,330.73,0.12804176941882547,
