20190214,528502194,1026,1550177820.3312578,115.71487912451482,54.25238131929243,920.6156313246588,[ 59.15069232 117.55765322 136.66917188 156.51201016  97.57509227
 176.32931206 195.34242362 235.35550157],[ 0.35143292 22.76143582  0.13572843  0.15388754  0.10674339  0.26246824
  0.23205     0.2443915   0.17559853  0.25389793  0.22526756],__,-2,330.1,0.06099559581811193,
20190214,528502194,1023,1550177789.2386246,117.32633823439912,49.948200322794676,1287.1899505200797,[ 39.23161171  59.49328279  77.28542269 116.62480152 135.81681711
 155.98757285 175.30306211 194.36513106 214.09351294 234.00923703],[ 0.30829447 26.88343964  0.16273835  0.19962845  0.10747389  0.24635487
  0.1015286   0.21406553  0.18582176  0.15315409  0.20120315  0.23828315
  0.25249197],__,-2,330.1,0.12576707752188504,
20190214,528502194,1024,1550177797.1981785,117.1536547361013,54.75568449424624,985.5571882716871,[ 58.37638961  77.47293842 116.88460457 135.95842167 155.82952599
 175.63482723 195.27969974 234.09229247],[ 0.29898043 19.49233982  0.11972629  0.1800216   0.26948667  0.09926417
  0.22317362  0.19666099  0.14829327  0.22502252  0.21074538],__,-2,330.1,0.04455180754041601,
20190214,528502194,1025,1550177805.5084739,118.65935899849296,52.450574381986776,691.7840712955044,[ 58.50053891 117.40413762 136.85358989 156.27435243 176.1733327
 197.08050541 235.28112254],[ 0.39042074 18.47704897  0.1111448   0.20264503  0.14786684  0.23662164
  0.23521409  0.20094858  0.25942734  0.29418604],__,-2,330.1,0.0880483607061173,
20190214,528502194,1026,1550177820.3312578,115.71487912451482,54.25238131929243,920.6156313246588,[ 59.15069146 117.55765218 136.66916766 156.51200679  97.57509002
 176.32930942 195.34241909 235.35549936],[ 0.35143298 22.76144536  0.13572837  0.15388753  0.10674339  0.26246821
  0.23204998  0.24439148  0.17559853  0.25389791  0.22526761],__,-2,330.1,0.06099559583219595,
20190214,528502194,1027,1550177833.0654209,117.47842363582978,54.59169153718777,1207.2824210730832,[ 58.92515122 118.00077846 176.68498393 236.42721371],[ 0.53603756 42.81195205  0.2481015   0.1702129   0.1278702   0.19540661
  0.26969232],__,-2,330.1,0.034905920777244796,
20190214,528502194,1028,1550177847.3778443,113.96265340575444,59.808485097630616,1898.6274301120325,[ 58.82939599 118.14532632 176.9729246  216.47348447 236.1902987 ],[ 0.73865541 65.49099506  0.32953174  0.20788276  0.14373996  0.19846161
  0.34200348  0.28384638],__,-2,330.1,0.050921292665426894,
20190214,528502194,1029,1550177867.311236,112.4786618232747,59.62700478187356,2110.9514475010146,[117.89897714 176.72021909 235.8068276 ],[  1.76073305 179.95488772   0.62768345   0.2295269    0.3136706
   0.48234137],__,-2,330.1,0.037149145102815716,
20190214,528518474,1006,1550187776.9446495,126.48561910950724,123.48813068641594,4270.982286071401,[91.91309595],[  2.39240283 254.90444128   0.65704201   0.98288405],__,-2,330.1,0.08785683563068496,
20190214,528518474,1007,1550187764.1925879,115.21957276366926,61.098700679166704,1275.6768875167734,[ 57.71861287 115.68404865 134.46632986 173.49869338 231.34552116
 213.0063978 ],[ 0.41563253 28.26160366  0.15286785  0.16331121  0.12578015  0.2598551
  0.16380224  0.22697256  0.31819093],__,-2,330.1,0.0583398855017607,
20190214,528518474,1008,1550187750.9849875,116.04643983315471,66.71849625228396,1829.783691877948,[113.78745808 170.56961721 227.54661409],[ 1.13404166 82.01816113  0.28011566  0.23160168  0.30982427  0.42998311],__,-2,330.1,0.0489373584421282,
20190214,528518474,1009,1550187737.5347757,116.76868451735452,63.33387284203393,1262.8432488700553,[114.89248272 172.4585831  230.04079898],[  2.73881329 134.56584983   0.53320916   0.2873846    0.45092899
   0.60554783],__,-2,330.1,0.027459721874493935,
20190214,528518474,1010,1550187724.813791,115.50189315003128,66.57543679056545,923.6428441463701,[116.12454662 174.12103364 232.27900069],[ 1.48632811 58.55171981  0.27880083  0.26633322  0.40716646  0.5387762 ],__,-2,330.1,0.0847900917193267,
20190214,528518474,1011,1550187712.615097,117.01763624021417,62.823357272393075,480.70436962171374,[ 58.00792314  77.05088516  96.18360304 115.75139068 135.4529484
 173.77273272 212.40315525 231.44574456],[0.26666674 9.00409639 0.05915326 0.22197322 0.25483086 0.2315227
 0.12068025 0.22898516 0.15317351 0.3509561  0.23007052],__,-2,330.1,0.07354401757394445,
20190214,528518474,1012,1550187698.8012464,116.83735405179053,62.07202136207859,729.6201004701592,[115.06411268 172.6220902  193.04943413 211.42160186 230.64052897
 249.92309685],[ 0.33587459 14.57506129  0.08248351  0.12409749  0.17120856  0.28908441
  0.28941602  0.23410434  0.36323086],__,-2,330.1,0.04426297056123391,
20190214,528518474,1013,1550187682.3631432,117.34692864156298,57.784630029220764,854.7368766782442,[115.18444011 172.60372096 230.33202402],[ 0.79486426 38.39699023  0.18445133  0.15994669  0.26878025  0.34302044],__,-2,330.1,0.06365931364689348,
20190214,528518474,1014,1550187666.5771613,112.87878909748542,63.35370629531833,1375.7673548448004,[116.24517812 174.56425811 232.21061738],[ 0.98260526 62.87730571  0.24178866  0.18612776  0.33270724  0.42672388],__,-2,330.1,0.04213065820341155,
20190214,528518474,1015,1550187649.9155543,112.3520239878893,65.55276230231063,1657.7893886691324,[116.37020481 174.54293993 232.42007938],[  1.52536446 103.4629821    0.3659122    0.20574416   0.34739825
   0.43398594],__,-2,330.1,0.034252101174104675,
20190214,528518474,1016,1550187631.6712945,117.06984959214337,54.709159083953416,955.678867480757,[116.51506034 175.01678985 233.11850766],[  2.43732234 101.2351246    0.60545584   0.39454627   0.59471134
   0.73148031],__,-2,330.1,0.026532472551203248,
20190214,528518474,1017,1550187618.350744,112.30753353131581,64.60207884319026,1789.5748995049184,[116.24250493 231.23849579],[  1.32668939 108.51234011   0.50339092   0.23637245   0.46574381],__,-2,330.1,0.06295670293478445,
20190214,528518474,1019,1550187585.7634544,111.29522964575244,65.67696347204281,2186.979079283976,[117.05071706 175.62455098 233.48626536],[ 0.56617487 56.06814568  0.30468705  0.12277505  0.22022325  0.29507241],__,-2,330.1,0.07710367177058243,
20190214,528518474,1020,1550187572.0660422,112.31493061120375,57.76922311970195,1514.6976648144293,[115.51810662 231.12072548],[  2.48968629 149.04681729   0.8556561    0.35658061   0.72927151],__,-2,330.1,0.024514694565256304,
20190214,528518474,1023,1550184643.6806734,112.88209314255546,51.37947374098565,1576.508500647521,[117.44813892 135.60212677 157.80764274 176.02826064 215.91765958
 234.59642009],[ 0.49635227 50.14713428  0.25539766  0.1438615   0.23422357  0.24001769
  0.21886641  0.32916169  0.34754145],__,-2,330.1,0.10018164901634166,
20190214,528518474,1024,1550184650.8730202,113.93096250123342,52.34257844686383,858.1655110455106,[117.9096527  156.91309715 177.29268301 197.78314533 236.42983583
  58.59153583  78.92973674],[ 0.45065609 26.48762302  0.15078823  0.13412506  0.27738182  0.21181004
  0.28504964  0.31411227  0.25031217  0.31168985],__,-2,330.1,0.0930048351800998,
20190214,528518474,1026,1550184671.6801171,115.18558519025233,55.3198471181369,807.4516173638206,[ 58.9129602  117.84033621 176.92029484 235.66560317 255.15992271],[ 0.30767542 17.55487388  0.11606099  0.14207128  0.10474374  0.14681353
  0.22955462  0.29303249],__,-2,330.1,0.03902565575832942,
20190214,528518474,1027,1550184682.1097648,115.64162074731102,54.10161068881364,1011.6355638763686,[119.17162713 238.91249892  59.24529416 178.44250305],[ 0.79731736 45.13078532  0.2615336   0.18107167  0.38204726  0.23521559
  0.25163298],__,-2,330.1,0.05350546452344994,
20190214,528518474,1028,1550184693.9626846,99.59489342172456,82.5699761166129,3218.147575882951,[124.22017897 186.13434471 248.13603455],[  2.26618503 197.73371522   0.97925954   0.38412286   0.55637732
   0.70939893],__,-2,330.1,0.0714269025560225,
20190214,528510459,1007,1550181884.3150985,112.9938185344693,62.6992555761965,1760.65211989849,[ 58.19527052 116.57088914 174.98675876 232.81850616],[ 0.4194465  44.34372087  0.21193774  0.15641248  0.12774443  0.17291698
  0.26212906],__,-2,330.1,0.08519269134769314,
20190214,528510459,1008,1550181870.0039585,111.94507055043495,60.19484028568467,1427.7206881852296,[116.83764261 175.30029558 233.58922167],[ 0.62825174 53.71665516  0.24152463  0.17052201  0.24623631  0.31220319],__,-2,330.1,0.06877871826691034,
20190214,528510459,1009,1550181856.345989,114.67623888417988,64.04607692400054,1096.8129886327122,[ 58.92305453  76.33718577 116.91827763 175.73976598 233.76727289],[ 0.91018298 45.0649825   0.17387713  0.25989582  0.3069541   0.22495271
  0.36320984  0.49974446],__,-2,330.1,0.08285094834589196,
20190214,528510459,1010,1550181842.8943968,117.86423055978057,64.31185616473674,594.4262825791733,[ 58.0098369   77.89014924  96.67914096 116.55725903 174.69747086
 232.87116083 252.0078888 ],[ 0.47639902 15.63136699  0.09041764  0.18886285  0.31359044  0.27377148
  0.1580527   0.21769937  0.29181164  0.36692695],__,-2,330.1,0.057417184476961966,
20190214,528510459,1011,1550181832.4984717,117.62740953193536,64.43084683022836,334.99780253053603,[ 39.05124363  58.52304023  77.86989245  97.35368716 117.03544328
 136.41494264 175.49323902 214.71116286 233.55347982],[0.30536447 7.39361966 0.05217558 0.32531949 0.16892062 0.37013157
 0.20801448 0.13941045 0.244044   0.17067634 0.41178892 0.23120837],__,-2,330.1,0.03710046030854253,
20190214,528510459,1012,1550181820.0,117.26715796703095,62.517134999946755,714.3138937624142,[116.04020895 174.16583684 212.99767171 232.21180127 251.44368966],[ 0.55641206 22.02436959  0.10453934  0.15432793  0.20974737  0.37427391
  0.29739114  0.44781659],__,-2,330.1,0.02921182952103531,
20190214,528510459,1013,1550181805.205245,118.26168576271206,62.40063051378946,1140.3387511163955,[115.49751448 173.87791771 230.99974955],[ 1.34526506 77.55966591  0.27453012  0.21255689  0.35252665  0.4515168 ],__,-2,330.1,0.04078628237071058,
20190214,528510459,1014,1550181792.9943023,117.51301883338817,76.97154590222324,2777.6539038958686,[110.18215074 220.99573683],[  3.64717199 318.61400226   0.93838281   0.44375558   0.83145996],__,-2,330.1,0.08029290717143192,
20190215,528711629,1007,1550273562.8316312,111.16305082118302,63.338638940916205,1937.9184189321554,[ 59.17097154 118.1391631  177.13230464 218.53136541 236.56403534],[ 0.3578704  35.362708    0.20355565  0.11969983  0.09954636  0.12035643
  0.29397765  0.17917289],__,-2,330.1,0.05209890899675017,
20190215,528711629,1008,1550273546.1621952,112.32740027855519,65.21250985663492,1836.7041346870435,[ 59.34815162 118.37408424 157.3742417  177.49179238 217.22152562
 236.56808306 256.29134678],[ 0.33751141 29.56275327  0.16695532  0.13440192  0.10406953  0.20658387
  0.13711244  0.25351771  0.17352638  0.29084074],__,-2,330.1,0.05021539787388359,
20190215,528711629,1009,1550273534.900063,115.58462929898316,63.361958338652975,1043.9558722933511,[ 59.18351566  78.77938308  98.5614174  118.03563698 137.74051152
 158.35081777 177.23569106 236.09442115 255.75978407],[ 0.35825581 20.17308312  0.12232768  0.16042344  0.26742841  0.22454741
  0.11271042  0.29559598  0.25143725  0.195226    0.26361594  0.35818471],__,-2,330.1,0.07405885438050348,
20190215,528711629,1010,1550273523.4652627,115.19213066886404,62.514055450121646,576.4430268553506,[ 38.68261586  59.05780421  78.6286793   98.39153745 118.00176297
 138.28266111 157.4739842  177.16635138 196.45026269 235.91407785
 256.03202133],[ 0.27875267 10.53710093  0.06978507  0.2974101   0.1513564   0.27006599
  0.21951455  0.1240913   0.27319838  0.23462239  0.14924376  0.30383462
  0.20436907  0.34354352],__,-2,330.1,0.06671789098435241,
20190215,528711629,1011,1550273509.2727926,117.05478539537303,62.257550753876224,515.669144433184,[ 39.43659483  59.20055397  78.54228514  99.00069314 118.28956711
 138.34452928 156.7244676  177.49653867 216.74802484 236.32365579
 256.45975588],[0.16404909 6.75289921 0.05145323 0.19402357 0.13002046 0.2143295
 0.14490071 0.08879926 0.15961284 0.17662352 0.10890967 0.31840419
 0.1583342  0.34032759],__,-2,330.1,0.049513198496994766,
20190215,528711629,1012,1550273496.0302122,116.10278380028474,61.69308247055503,846.327818373399,[ 39.4099668   59.131665    79.48345366  98.56883689 118.3739058
 138.32489448 157.93626518 177.56841071 197.48651288 216.77921746
 236.36317229 255.90910059],[ 0.21382801 11.32699483  0.07342225  0.19236273  0.12554652  0.19554714
  0.16527263  0.09918157  0.22353561  0.18237933  0.11759004  0.21667907
  0.24753323  0.17222121  0.24222851],__,-2,330.1,0.06744332442436755,
20190215,528711629,1013,1550273480.420813,116.47010119286202,60.465198572996734,1068.8041276307376,[ 97.87836896 117.75236739 137.70979319 157.04125447 176.75277895
 197.23777599 216.97864637 235.71358242 254.48690706],[ 0.26627023 17.7657328   0.10851339  0.20849609  0.09280456  0.23075223
  0.20192629  0.13939962  0.23021086  0.26503075  0.22659157  0.29421685],__,-2,330.1,0.07092776863483488,
20190215,528711629,1014,1550273467.4769297,114.83337261510637,61.183724772871294,1550.8735174085448,[ 59.08448942 117.2391845  156.15426221 176.08397527 214.79825389
 234.68918805 254.26199912],[ 0.4954571  38.77504179  0.16885001  0.20757727  0.11869297  0.26499943
  0.16620169  0.26709293  0.24610294  0.40189441],__,-2,330.1,0.05345331382946292,
20190215,528711629,1023,1550270437.062451,114.10069651284364,54.63719681918897,1215.398949227475,[ 39.29366357  59.11657263  79.06246928  98.36222926 118.10548689
 137.94587485 157.53228339 177.15826473 197.41293455 216.90708721
 236.07982124],[ 0.23030662 18.51560674  0.10985369  0.13980399  0.09475375  0.15503467
  0.1230085   0.08809806  0.1839633   0.14896627  0.12560308  0.18079064
  0.22794676  0.21764367],__,-2,330.1,0.05227866546058106,
20190215,528711629,1024,1550270443.6911802,115.36885322312293,56.328753088905835,756.268176448375,[ 38.67711163  59.19015933  78.9920015   98.79106776 118.47122115
 138.29387245 157.95992436 177.7643386  217.15187208 236.96470241
 256.80767137],[0.14683663 8.76451484 0.07322725 0.19029036 0.11005211 0.15778871
 0.13990435 0.07872847 0.13996375 0.1289048  0.09399291 0.206706
 0.14616784 0.23815416],__,-2,330.1,0.06083251820236023,
20190215,528711629,1025,1550270451.6918297,114.84707999711176,55.333492807448216,810.8924964122439,[ 38.78653695  59.30698879  78.53607771  98.94054037 118.83288787
 138.67364882 158.30471153 178.20810391 198.11658376 217.77828866
 237.66643477 257.38226696],[ 0.17517882 10.89786372  0.0813692   0.23989349  0.10885222  0.19937997
  0.13535201  0.08403032  0.13171467  0.1376512   0.10961231  0.18607389
  0.29078895  0.14499104  0.18522335],__,-2,330.1,0.05440132647430164,
20190215,528711629,1026,1550270464.242879,113.55488845861795,56.47808030668643,1335.8780664403616,[ 21.41929845  40.1567233   59.49809731  78.98288538  99.32512102
 118.86508405 138.40314565 158.73941836 178.48541905 198.0084487
 217.64270126 237.75117713 257.56096328],[ 0.2222519  19.65998344  0.12070361  0.19467942  0.15543821  0.09754381
  0.1779115   0.16800965  0.08334356  0.16637278  0.15822173  0.10890388
  0.22102239  0.25381599  0.18031065  0.26200662],__,-2,330.1,0.07262517926967854,
20190215,528711629,1027,1550270478.3929179,110.87837216351124,58.158445163432376,1942.8052283223794,[ 39.02936852  59.51707511  79.37511843  99.35219271 119.02141533
 138.28363827 157.7836267  178.55060652 218.18193708 238.19869206
 259.20178689],[ 0.35488012 39.26664826  0.18615376  0.19483352  0.10442729  0.17351032
  0.16778352  0.10230014  0.19227499  0.18301347  0.13182204  0.24186983
  0.19961297  0.34899725],__,-2,330.1,0.07722557515045579,
20190215,528698927,1007,1550267767.279297,110.57022313013638,61.56018949713225,1958.3044592724548,[ 59.65472508 119.31811261 179.03096005 238.63159156],[ 0.88151142 84.13013158  0.36332603  0.1487497   0.14885914  0.20127867
  0.27450146],__,-2,330.1,0.030286363939024015,
20190215,528698927,1008,1550267751.7461042,111.0327831407353,62.71058575763304,1735.0465138013521,[ 59.6601791  119.19956512 178.68807042 238.00578925 158.81357781
 138.43379875  79.16182989  98.83645931 218.41710604 198.28449712],[ 0.2929172  27.33820585  0.13679579  0.12283459  0.10488742  0.14344116
  0.21385172  0.20541123  0.22052071  0.21278268  0.18925568  0.28713014
  0.22169237],__,-2,330.1,0.09958246373281521,
20190215,528698927,1009,1550267741.7506626,113.46075428377186,60.17764837669203,995.0065000159088,[ 59.22770304  79.17026487 118.15011464 177.38605698 236.21947833],[ 0.39638342 24.90203734  0.13789711  0.18595316  0.29338328  0.10939949
  0.18834833  0.32633836],__,-2,330.1,0.03706780319633894,
20190215,528698927,1010,1550267727.8378446,116.30782613154526,65.76556786976323,755.3659234097463,[ 39.02695759  59.01415717  77.73156973  98.00730562 117.79771816
 158.11782356 177.03771005 215.35832928 235.50856514 254.58611122],[ 0.28751222 12.45369864  0.07136543  0.22565375  0.14199959  0.21803011
  0.23182053  0.13238125  0.22083078  0.16729784  0.36730537  0.2396785
  0.33715903],__,-2,330.1,0.10627793945238946,
20190215,528698927,1011,1550267716.3604326,118.1821879953943,64.26261385380619,444.71187382897165,[ 38.99565519  59.05197534  77.8632208   98.06140932 118.07323924
 136.71854609 157.41212848 177.16449004 215.19048744 235.73291794
 255.10429966],[0.16897511 5.80585934 0.04540054 0.21154497 0.136185   0.23705831
 0.16432884 0.09346844 0.17196536 0.1781926  0.11545978 0.30952821
 0.16669597 0.37837337],__,-2,330.1,0.0757423668181611,
20190215,528698927,1012,1550267702.975742,117.5650893479884,65.35919179311323,686.7538205844276,[ 18.72396416  39.23383754  58.78694141  78.40080823  98.13069943
 117.60107582 136.98976057 156.59135087 176.47256427 195.94157022
 215.49759114 235.05741678 254.77669602],[0.18931037 8.7657684  0.05421804 0.1520599  0.20250144 0.10719896
 0.17924984 0.16355763 0.09668726 0.21628496 0.14966484 0.11727233
 0.22087618 0.25364492 0.19658718 0.31949512],__,-2,330.1,0.07176055024884717,
20190215,528698927,1013,1550267691.2086492,115.46615750777647,67.44352164305856,1209.223634221187,[ 58.76873601  77.4308223   97.8177345  116.74635297 136.68569908
 155.76517342 175.11485167 196.19468059 213.92690775 233.54266031
 252.58811946],[ 0.26802204 16.19092531  0.08060268  0.19400974  0.27906923  0.22633648
  0.10564737  0.21016475  0.18101449  0.1331966   0.20157754  0.26770994
  0.2158779   0.41555209],__,-2,330.1,0.06077480247833415,
20190215,528698927,1014,1550267678.8264968,110.51962366673614,68.4652172669378,2030.506090572545,[ 58.15768722  97.46982785 116.31334625 135.04390626 155.26550075
 174.57605209 194.42606844 213.85307638 231.0834177  249.79920776],[ 0.51228441 49.29987849  0.17177779  0.16489845  0.19999127  0.14156217
  0.27423964  0.23900931  0.21440193  0.27602956  0.35535086  0.30040241
  0.42630323],__,-2,330.1,0.08960443858619135,
20190215,528698927,1022,1550265032.9180806,112.36305133303765,55.80016526265355,1781.4058854978969,[ 59.27282792  78.04998985  98.29734875 118.11388604 137.92171917
 157.30707813 177.15648079 196.7728891  217.36658095 236.21592497
 255.98798566],[ 0.35718939 38.32581285  0.18715694  0.13415349  0.19530448  0.14864123
  0.093003    0.22348031  0.16448833  0.12833185  0.23077121  0.24505772
  0.21656165  0.39892125],__,-2,330.1,0.0682288059792496,
20190215,528698927,1023,1550265040.382296,114.98152589827133,55.493281832512025,1012.3630062022517,[ 38.83898284  59.39431144  79.12708561  98.70953206 118.38312866
 136.79390666 158.03074985 177.68084121 197.36922218 216.68513659
 236.48298493 255.4949547 ],[ 0.24341627 16.64845731  0.09851594  0.13749675  0.11879473  0.16685209
  0.1200887   0.09608564  0.17446869  0.16682939  0.13342484  0.20417926
  0.28536368  0.17112715  0.38287459],__,-2,330.1,0.051636239939390954,
20190215,528698927,1024,1550265046.326273,114.6867102983228,55.917791100253716,803.0073429512867,[ 38.57869642  59.42341755  78.85899115  99.04263309 118.9073203
 138.77552092 158.46488732 178.36502229 198.08103581 217.74251716
 237.76726525 257.56403503],[ 0.18238122 10.45865851  0.07509859  0.24010933  0.11209699  0.17287251
  0.14604211  0.0952963   0.14941089  0.13689027  0.10377265  0.17610926
  0.22528276  0.16703843  0.21322153],__,-2,330.1,0.038202868300797097,
20190215,528698927,1025,1550265051.923145,113.11171761529891,56.7090273183509,1402.5608642377324,[ 59.5645415   79.01266228  99.07885241 119.21122179 139.02755634
 158.73345846 178.81611704 198.59018489 218.14184625 238.31397201
 258.30741955],[ 0.2116286  18.43499664  0.11931948  0.12276195  0.16185947  0.15291994
  0.08546165  0.1578763   0.13642072  0.10847541  0.19067115  0.23235661
  0.15308694  0.1965019 ],__,-2,330.1,0.06500095986059212,
20190215,528698927,1026,1550265065.453507,109.89817180257727,56.951786175257745,2095.5567434890736,[ 39.73970362  59.66298504  99.25826349 119.23830619 139.27968182
 158.98567055 178.92802119 199.2293449  219.03256137 238.57909135
 258.10700704],[ 0.38792275 44.32695593  0.19409451  0.20250954  0.11095557  0.18104284
  0.11329868  0.19296405  0.15776509  0.14495142  0.23064246  0.25065862
  0.22075443  0.3613102 ],__,-2,330.1,0.0479046069145513,
20190219,529409728,1020,1550610910.7345736,116.90263731079361,55.28579948478818,1983.5674510308452,[ 13.81531113  25.99399494  38.97025508  58.58184963  78.50259766
  97.6742293  117.13943382 136.80265076 156.39174961 175.83466904
 195.3001193  214.73457333 234.31492012],[ 0.33813652 37.65586364  0.17572005  1.          0.18395315  0.10824292
  0.08528242  0.13857602  0.11642359  0.10633659  0.16574088  0.15032432
  0.13944793  0.19117308  0.23592443  0.22684271],__,-2,330.1,0.042105702510211285,
20190219,529409728,1021,1550610926.1353552,115.05933471667792,55.092221835052115,1500.6103497299057,[ 18.40349797  39.03827703  58.54411191  78.0076649   97.7227518
 117.12050204 136.98251613 156.23593163 175.78639991 195.52368652
 214.99095451 234.56110075],[ 0.20647509 19.85322276  0.11730445  0.14643354  0.13120227  0.09278978
  0.15663338  0.11230823  0.08162196  0.15832617  0.12739463  0.09949309
  0.14689752  0.21582082  0.14795177],__,-2,330.1,0.0412742088460951,
20190219,529409728,1022,1550610937.1678772,116.5458327961145,55.311763300110485,1105.3680077112733,[ 18.81112926  39.07622086  58.82665804  78.57893     98.09248741
 117.56131889 137.20654218 156.88876642 176.36787255 195.80197302
 215.76427957 235.16314759],[ 0.19053906 14.54184335  0.09306906  0.15692273  0.18113544  0.08733341
  0.14436538  0.11587757  0.08365516  0.15124783  0.12607093  0.09626281
  0.16522169  0.21482795  0.15143566],__,-2,330.1,0.03923448809740696,
20190219,529409728,1023,1550610944.856022,116.12895359344377,54.98941325970809,1112.7847101511074,[ 39.25922791  58.8133789   78.40306644  98.22655378 117.75729793
 137.58272674 157.312281   176.69008761 196.4996759  216.4110966
 235.61986137 255.14159853],[ 0.17749496 13.44166334  0.08919007  0.13006237  0.08832515  0.14542815
  0.10428736  0.08213388  0.12050847  0.12709596  0.10612823  0.1558752
  0.21012523  0.17371859  0.31332691],__,-2,330.1,0.04722830027437621,
20190219,529409728,1024,1550610951.4918563,116.5180485915917,54.68199927695576,1552.6893204510384,[ 19.09641171  39.09559306  58.85058895  79.02657438  98.06537954
 117.7257765  137.38500536 156.97561788 176.58097598 195.97850751
 214.42358468 235.28856865 254.4475424 ],[ 0.26091351 28.08033715  0.1505902   0.20736053  0.11184557  0.09079724
  0.17321328  0.09739929  0.08753941  0.10907996  0.11956893  0.09868715
  0.15578045  0.19118261  0.14417889  0.18576068],__,-2,330.1,0.043323002184361074,
20190219,529416700,1021,1550614687.799907,108.04870831511192,61.67981983389788,2511.81909588012,[ 58.10456196 116.26995201 174.28224608 232.77630564  77.95159858
  97.26679845],[ 0.69819609 84.3513682   0.36356424  0.12568077  0.12010405  0.17858521
  0.2489202   0.223658    0.22215797],__,-2,330.1,0.051578739152819,
20190219,529416700,1022,1550614671.9093153,115.32525868278653,56.09754614482642,1189.5470460735112,[ 58.75618584  77.70383675  97.80478757 116.84454307 136.9591529
 156.06076415 175.53527859 233.92590796 253.16254314],[ 0.30853914 25.69138153  0.15066931  0.13696933  0.18027386  0.1497466
  0.09317038  0.21147571  0.23494107  0.13890358  0.19343849  0.27759631],__,-2,330.1,0.06489870395768957,
20190219,529416700,1023,1550614666.2139783,116.33813601703976,56.63470712715865,611.5441915499521,[ 38.59012636  58.31899438  77.46773709  97.16383049 116.67280869
 136.29857608 155.71654091 174.98908771 194.9770683  233.34271622
 253.11751603],[ 0.33213345 13.15269235  0.09086254  0.22709926  0.1402774   0.30893144
  0.23773386  0.1247709   0.19803574  0.35114272  0.14803616  0.32358142
  0.20676701  0.33824283],__,-2,330.1,0.028867480270431164,
20190219,529416700,1024,1550614658.503937,116.44955322011576,57.016209341172434,978.8135115605305,[ 38.45246831  57.63985327  76.41376687  96.49847705 115.80956088
 135.59182663 154.33707196 173.75687057 194.34452777 212.78210423
 231.56488692 250.43834964],[ 0.30805812 19.44372448  0.09892044  0.23271657  0.15446532  0.25374564
  0.1787952   0.11257615  0.23337585  0.18810447  0.13933611  0.23555209
  0.27700354  0.21742967  0.34373532],__,-2,330.1,0.07862540736280371,
20190219,529416700,1025,1550614649.2902114,113.65232170417863,60.668112184887384,2335.6125576791705,[ 59.57781174 116.03071229 156.47450489 174.34007991 213.41233543
 232.42904476],[ 0.58719182 61.24609045  0.26287478  0.15926073  0.11177368  0.19621335
  0.17241564  0.26075122  0.23668858],__,-2,330.1,0.13270003133321012,
20190221,529754214,1009,1550781360.0,117.12468598391519,63.68642332942598,1206.877372072505,[ 56.5858729   75.87024363  94.72157306 112.87063657 131.51859887
 150.71620488 169.24781103 205.83931522 225.35493942],[ 0.53413112 26.72378655  0.12420282  0.24764951  0.26753967  0.2778274
  0.18151979  0.28542281  0.2621371   0.2694543   0.37061028  0.37216018],__,-2,330.1,0.11570736957238982,
20190221,529754214,1010,1550781346.7704425,116.80682268561834,67.0640274703314,1417.319952365278,[111.57132952 150.18857379 167.73614964 205.37072629 222.82530192],[ 0.58921422 39.36963636  0.14722161  0.16985791  0.2730684   0.25088521
  0.37610289  0.34101469],__,-2,330.1,0.1270353161301103,
20190221,529754214,1011,1550781331.5739982,115.51644613231824,66.32347605871183,1130.443163170713,[ 75.75035501  95.2738466  113.88023598 132.87752259 151.9332182
 171.15503762 209.59351104 227.78618315],[ 0.25221571 15.9533098   0.08832187  0.17129989  0.17566684  0.10070281
  0.20662181  0.1560093   0.15288841  0.27390336  0.18303953],__,-2,330.1,0.09273654122602261,
20190221,529754214,1012,1550781316.6564536,116.14604465945551,65.86859932991386,488.84751834595744,[ 58.4280552   76.90662086  95.89970801 115.1957269  134.30335339
 153.63083531 172.8042298  210.67032182 230.21480439 249.07719369],[ 0.40205811 11.62226661  0.06698217  0.4288942   0.27324846  0.23338242
  0.16283176  0.26631806  0.22884029  0.17364548  0.44529837  0.2429317
  0.39632815],__,-2,330.1,0.05719253739663695,
20190221,529754214,1013,1550781302.9622304,118.39608120156106,67.39060040261477,261.7101585061162,[ 56.8796398   19.4774058   76.1326164   94.96212847 113.87423873
 133.02894529 152.01908899 170.95082662 208.79840293 227.74954483
 246.77046281 265.15992605],[0.24998812 4.91920459 0.04095263 0.23748782 0.4088171  0.16252732
 0.20090097 0.12796009 0.31785896 0.19874967 0.17297031 0.41594822
 0.2434937  0.27694116 0.4441711 ],__,-2,330.1,0.04149848091389984,
20190221,529754214,1014,1550781289.7365599,117.69353545785694,65.97787091513105,279.24288064689796,[ 57.23974135  75.39552984  95.73051557 114.32036468 132.9404959
 152.38983924 171.51924953 210.00042732 190.63588552 228.70226161],[0.26014127 5.38116103 0.03912627 0.26210899 0.31670677 0.24940792
 0.12797394 0.23127473 0.19016987 0.17723691 0.49197794 0.26782218
 0.2708402 ],__,-2,330.1,0.07417279938392088,
20190221,529754214,1015,1550781276.6575217,116.28289130506963,67.23110102598274,772.8572510259526,[ 56.56020509 113.8668837  132.44185952 151.68449589 170.86972664
 189.67677693 208.22503356 227.7049042 ],[ 0.64724373 21.91123814  0.08653464  0.2923309   0.18017266  0.36463606
  0.2774957   0.26037691  0.41059072  0.43389078  0.33351393],__,-2,330.1,0.038922266046382506,
20190221,529754214,1016,1550781262.2865407,113.71157560079608,67.06580614031358,980.4470121937459,[114.80182127 172.10846501 229.13344922],[ 1.12499226 50.47035462  0.19951871  0.23935475  0.40543442  0.53635623],__,-2,330.1,0.04430225377703845,
20190221,529754214,1017,1550781246.0304034,115.56076156896599,64.30019058493372,1128.4975377661287,[ 58.15259824 114.97207474 153.60203446 172.41563017 211.0843657
 229.42834614],[ 0.80922618 44.95347619  0.178359    0.21039095  0.1656101   0.29531877
  0.28584524  0.42493636  0.34024221],__,-2,330.1,0.07203065374371097,
20190221,529754214,1018,1550781233.9071,112.97516994709775,64.5213051178519,1618.0690778571625,[114.68590096 229.42858629],[  2.35213775 168.26374248   0.55020192   0.28438452   0.63708012],__,-2,330.1,0.037447515611254416,
20190221,529754214,1019,1550777698.7094731,113.7017328110018,59.264129341381604,1294.8710457275895,[ 40.77788696  61.66620651  81.98725045 102.65392548 123.14852984
 143.70903529 164.2537419  184.76181923 205.17237837 226.04861091
 246.34272581 266.33557106],[ 0.22261139 17.18037308  0.10368337  0.23837128  0.1006799   0.11093945
  0.15622915  0.09622375  0.17710051  0.11004984  0.10607888  0.2024045
  0.27844862  0.16068546  0.27943478],__,-2,330.1,0.036831732216882615,
20190221,529754214,1020,1550777713.1677284,115.04069488713327,60.628041802568504,1080.2491653611305,[ 40.27855552  61.72146818  82.30684128 102.86201416 123.34959178
 143.97707758 164.53068166 185.12035467 206.09813737 246.77226847],[ 0.26273577 16.59495625  0.09173792  0.21242643  0.11964713  0.111606
  0.14614172  0.10495724  0.19681091  0.13239424  0.12830186  0.2937157
  0.18017706],__,-2,330.1,0.0236467519831505,
20190221,529754214,1021,1550777727.0032156,114.75191606278477,61.661014316957726,946.4515841982527,[ 61.45608381  81.36925444 102.05096254 123.00290302 142.76904876
 164.07952501 184.54604631 204.80187356 225.08016299 245.73155317],[ 0.21249972 11.91747086  0.07187402  0.14790677  0.13631698  0.17641178
  0.09884054  0.21594802  0.14035374  0.11608492  0.21367931  0.37796271
  0.16745998],__,-2,330.1,0.05005729983431141,
20190221,529754214,1022,1550777737.9123268,112.23415542988087,63.380560569502784,1394.809698096461,[ 81.71046855 102.94723063 122.81203737 144.28327355 163.58229096
 184.41464815 205.0179786  245.73536799],[ 0.32913263 26.02367419  0.13646914  0.19969907  0.20593678  0.11232687
  0.23441213  0.21127755  0.19784406  0.28862363  0.2203334 ],__,-2,330.1,0.07662823006417767,
20190221,529754214,1023,1550777742.8843768,110.01348991322217,66.86187716032843,2609.928003990613,[ 40.2298637   60.161121    80.48543185 101.64949736 122.2001901
 162.64547687 183.37830494 204.08170853 244.41298099],[ 0.57971883 70.39206474  0.2437688   0.20583975  0.30196877  0.13400886
  0.19514472  0.12999742  0.1909512   0.21216841  0.26737903  0.33538878],__,-2,330.1,0.1019925414316291,
20190221,529788403,1300,1550791648.0,111.84941519639456,106.15970304958984,5441.774782365334,[ 65.13794581  97.74604198 143.85824575 161.58431108 176.48964546
 188.4878048 ],[  0.97087318 152.58071604   0.27776385   0.19883162   0.24186627
   0.36611806   0.38950525   0.4452696    0.46012739],__,-2,330.1,0.21610358798371349,
20190221,529788403,1302,1550791638.031737,115.5439199913064,60.441717664815215,386.3307268822441,[112.30193968 151.27345357 166.6605934  186.07322846 207.91442806
 223.15126881 241.39885175 260.40404848],[0.27929849 9.65532724 0.06701494 0.1200595  0.24424235 0.18909497
 0.19266711 0.40833115 0.22149114 0.32023245 0.35865294],__,-2,330.1,0.11535558729064935,
20190221,529775831,1301,1550790750.5665214,112.78411627667394,49.74269539587567,946.621503703856,[121.4553569  162.29351321 182.17252975 203.17542064 222.90462999
 242.78251695],[ 0.48527423 30.53614738  0.15817189  0.15239493  0.23249551  0.19849056
  0.238529    0.30147422  0.30734273],__,-2,330.1,0.07006613748052454,
20190221,529775831,1302,1550790749.9682505,115.60270969914255,53.735374431593335,468.43178738900275,[ 81.44696248 101.18241384 121.26126129 141.88009021 161.23455434
 181.95706985 201.26051853 222.26372711 242.09946883],[0.24960596 8.96633424 0.06585672 0.21454872 0.22281039 0.12031032
 0.23201647 0.19037499 0.14297682 0.22784582 0.29661562 0.24420968],__,-2,330.1,0.0746297549948925,
20190222,529970458,1009,1550878477.290818,113.36803916047054,61.86589205786555,-921.3913652966725,[117.51006845],[ 0.98264422 43.32305297  0.24590018  0.27542885],__,-2,330.1,0.14071759530394842,
20190222,529970458,1010,1550878466.3678286,117.29997473520679,56.1739436531719,518.3643348907469,[114.77988284 154.38874604 172.66656964 229.37116013],[ 0.3322813  14.97402995  0.11415811  0.14229432  0.19163101  0.19680525
  0.38679909],__,-2,330.1,0.16645072734109287,
20190222,529970458,1011,1550878455.6643758,118.81708081183318,60.68526923777634,703.4869091063414,[111.05051751 148.25758903 166.90633617 222.9747634 ],[ 0.69646376 25.56817092  0.11757862  0.21885311  0.32540738  0.33156607
  0.46420981],__,-2,330.1,0.1485009072775752,
20190222,529970458,1012,1550878439.7816107,115.49702704575775,78.07253340268413,2117.8726280210144,[109.54794699 145.98932808 164.24806336 219.73149228],[ 0.71643951 56.73929276  0.18836845  0.23926357  0.32978651  0.35995433
  0.48662063],__,-2,330.1,0.08978443539713196,
20190222,529970458,1013,1550878418.92325,113.93193623892161,62.21976501159554,983.581312525134,[116.91518823 137.03110335 155.70443191 175.16522087 214.70797831
 233.72369042],[ 0.48255405 25.01593185  0.13103644  0.15725557  0.28361148  0.24131178
  0.19223835  0.36385837  0.2437877 ],__,-2,330.1,0.08780993876405521,
20190222,529970458,1014,1550878404.5459414,115.61975846476021,63.741809468363996,484.13578728673355,[ 57.46115551  76.7598776   96.78403697 115.75336152 135.78741698
 154.6871291  173.87213224 212.32535227 231.81805666],[0.27343763 8.46725997 0.05839614 0.25302037 0.19603972 0.21367146
 0.11599748 0.23381084 0.24779226 0.16214413 0.45070314 0.21702459],__,-2,330.1,0.0632264394444979,
20190222,529970458,1015,1550878391.239119,117.55508804055677,65.57826487319569,195.1281961367922,[ 58.5623741   76.06292029  96.47594718 115.09146266 134.94268218
 153.52644609 172.66160745 230.4757909  249.28812202],[0.26319218 4.27865709 0.04754144 0.25555378 0.18391755 0.24794902
 0.14389764 0.23924409 0.20156603 0.19361826 0.24056189 0.34791223],__,-2,330.1,0.08666486272371636,
20190222,529970458,1016,1550878376.825928,116.58000664538496,66.90789918571747,288.81658553554297,[ 57.5106697   77.23960377  95.83196153 115.19609372 134.54705097
 153.48810366 173.51680998 192.33477199 210.05172084 230.44101518
 248.98848203],[0.24764007 5.08618251 0.04038459 0.19707561 0.22399256 0.22644183
 0.12544854 0.27288766 0.21926976 0.20139879 0.31766493 0.43336801
 0.24295921 0.47494973],__,-2,330.1,0.10803364101505468,
20190222,529970458,1017,1550878362.0162122,115.84330507371008,69.531705652885,714.0807152829109,[ 57.53366907  76.37998942  95.52774321 115.50845414 153.94206975
 173.37829274 191.63897361 211.84067615 230.76257088],[ 0.44182937 14.70687316  0.06549511  0.16973913  0.31245928  0.32816027
  0.15850555  0.2247866   0.21683559  0.30877656  0.429019    0.28038541],__,-2,330.1,0.06733748846014402,
20190222,529970458,1018,1550878348.5681634,114.17399855942485,67.41527253745828,1024.2921137635471,[116.51080545 233.08997619],[ 1.33845313 60.16719535  0.2688958   0.21038193  0.48656945],__,-2,330.1,0.02293404361428962,
20190222,529970458,1019,1550878333.7160995,114.93558953096978,72.14244366792188,1787.0495416060696,[ 57.61200386  77.13985537  96.53993432 115.29558675 153.62088916
 172.79695214 230.74641248 134.13868656],[ 0.82044933 53.63624519  0.18761129  0.19607238  0.25777284  0.38261037
  0.24014914  0.35348239  0.36515264  0.50723269  0.39506196],__,-2,330.1,0.07104593243623468,
20190222,529970458,1020,1550878318.9864917,113.3974200673454,65.97240046026025,1472.0137074405714,[ 58.26134138  77.70209722  97.1838075  116.95839267 136.19232766
 156.67532589 176.27306723 234.9855709 ],[ 0.60544773 48.08206116  0.19693779  0.19570645  0.23403407  0.24638991
  0.13476478  0.27963987  0.24393764  0.2117886   0.28511189],__,-2,330.1,0.08781979591352707,
20190222,529970458,1021,1550874490.8718178,111.55398219723753,57.31062449218313,1736.8478710697618,[ 61.6818694  124.3268411  165.64412257 186.55832669 207.60882
 248.3976143 ],[ 0.46566937 47.32349433  0.20599625  0.15064448  0.12271921  0.20130057
  0.16226126  0.2843085   0.22075878],__,-2,330.1,0.05072916114883888,
20190222,529970458,1022,1550874500.5346909,113.62950647583314,59.03786658993965,1297.381628643798,[ 62.29381773  82.87023818 103.46751411 124.64021812 144.4953559
 166.14292556 186.88183982 208.93987728 248.74257502],[ 0.29429208 22.05113799  0.12373746  0.12836435  0.16433888  0.20738845
  0.10107549  0.23174926  0.15648577  0.13077139  0.26841774  0.20983331],__,-2,330.1,0.05847937546648583,
20190222,529970458,1023,1550874507.1547475,116.42777870589042,59.1519428435443,785.5602375315103,[ 61.61834405  82.92237268 103.59061767 124.23839912 144.64318802
 165.71596598 186.43881098 206.92500477 228.24178066 248.38408867],[ 0.46140975 17.758891    0.09041252  0.20983261  0.20188277  0.27113854
  0.16139666  0.3136101   0.2355397   0.19195652  0.30012314  0.51446529
  0.30375863],__,-2,330.1,0.04423990350905555,
20190222,529970458,1024,1550874513.1263373,114.90759809157183,60.4411057894785,1222.222356246182,[ 83.15589247 102.88715487 124.20019975 144.944868   165.34292473
 186.39168484 206.44348686 227.96111169 248.97935305],[ 0.18437767 14.37446912  0.09558559  0.16783367  0.17417068  0.0834233
  0.17430712  0.13866515  0.12691002  0.19232003  0.21376295  0.15276851],__,-2,330.1,0.0956329468197295,
20190222,529970458,1025,1550874520.7316215,112.60395468934313,60.99114113786446,2196.667365095117,[ 61.44524259  82.13599539 102.91412027 123.60609085 143.38279698
 163.57066201 184.77785683 205.02795445 247.54580293],[ 0.29103176 31.96524494  0.18285415  0.18124636  0.18479917  0.19566622
  0.09034759  0.20483932  0.17925013  0.16592175  0.19063764  0.181407  ],__,-2,330.1,0.11164849205792478,
20190223,530144820,1020,1550964968.1473184,113.06762677482577,61.42815580331354,1994.9394756069933,[ 58.33411246  78.59363049 116.69498038 175.18894481 233.10598182],[ 0.33288022 35.01828937  0.19386712  0.14783844  0.14037503  0.09265783
  0.13266994  0.21971319],__,-2,330.1,0.08063438896616475,
20190223,530144820,1021,1550964955.08662,114.91331380817832,61.17025910963577,1377.6257721318227,[ 57.29635728 116.47836652 136.24728983 155.53663142 174.74837487
 213.29171334 232.98688611 252.36518072],[ 0.24143222 20.63231771  0.12371111  0.15365225  0.09159816  0.20262596
  0.14375681  0.10701299  0.24345602  0.16276189  0.18760343],__,-2,330.1,0.055636117054865084,
20190223,530144820,1022,1550964944.7481775,116.54946680785547,63.31347748998319,875.3689271454601,[ 39.14249086  58.39989577  77.25942882  97.29347161 116.73741804
 136.22050941 155.40166374 175.1984891  194.95667719 214.92335471
 233.61488455 253.11121863],[ 0.25229683 12.34463065  0.07629928  0.30792687  0.1510931   0.29591518
  0.17336587  0.09709894  0.19034045  0.24391156  0.13223579  0.27166044
  0.40200705  0.20548239  0.24079747],__,-2,330.1,0.027517186013390885,
20190223,530144820,1023,1550964938.6464589,117.27563202113981,61.31422622457331,553.1320774878287,[ 37.98876674  58.31653046  77.41735616  96.95736527 116.67350275
 135.82012338 155.37721702 174.89516462 214.21455742 233.1483741
 252.57473462],[0.19888773 8.25725432 0.06135557 0.19069055 0.10884517 0.18804036
 0.17665972 0.09435929 0.1953838  0.20702494 0.12262165 0.32740383
 0.16951844 0.3463295 ],__,-2,330.1,0.05171219383367462,
20190223,530144820,1024,1550961900.3714304,117.22379976967314,51.91529701164771,788.7195292612807,[ 20.61916693  38.78264972  58.80698984  78.00112064  98.23396368
 117.68949469 137.64168372 156.82464961 176.56083567 196.22201141
 215.86409516 235.44689262 255.37016895],[ 0.18534338 11.8227284   0.09070605  0.26774088  0.15668857  0.09839855
  0.16913774  0.12955547  0.0888805   0.13671617  0.13339531  0.09672868
  0.18399125  0.24663652  0.14554206  0.1988157 ],__,-2,330.1,0.05254383877786088,
20190223,530144820,1025,1550961907.3235435,115.024276093049,53.321747952609,1558.3708497928028,[ 58.73887525  98.12466017 117.38674201 137.24386133 156.90474681
 176.29368595 194.05595434 215.32168131 235.01436668 254.55361432],[ 0.25303783 24.74265179  0.1541894   0.10344358  0.11904969  0.08333621
  0.19954128  0.16944276  0.11274792  0.21337455  0.22811524  0.15365199
  0.21666963],__,-2,330.1,0.040605134920156764,
20190224,530294995,1001,1551042832.0,112.89051684212582,63.981676480271474,932.2279923473927,[ 58.96374439  78.86517619  97.62474016 118.07897416 138.05102322
 157.47844562 177.30166677 196.15814952 218.45165453 235.22831105],[ 0.28308614 16.56373138  0.08560487  0.14512115  0.17817197  0.21474632
  0.10735127  0.18581538  0.16250655  0.20978118  0.2676754   0.33127202
  0.23567491],__,-2,330.1,0.1440551612557228,
20190225,530342801,1012,1551062605.972763,113.5213768630038,58.57215790662533,1960.8225062669824,[123.90690214  62.13054782 165.05058375 185.93941425 207.06116019
 248.02625707],[ 0.48327514 48.11998096  0.25993801  0.11994972  0.20063031  0.22801698
  0.1758013   0.25241653  0.22335479],__,-2,330.1,0.05683039050865065,
20190225,530342801,1013,1551062618.7061906,114.31638897855774,58.734202137450225,1615.846767805478,[ 62.1827632   81.08533532 103.65858571 124.30215205 145.14667959
 165.71229348 186.31194253 207.28886511 247.61640257],[ 0.36105065 30.17988804  0.17919078  0.11519175  0.12278852  0.16206854
  0.10852484  0.18187967  0.13418184  0.12517807  0.228933    0.17750688],__,-2,330.1,0.1980299324604806,
20190225,530342801,1014,1551062634.1706884,114.14498003184958,59.22714460827935,1269.8034658213542,[ 19.97818385  41.38427726  61.98254464  82.72627915 103.37148944
 124.10777437 144.84783514 165.42971826 186.09512928 207.10512261
 226.69281061 247.9490859 ],[ 0.24490548 17.88357258  0.10151899  0.26057278  0.18803205  0.10737547
  0.16821342  0.1454757   0.10000533  0.15583594  0.12003217  0.11358963
  0.2530773   0.33894995  0.17147078],__,-2,330.1,0.059264697249664676,
20190225,530342801,1015,1551062648.175297,116.03011310044153,57.73976406206131,763.3364433031801,[ 18.37893137  41.32310023  61.9295543   82.64744864 103.10791192
 123.94512233 144.61760172 165.27060986 185.94143081 206.44712562
 227.37030756 247.83396718],[ 0.22569042 11.44969807  0.0712803   0.24278669  0.23311837  0.12417999
  0.16597518  0.20146734  0.10403232  0.20060732  0.13781916  0.12409907
  0.25116071  0.33983517  0.19984972],__,-2,330.1,0.040212587037951976,
20190225,530342801,1016,1551062665.3593657,116.4863217758415,56.8400496730245,613.9384418508445,[ 62.09826314  82.05834822 103.20645579 124.14020866 145.53284089
 165.50014652 186.20132287 205.89098858 226.55257181 247.91251475],[0.23631495 9.6754074  0.06320222 0.13187691 0.13132088 0.20155395
 0.11521273 0.21259239 0.14812708 0.14555962 0.24485641 0.34940381
 0.25930262],__,-2,330.1,0.05896491358918687,
20190225,530342801,1017,1551062681.3099508,115.2901726336435,56.766238476053914,569.6280369382351,[ 18.76091676  40.81642772  61.64245751  82.61529721 103.12920318
 124.09886716 144.83432777 165.27700365 186.0830668  206.7636769
 227.43177361 248.01781597],[0.18566803 8.07754187 0.06084051 0.16176264 0.19577412 0.14889742
 0.15634687 0.17990955 0.10016976 0.20391112 0.13936951 0.10957142
 0.21257094 0.357992   0.16323955],__,-2,330.1,0.06389224169998191,
20190225,530342801,1018,1551066104.6147866,116.65883972374337,60.54250467689085,289.8765448923341,[ 19.33011923  38.49664952  57.5490452   76.6759745   95.74469401
 115.06741791 134.06558074 153.37608975 172.57423179 191.57759311
 229.96049173 248.55025365 210.58051005],[0.16270316 4.25549941 0.03722466 0.192473   0.26896768 0.14665568
 0.12136637 0.17687006 0.10066286 0.22852727 0.14269567 0.11641579
 0.24732995 0.16830946 0.27224583 0.37439859],__,-2,330.1,0.03266449841736811,
20190225,530342801,1019,1551066089.2258787,117.30321387391412,57.83359195255064,388.7124703920181,[ 19.10432304  38.26928676  57.81567423  76.85725941  96.38890197
 115.47333781 134.81572381 153.82702991 173.26268057 191.85808379
 211.83836563 230.81124206 249.8680449  268.78234131],[0.1585041  5.34904584 0.04401363 0.25919322 0.21113379 0.13179724
 0.11567794 0.16185287 0.08721771 0.1607694  0.11626334 0.12055916
 0.24010109 0.3199448  0.14373821 0.48409177 0.38003941],__,-2,330.1,0.04022779581412781,
20190225,530342801,1020,1551066073.8940663,116.76459973860348,59.13986838499982,574.8786016120489,[ 38.4005699   57.44670563  76.71807713  95.3951661  115.01652682
 133.41058739 152.85424933 172.06293984 191.37114911 210.12796213
 229.32068546 246.28245261 265.06373082],[0.20555376 8.43796025 0.05786288 0.21168203 0.14640726 0.15367651
 0.1786385  0.09703001 0.16692623 0.1315229  0.12447214 0.23649319
 0.31846147 0.1768161  0.38969158 0.4154632 ],__,-2,330.1,0.07553455765758098,
20190225,530342801,1021,1551066059.4298844,114.00552207047325,58.946900509961,945.0380962693315,[ 38.84943562  57.51138279  76.82501555  95.33044977 115.68372708
 135.97715192 153.97330887 173.25997238 192.33024289 212.32148381
 229.70901605 248.7915481 ],[ 0.23172389 13.54866354  0.0983212   0.25989293  0.14984374  0.17728231
  0.19278039  0.08970747  0.22836544  0.15244189  0.12641252  0.19531638
  0.22794179  0.17908352  0.32312768],__,-2,330.1,0.12201847789820401,
20190225,530342801,1022,1551066047.2900722,110.63948233142584,57.91448849167282,1295.745748610352,[ 37.89097489  57.56397777  75.03512981  96.35477538 114.85296594
 134.71220851 153.17807373 172.45979639 211.17406495 230.01050101],[ 0.3836621  32.9347725   0.17075261  0.26131573  0.22932076  0.24227588
  0.18157725  0.10174422  0.24345943  0.15806243  0.16013456  0.31247442
  0.22598374],__,-2,330.1,0.08190225899915639,
20190225,530489496,1006,1551134486.9354134,108.4419465538909,62.83019957291762,2243.6907516738383,[ 57.35590339 116.41048239 173.97802698 229.28054454],[ 0.86226603 90.78163375  0.35876121  0.15599214  0.23154505  0.33886827
  0.47312179],__,-2,330.1,0.15180049843874477,
20190225,530489496,1007,1551134471.927358,110.36869007235467,56.75949628064638,1459.8858384486648,[ 62.0895488   74.68951424  95.52270114 115.65938997 133.51862637
 154.63548303 174.89215555 211.78366877 231.69656268],[ 0.32381918 32.65400242  0.16465387  0.09193998  0.14854042  0.20411352
  0.11183195  0.15025171  0.20964391  0.16704464  0.29687371  0.28345543],__,-2,330.1,0.26084616055673804,
20190225,530489496,1009,1551134442.39314,115.74721101720824,55.99727771052103,904.8128796269351,[ 68.06962583  96.54068112  74.70178396 116.28688672 135.13267636
 154.38002724 174.45649938 211.84979452 232.24992951],[ 0.53546751 31.56549745  0.13879883  0.15275055  0.2105021   0.17284143
  0.13010168  0.23036288  0.17729968  0.17065298  0.28176748  0.2572382 ],__,-2,330.1,0.2767389406431246,
20190225,530489496,1010,1551134428.6823163,117.47206904458446,54.47978448167418,670.2100379775798,[ 77.15254289  94.15952428 114.35536378 152.14605122 171.88377667
 208.74868931 229.18778455],[ 0.30440409 13.5660229   0.09185256  0.18292682  0.16440753  0.11934502
  0.222133    0.18126043  0.28317779  0.26203   ],__,-2,330.1,0.17684990912604087,
20190225,530489496,1011,1551134415.0,119.15738698497725,62.675244691132015,965.055983889359,[ 89.7652674  112.62869539 130.54959373 150.30744821 168.98182812
 207.27948945 224.66667785],[ 0.32766406 17.58547465  0.09562573  0.16112975  0.11781271  0.23777401
  0.21249313  0.17423314  0.30103048  0.24956118],__,-2,330.1,0.14093506743278877,
20190225,530489496,1012,1551134398.1575851,115.48860772622888,66.97397685632211,1412.3206872002056,[ 37.37775474  55.82206034  76.07352034  94.11558578 113.78755975
 132.74035352 151.7990798  170.65255223 208.40817959 227.19296893],[ 0.28571309 20.19456251  0.09431644  0.17395453  0.19471074  0.15992045
  0.12168719  0.10512794  0.18184894  0.16455006  0.14922868  0.27369964
  0.21893729],__,-2,330.1,0.06561108917124076,
20190225,530489496,1013,1551134379.199445,116.00354495274797,61.855024523052315,867.7940666659798,[ 58.26192542  77.14656451  95.61871315 115.89955956 134.6493921
 154.25997538 173.95604092 211.69271783 231.8309641  251.18445727
 193.09748963],[ 0.26770117 12.91282711  0.08085919  0.20166218  0.17074309  0.1459555
  0.10981524  0.19415886  0.15790605  0.13533015  0.32762272  0.17757414
  0.31868662  0.29427236],__,-2,330.1,0.0850735174981755,
20190225,530489496,1014,1551134363.5888636,117.76848402562926,60.92651808370819,365.5675742814685,[ 37.28383794  57.5614994   76.97515073  95.96805961 115.18278687
 131.78752686 153.67625657 173.03012162 192.90546719 213.71853898
 231.17062279 250.37252211],[0.13935258 5.08496328 0.04063148 0.19621136 0.19267257 0.1239774
 0.09509916 0.08092806 0.15508175 0.12631717 0.11325602 0.21420712
 0.28943208 0.15260552 0.28685059],__,-2,330.1,0.1214467548112403,
20190225,530489496,1015,1551134350.8728652,117.45962501581462,63.86212178828343,317.69841731899373,[ 56.83347596  76.11778504  95.05466034 114.58515899 133.87259267
 153.04632826 172.07019435 190.97773375 209.56487319 229.34443371
 248.00661355],[0.21938102 5.05356772 0.03928515 0.20098202 0.1878601  0.2042918
 0.12132489 0.2160938  0.16566213 0.15432456 0.24261097 0.40600884
 0.21531214 0.39656772],__,-2,330.1,0.07869077144775058,
20190225,530489496,1016,1551134334.4537847,118.52095195522622,61.952288669653136,496.1580193580502,[ 18.46157039  37.45140782  57.43109144  76.22975217  95.82822821
 114.72004842 134.04148936 153.00771652 172.29120608 190.84202928
 210.90327489 229.0003954  247.4846218 ],[0.19952019 6.71515595 0.04499524 0.24713896 0.25190057 0.1534702
 0.16628546 0.17891587 0.10348339 0.20651164 0.13796116 0.13852506
 0.21584207 0.29554913 0.18665623 0.36052724],__,-2,330.1,0.081100628807556,
20190225,530489496,1017,1551134321.6723256,115.80895176580637,62.91391780285099,896.5895649593283,[ 57.39383816  76.36112997  95.96816024 114.39448192 133.62164817
 152.53808086 171.65054943 189.3422449  210.28719988 229.17602183
 249.11779927],[ 0.21890135 12.59798525  0.07727482  0.12107242  0.16468758  0.12965901
  0.10310576  0.18584854  0.12614117  0.12012375  0.23125027  0.23265536
  0.16920049  0.33059163],__,-2,330.1,0.07408906029911981,
20190225,530489496,1018,1551134308.0249743,114.74158655042031,61.390758319138946,1435.2541786214117,[ 57.5511022  114.3070521  133.11817705 152.1804429  171.66527771
 209.79863259 228.68089119],[ 0.34915164 28.40660702  0.15413152  0.15500429  0.10183225  0.24438866
  0.21254319  0.16685261  0.32176508  0.22692475],__,-2,330.1,0.06044522170606123,
20190225,530489496,1019,1551134293.2572138,112.5631011418137,62.191330331406476,2028.8556810584507,[ 57.24977306  76.10665151 114.19938891 152.60188623 171.82119491
 190.92641666 229.6477636   98.93353536],[ 0.25907646 32.35725335  0.17650966  0.13123329  0.14493362  0.09086473
  0.15471964  0.14349463  0.17960561  0.20544961  0.10007189],__,-2,330.1,0.18931187427988025,
20190225,530489496,1020,1551130932.198058,113.34398499188944,58.25534093341222,1859.8762403191,[ 61.54173635  81.61950452 102.65264853 123.10550244 144.10158312
 163.95152003 184.52641145 205.48559534 246.05367285],[ 0.21998387 26.70512589  0.14706954  0.11267907  0.12003847  0.13004676
  0.07666937  0.19856278  0.12124661  0.11427525  0.20858674  0.17891175],__,-2,330.1,0.06480761454077658,
20190225,530489496,1021,1551130945.0,114.57246753128935,58.13612971907436,1230.8274180121196,[ 61.72293351  82.27943763 102.68351898 123.59751445 143.96178463
 164.67854658 185.3274588  205.47108992 226.6224006  247.16170545],[ 0.16569333 13.03817103  0.08682386  0.10335838  0.1141422   0.13105678
  0.08339286  0.15742402  0.11470433  0.09862999  0.17529687  0.26972839
  0.14504411],__,-2,330.1,0.04709248561419817,
20190225,530489496,1022,1551130954.0214167,115.13975565867517,58.153296639347786,816.762753637904,[ 61.91182963  82.25062786 103.35335119 123.7011724  143.56812504
 165.0828554  185.69768878 206.61084752 227.41889543 247.54472492],[0.17042596 9.44537817 0.06899916 0.12068699 0.12064328 0.18542544
 0.08964276 0.23059294 0.12047599 0.10152971 0.19613043 0.29688367
 0.15156826],__,-2,330.1,0.046244082772742647,
20190225,530489496,1023,1551130958.4760785,115.52485036588484,58.878761693375004,1235.1394968490067,[ 41.28082167  20.50351431  61.59658956  82.44068979 103.12747103
 123.78129398 144.41662921 164.96466278 185.71913249 206.44309564
 227.28011927 247.69302165],[ 0.2792098  18.4855044   0.10476409  0.19690013  0.29788654  0.18390802
  0.14425884  0.15255318  0.10546855  0.19285789  0.14682713  0.14507638
  0.20845077  0.22270779  0.19591395],__,-2,330.1,0.05267552303994987,
20190225,530489496,1024,1551130963.846987,112.5054332186542,62.73902306252531,2624.476073579832,[ 62.26236596  82.12920749 102.60741417 123.43599661 143.85792773
 164.58737482 185.25223642 205.60164098 226.12040824 246.91316364],[ 0.24969144 29.10552741  0.15410435  0.17041498  0.1838293   0.13963323
  0.08341922  0.14836581  0.1281055   0.12428853  0.16891125  0.22825732
  0.15112673],__,-2,330.1,0.0617232363811497,
20190225,530501643,1023,1551136174.1848698,114.4229707187646,50.14415293020165,1238.9922135139354,[ 39.20400765  58.84575749  79.25616186  98.02660197 117.67346763
 137.34850202 156.8841098  176.46855971 195.9497566  215.86148358
 235.41786644],[ 0.31823801 26.27865075  0.14759859  0.10397577  0.09563054  0.19160371
  0.11415543  0.09746908  0.18583341  0.1657075   0.14745071  0.19619695
  0.25463432  0.24339549],__,-2,330.1,0.02544622454480904,
20190225,530501643,1024,1551136179.40581,116.34827192875699,52.17004712080315,785.0154299020758,[ 18.76865453  39.22301982  58.98503395  78.91371163  98.29290235
 117.91767634 137.58601602 157.14822374 176.89481481 196.41816334
 216.05176589 235.71534382],[ 0.19840464 11.99182459  0.0847376   0.16837682  0.17748175  0.1066345
  0.17883462  0.12543807  0.09388184  0.13955654  0.14679813  0.10635381
  0.18358473  0.20618473  0.17403887],__,-2,330.1,0.04011479505033472,
20190225,530501643,1025,1551136185.3465474,116.2346775910972,53.761444502895344,1062.8916522604202,[ 19.33100515  38.74186742  58.74351806  78.34937705  97.83164066
 117.4039385  137.01023129 156.47306671 176.17919958 195.78641554
 215.82746525 234.78205204 254.27034209],[ 0.18472271 14.38752343  0.09794913  0.25594363  0.19797125  0.09369966
  0.1627431   0.10064563  0.08480935  0.12839341  0.12508594  0.0986332
  0.20577746  0.27482241  0.15602644  0.1811842 ],__,-2,330.1,0.040349207590645295,
20190225,530501643,1026,1551136199.8511028,113.6885084847227,54.447335629574084,1672.1755984118038,[ 39.01824766  58.50707301  78.33639668  97.44808704 117.07984325
 136.42321852 155.83585866 175.53309874 194.65922598 214.36779631
 234.15039262 253.0474448 ],[ 0.2476933  24.90341654  0.13900458  0.18518865  0.08535215  0.17475573
  0.1052929   0.0918715   0.16675545  0.13164753  0.10941769  0.20004629
  0.23670585  0.17818043  0.23546832],__,-2,330.1,0.03817874123071385,
20190225,530501643,1027,1551136212.7091842,114.2190518827091,53.24605566099253,1869.2751582065323,[ 38.90316628  58.81680638  80.09534745  97.96006634 117.5848404
 136.89435523 156.99990235 176.35790771 215.37672313 234.88648439
 255.11847167],[ 0.38629457 39.81378295  0.22365087  0.20693014  0.10311959  0.22175985
  0.1640844   0.09808467  0.21693065  0.17788435  0.12546926  0.26964645
  0.18480966  0.34184744],__,-2,330.1,0.0542478017662837,
20190226,530681886,1005,1551217667.696422,115.75346802816668,50.402054265002455,1041.102476237041,[ 41.94198761  61.80147095  83.00660098 100.75293353 121.14745175
 140.79651558 162.19358389 181.49303958 201.06074758 223.91027567
 243.42825089 261.80601097],[ 0.22137264 16.69576852  0.11410606  0.15942591  0.1230977   0.13979544
  0.15686883  0.09246581  0.15217829  0.12679163  0.11871225  0.19989088
  0.29971359  0.1909332   0.36450283],__,-2,330.1,0.19350176000986566,
20190226,530681886,1006,1551217679.4444973,115.44814561429331,55.4183497605431,1091.7778872025985,[103.53708876 122.06521072 163.36114998 183.86625771 245.05495388],[ 0.21995258 16.30947763  0.13184027  0.16193031  0.08684732  0.139508
  0.13478856  0.16359463],__,-2,330.1,0.1068872364280762,
20190226,530681886,1007,1551217697.4367259,112.31056640463831,54.21120587315765,1101.0179870419593,[ 61.54448318  83.39817305 101.85078816 123.0731736  141.34373711
 164.24346754 184.55472267 203.23091698 225.5899045  245.41993973],[ 0.31083627 23.99446115  0.136229    0.1781257   0.13765736  0.14136854
  0.10466712  0.1857009   0.13172094  0.1222565   0.27347926  0.30854508
  0.17398432],__,-2,330.1,0.12735626392111438,
20190226,530681886,1008,1551217714.8410363,111.78874248104464,56.83893143461154,1320.3307753058432,[ 41.23920567  63.13756014  82.01693483 103.11506338 122.82162744
 142.39561223 163.71272291 184.15131984 205.1784215  224.82973781
 245.49111674],[ 0.22775832 18.84660595  0.11119311  0.20153213  0.12158371  0.13675973
  0.11111649  0.09237417  0.18987072  0.11800607  0.1146085   0.23598144
  0.30215772  0.17411169],__,-2,330.1,0.10202367411598146,
20190226,530681886,1009,1551217730.3337567,113.77862146286533,55.04957888443855,791.6772101176117,[ 62.39525071  81.470429    99.38621076 122.21589019 143.81302119
 162.9999793  183.36908852 204.65649848 223.7953451  244.2023903
 265.44370882],[0.17293377 9.93014863 0.07510249 0.11725882 0.14367097 0.11212245
 0.08995306 0.13396925 0.11609741 0.10479049 0.24841845 0.43548329
 0.14941425 0.38348244],__,-2,330.1,0.09256347933394324,
20190226,530681886,1010,1551217745.7728431,116.83038662701695,54.390591561232114,511.2758040686804,[ 40.59336242  61.08040956  81.25086135 101.25594303 121.91607805
 142.26123385 162.44388551 183.03582111 202.91162254 223.52490495
 243.63237224 263.70316199],[0.18586304 7.53786835 0.05833637 0.19365249 0.13055739 0.11377988
 0.16773402 0.10663671 0.18486004 0.13810868 0.11479758 0.25195095
 0.28692468 0.1801346  0.33735071],__,-2,330.1,0.043038605265843514,
20190226,530681886,1011,1551217760.1358721,116.81600280755568,51.62174875721517,523.7895009088353,[ 19.97207874  40.41786834  61.88673012  81.23950567 101.36191299
 121.78541146 142.07968318 162.26112149 182.64942045 203.3772348
 223.33007539 243.50106654 262.9564491 ],[ 0.32640027 12.00526376  0.08758163  0.28821377  0.35839086  0.21759214
  0.17376515  0.16830311  0.1343856   0.17958916  0.18781917  0.15062405
  0.24408741  0.25659234  0.2087337   0.38602766],__,-2,330.1,0.0395663072042535,
20190226,530681886,1012,1551217776.2445517,116.32859191391745,52.28116468792442,954.9250919892899,[ 61.5114323   81.41010452 101.85589966 122.29484431 142.66046752
 162.88772155 183.3629656  203.60445033 224.21497076 244.45800272],[ 0.3531607  20.8447215   0.13259504  0.26718559  0.15531854  0.14449068
  0.11764022  0.15155325  0.15861614  0.13148599  0.22407764  0.22503251
  0.19269642],__,-2,330.1,0.024965634236214045,
20190226,530681886,1013,1551217794.3643103,115.56518584075607,52.585496981475124,1312.1053267965674,[ 61.06438453  81.6250678  102.045063   122.42142036 142.78306256
 163.06578693 183.56773173 203.63120274 224.04612154 244.7630058 ],[ 0.27174315 22.05189782  0.14259822  0.21954634  0.15400032  0.1217223
  0.09810505  0.14216179  0.12958946  0.10923888  0.20026353  0.21342506
  0.16678082],__,-2,330.1,0.0317674568548009,
20190226,530681886,1014,1551217815.7554069,108.71226039341228,55.81553084910664,2048.6344511077905,[ 41.00701943  60.58726024  81.79721616 101.79888578 121.98406354
 142.50045123 162.81309445 183.13744288 204.38735974 223.71009334
 243.79274197],[ 0.27083485 29.30070382  0.16767005  0.18373582  0.15022403  0.15407281
  0.13093087  0.08726463  0.13670256  0.12192103  0.10872773  0.18926579
  0.19254178  0.14828598],__,-2,330.1,0.05692533696493914,
20190226,530681886,1015,1551217834.1151547,109.99179024549223,55.57058507408511,2376.6158037238874,[ 60.21757159  80.50977249 100.91311662 120.93272976 141.11141913
 161.14473209 181.32764254 201.45226529 222.21748988 241.90344771],[ 0.50842703 60.73172507  0.31068695  0.23798391  0.22609548  0.15863437
  0.10233371  0.16962514  0.15628564  0.13829346  0.23625963  0.22981677
  0.18146784],__,-2,330.1,0.03918603457315787,
20190226,530681886,1016,1551217854.1411953,110.17471482151788,53.31953576101946,2126.1160430498426,[ 60.82406615  80.64464162  99.87693415 120.94983381 141.15307134
 161.3450965  181.28532081 202.44885175 220.87947513 241.6308801 ],[ 0.24270089 32.31479338  0.1868226   0.14617776  0.15131986  0.1540602
  0.0802723   0.15984628  0.11691315  0.10802895  0.18616543  0.21240492
  0.14984203],__,-2,330.1,0.08568880033949916,
20190226,530681886,1020,1551221247.5538828,112.33682977745264,62.81815224517348,1926.7056246674053,[115.93664592 154.6498834  173.69947562 212.9254574  231.38070378],[ 0.48984743 46.35108974  0.21101812  0.13620864  0.21689925  0.21839309
  0.28261443  0.3053767 ],__,-2,330.1,0.11699431230948831,
20190226,530681886,1021,1551221239.6597342,115.01348721220377,57.53000998623178,888.078256019999,[ 77.58666107  95.16489062 115.42752778 134.28761854 153.65821437
 173.1596233  211.01783374 231.03019802 250.19545601],[ 0.41049984 20.27052586  0.13598418  0.20092912  0.18778862  0.12775147
  0.21266868  0.19052149  0.15500737  0.27254667  0.20571336  0.28982523],__,-2,330.1,0.07760106375162275,
20190226,530681886,1022,1551221232.668682,117.68687406305217,60.763736806945026,286.72012712938846,[ 18.97932215  38.24434705  57.50804584  76.8368133   96.0336496
 115.48245441 133.81596269 153.898837   173.08525488 210.657014
 230.70496243 249.92513714],[0.19544926 4.85055088 0.04247461 0.26078469 0.3136535  0.24419132
 0.12276047 0.2028073  0.10630669 0.24967826 0.15796151 0.14180907
 0.42414736 0.2076312  0.27932512],__,-2,330.1,0.04998443957528292,
20190226,530681886,1023,1551221230.0590086,116.25166920496756,57.81338386093166,803.4009275278314,[ 39.05644222  57.73087578  76.69916174  95.53999481 115.30413013
 133.93464301 153.45445733 172.93457659 191.88119187 211.68632125
 230.5793996  249.70707477],[ 0.24995524 12.71962607  0.08585334  0.24764473  0.1472308   0.22166568
  0.258097    0.09815696  0.21706981  0.16478737  0.13698508  0.2270086
  0.28339334  0.17257473  0.37197846],__,-2,330.1,0.06055200912634019,
20190226,530681886,1024,1551221229.0534463,112.33788863827567,58.146773066184785,1967.7023245127405,[115.12493372 134.61349368 153.62163966 172.61911285 192.5697173
 211.28511259 230.35607725],[ 0.38195917 38.23759232  0.18424109  0.10777295  0.23113154  0.17223211
  0.15944781  0.22958373  0.25703125  0.22993689],__,-2,330.1,0.06901476615119673,
20190226,530672521,1020,1551217495.3403487,115.37157389406843,57.85282905939811,1494.033650625153,[ 38.19205281  58.67089288  77.19576679  97.97415501 117.29607531
 136.4471216  156.08173358 176.03846555 214.78884276 235.01685958
 255.02617381],[ 0.27976152 24.70588597  0.13630993  0.18969479  0.09432906  0.22174182
  0.13032933  0.09456863  0.19521076  0.19980352  0.13490727  0.29467786
  0.20508603  0.36111885],__,-2,330.1,0.08195723616116442,
20190226,530672521,1021,1551217482.6333249,115.5988717491395,58.214314623587214,1139.6090121498046,[ 58.5430014   77.51260448  97.50816904 116.89194663 136.30676745
 155.43145877 175.26596256 194.23840869 214.42833886 234.12022285
 253.71887001],[ 0.27179314 20.35104853  0.10973846  0.11365267  0.28211743  0.16719427
  0.10287975  0.17216402  0.15104113  0.1207773   0.23632189  0.30824135
  0.18780024  0.21607804],__,-2,330.1,0.06519102565950127,
20190226,530672521,1022,1551217472.4564457,116.27049413961753,59.26348429420209,854.4714681286666,[ 39.08314827  58.46566835  77.52135492  97.52181814 117.14565951
 136.97799097 155.31959305 175.77558262 194.48541517 213.39050462
 234.80507898 254.37681389],[ 0.23984502 13.50017608  0.08604141  0.23701093  0.13943997  0.23595243
  0.1978661   0.09732517  0.21923944  0.19720129  0.12636023  0.2393795
  0.31367757  0.21136551  0.25680517],__,-2,330.1,0.09672595359280357,
20190226,530672521,1023,1551217463.511382,116.21733470159604,58.62346814936943,581.6289687270236,[ 39.50781824  58.8108312   78.29076464  98.27851606 117.56817602
 137.45343207 156.93246189 176.53341783 195.55433396 216.41450658
 235.47001035 254.88618962],[0.1944441  8.76977306 0.06179696 0.22378938 0.09953557 0.1820387
 0.16058049 0.09810259 0.18270362 0.17195277 0.11280067 0.25491827
 0.28241963 0.17262541 0.33844403],__,-2,330.1,0.056244677963051555,
20190226,530672521,1024,1551214026.5988386,117.89893366669719,52.78919069218263,693.4105429017404,[ 39.1835272   59.0878982   79.2384253   98.51644168 118.14027652
 138.17739498 157.53282131 177.38074042 197.46463211 216.4377978
 236.54525979 256.04780662],[0.17531066 9.84497998 0.07515137 0.17925138 0.09677276 0.19196304
 0.12471179 0.08823909 0.13573339 0.13256454 0.1049414  0.16991257
 0.23315544 0.16328731 0.19518392],__,-2,330.1,0.03556805111401009,
20190226,530672521,1025,1551214034.6120384,116.92346670665714,52.24691457373679,1270.6971590715318,[ 59.37946074  78.77532817  98.79618195 118.53327443 138.45902139
 158.26042063 177.90445978 198.03101755 217.37467447 237.12074065
 256.9315101 ],[ 0.23616938 20.54184584  0.13491326  0.11160057  0.1920441   0.10932876
  0.08523638  0.15657509  0.1338527   0.11005453  0.20572065  0.20776012
  0.15107917  0.22452909],__,-2,330.1,0.03582164134959416,
20190226,530672521,1026,1551214050.748284,113.11255003562015,52.81785187641102,1906.57850195109,[ 38.17762948  59.14397599  78.36415136  98.56588675 118.37353084
 138.21999322 157.81048363 177.50285906 197.55592726 217.48881874
 236.92091926],[ 0.24604242 29.68619026  0.16920269  0.16513658  0.09321964  0.16640307
  0.10347745  0.08245371  0.16664012  0.12247273  0.09932213  0.18702624
  0.22051124  0.16657223],__,-2,330.1,0.04627837827095301,
20190226,530695031,1012,1551223147.2185392,113.31413522573192,54.236661388799654,1858.2789452501931,[ 39.05217853  58.93813471  77.63504423  97.75300566 117.55024027
 137.29164747 156.68495765 176.3904243  195.66768792 215.80409557
 235.23601845  19.55283934],[ 0.25581578 29.67844912  0.17442021  0.15094093  0.08973276  0.13568544
  0.09922182  0.07606306  0.14620528  0.14389218  0.11963498  0.20158909
  0.2075301   0.18254441  0.19400659],__,-2,330.1,0.05471631378541435,
20190226,530695031,1013,1551223164.4704552,112.32307482534736,53.64071047295999,1606.7276006566292,[ 39.33507514  59.02898575  77.91962814  98.32742692 117.92037552
 137.98558051 157.34428884 177.01360024 196.52066794 216.39692416
 236.04005779],[ 0.23717836 25.45442185  0.14057727  0.23239617  0.09498048  0.1478384
  0.11175589  0.08243916  0.13831648  0.11670893  0.10184806  0.20071657
  0.19291592  0.161591  ],__,-2,330.1,0.03611748804790789,
20190226,530695031,1014,1551223180.3983164,112.99973798844395,55.71053013467844,1702.8222950363904,[ 18.79319738  38.81134993  59.03389022  77.81087417  98.31821181
 117.7928422  137.68946545 157.23584132 176.85520373 196.59079191
 216.12151626 235.69112886],[ 0.20989254 22.39982846  0.12632573  0.16314459  0.10936596  0.08085666
  0.1385519   0.09392346  0.07907498  0.14775275  0.11348306  0.09889915
  0.17700058  0.19697275  0.15437023],__,-2,330.1,0.042534097457805294,
20190226,530695031,1015,1551223197.3401153,114.70195545486385,56.20461843091528,1576.4028650931998,[ 19.57082123  39.12720026  58.87509687  78.05437095  98.23953326
 117.8123359  137.65645172 157.05365436 176.78676484 197.41609443
 216.19259531 235.76083423],[ 0.21037444 20.77209383  0.1298956   0.16996805  0.15518733  0.08828418
  0.17769376  0.11347819  0.07458407  0.14830209  0.12683438  0.09836629
  0.19756076  0.17875046  0.14340706],__,-2,330.1,0.04593283039343864,
20190226,530695031,1017,1551223231.6857622,115.72302912388407,57.28018055364039,1465.2065220267953,[ 18.58152531  39.21190078  58.6145682   77.86830748  98.16754879
 117.60579804 137.45948489 156.88572591 176.52783523 195.83965844
 215.63417372 235.11514781 255.78820247],[ 0.16836569 16.23198348  0.10238431  0.13562285  0.12661757  0.08498912
  0.14498818  0.10602554  0.0712221   0.148919    0.10898277  0.09312126
  0.18483108  0.18774563  0.14148092  0.31736142],__,-2,330.1,0.0721543072687841,
20190226,530695031,1018,1551223250.2174134,115.7007786817769,58.05924370640713,1206.9000703559848,[ 38.40182569  58.55304061  76.0615466   97.65569271 116.91905616
 136.46234765 156.11126491 175.5066829  194.97320266 214.52865725
 234.06800521 253.30271143],[ 0.18579628 15.55758317  0.09617368  0.1486601   0.10778847  0.1450614
  0.13235664  0.07783982  0.17870198  0.13122602  0.09794089  0.20862226
  0.26511559  0.19261994  0.42722064],__,-2,330.1,0.057147255507353854,
20190226,530695031,1019,1551223266.2510884,117.66601057962177,57.40223323588475,741.9432320102724,[ 20.20684581  39.06481841  58.59894229  77.44906257  97.72377596
 117.12745044 136.89610319 156.15544959 175.71914649 195.18874365
 214.57622751 234.19721763 253.76525074],[0.16630244 9.23470696 0.06610943 0.18744445 0.14283184 0.09893231
 0.14984534 0.11408762 0.08772683 0.1558812  0.13370482 0.10109747
 0.20454272 0.26071433 0.15439594 0.25104293],__,-2,330.1,0.043832769104345526,
20190226,530695031,1020,1551223281.400194,118.10050853727073,56.25790221685034,519.8848723248408,[ 20.55574174  39.44593986  58.95228798  78.1473734   98.28066443
 117.52100142 137.51041175 157.0421832  176.70198808 195.26098355
 216.79624042 235.43736537 254.81274871],[0.15905524 7.42359704 0.05772401 0.15678299 0.15463116 0.10897384
 0.1397878  0.11793185 0.09100281 0.15870425 0.13958757 0.1007466
 0.2476839  0.31044039 0.18532948 0.32443781],__,-2,330.1,0.0641696915830089,
20190226,530695031,1021,1551223295.8111572,118.49585869059624,56.89065851668993,577.7335545517201,[ 20.08385433  39.0932934   59.28492147  78.74857468  99.02679114
 118.2437119  137.79325296 157.57742016 177.25021536 196.69175778
 217.14935629 235.96384723 255.96043631],[0.14599182 7.3551114  0.05534769 0.18379134 0.1605404  0.09115038
 0.16594708 0.11249398 0.08381431 0.14028409 0.12108387 0.09454854
 0.21067343 0.32957672 0.1540919  0.25836545],__,-2,330.1,0.053208342579811246,
20190226,530695031,1022,1551223309.8578575,117.48335875538777,58.60498600001213,994.3362550727877,[ 19.38192162  38.84474041  58.90338562  77.98328448  98.23273418
 117.83718105 137.75907259 156.85171628 176.70473879 196.35925515
 216.92096764 235.61441983 254.48049001],[ 0.16790481 12.64073235  0.08357251  0.18457577  0.17623623  0.09354667
  0.20476262  0.10101603  0.07970836  0.20277349  0.13847786  0.09193094
  0.19465004  0.27845575  0.15673189  0.2681593 ],__,-2,330.1,0.0552514634671349,
20190226,530695031,1023,1551223320.9934497,116.14949793241222,58.53327334313718,1556.319434156264,[ 39.23176324  58.74229626  77.81785576  97.68151319 117.54783842
 135.81650975 156.83983164 176.1823723  213.80309514 234.83744917
 255.1523291 ],[ 0.26441271 24.7155632   0.13135209  0.12230545  0.0886365   0.19213972
  0.10965028  0.09587215  0.2186749   0.17632208  0.13095767  0.25526994
  0.20562075  0.37552472],__,-2,330.1,0.059484965430314556,
20190227,530706111,1009,1551228089.0020955,114.61284771076164,51.40533363311923,1394.836949051631,[ 59.18438697  78.73096776  98.56160254 118.19706378 137.88797899
 157.72604861 177.3738611  197.02208074 216.75320555 236.39192348
  19.31986425],[ 0.25403501 23.63321398  0.13877134  0.09332268  0.16957451  0.11075304
  0.08456621  0.1386072   0.1281961   0.11950427  0.17449144  0.17891703
  0.17902637  0.26526823],__,-2,330.1,0.03447238919316723,
20190227,530706111,1010,1551228103.7757652,116.34229626295189,52.14865859089512,972.1046410445318,[ 19.47271527  39.39000139  59.37373859  78.55186464  98.65165751
 118.3539347  138.06614226 157.59622792 177.38575508 196.98473184
 216.95052586 236.57923446 255.97338843],[ 0.17736032 13.35987838  0.09266821  0.22017657  0.1768757   0.09526706
  0.17648152  0.09914684  0.07850613  0.14275922  0.12659855  0.09710351
  0.17932272  0.19942927  0.17097403  0.36741205],__,-2,330.1,0.04060575287041767,
20190227,530706111,1011,1551228118.9997773,115.77544627887414,52.54598337699865,607.7508754628022,[ 19.10156572  38.98535351  59.44892678  78.63223965  98.73573962
 118.34908612 138.12716575 157.84232834 177.56025763 197.58482052
 216.77088077 236.60984241 255.85041268],[0.1412486  7.2569464  0.06317629 0.14879369 0.13972462 0.09253468
 0.14938812 0.11666003 0.08452036 0.1477067  0.13048431 0.08977895
 0.18792713 0.24760667 0.13971425 0.35773443],__,-2,330.1,0.049149200432182655,
20190227,530706111,1012,1551231131.0742927,117.37228399110154,58.750859210457676,446.9228200446665,[ 19.06423932  39.77674924  58.68240978  80.65730578  96.93157457
 117.41374738 137.08103673 156.55884441 176.19596605 196.00680516
 215.06476588 235.01392294 254.40471962],[0.18098402 6.8405415  0.05216457 0.18944962 0.20856019 0.10723596
 0.14723465 0.13949109 0.10330211 0.17633744 0.14691764 0.11808734
 0.26904084 0.33992792 0.19059766 0.23296477],__,-2,330.1,0.09657786918565762,
20190227,530706111,1013,1551231115.9783337,118.3728428940415,58.72699516640238,423.58803780734416,[ 19.0148352   38.8071169   58.22767755  78.44257632  98.68903935
 116.90187282 136.68216189 155.3676208  175.89869665 197.36987554
 216.61819017 235.62726238 255.58602579],[0.15090745 5.91779627 0.04826684 0.19596682 0.21749996 0.11934557
 0.1738877  0.1091377  0.08855828 0.17376691 0.14054874 0.11412504
 0.21710382 0.24567907 0.1580683  0.30761744],__,-2,330.1,0.14344735357353944,
20190227,530706111,1014,1551231099.0995688,117.72413879583974,58.391095547084625,659.092498527754,[ 38.27333411  58.55611457  76.59983571  99.58417382 117.5917988
 156.59065253 176.39216237 196.34203948 215.14542262 235.63035241
 255.22439169],[0.15422682 8.76669177 0.0629645  0.21669708 0.13456701 0.1435689
 0.1313361  0.08202406 0.13102585 0.09989344 0.21080363 0.28078723
 0.1995177  0.28821149],__,-2,330.1,0.1286574553539056,
20190227,530706111,1015,1551231083.711544,116.7192198110532,57.600936390562,900.4218277481775,[ 36.50224738  59.25563191  98.01957375 117.97750541 137.08657408
 156.67962687 176.79020539 197.42195536 215.32022352 234.84684543
 254.09014183],[ 0.1945563  13.24012868  0.08565629  0.18367888  0.13986339  0.13920998
  0.08616863  0.12936044  0.14755986  0.11745512  0.20156664  0.22283688
  0.22025454  0.37670116],__,-2,330.1,0.1534180682128774,
20190227,530706111,1016,1551231066.7392342,114.715464352728,58.65737691490412,1251.7287551184922,[ 39.46989359  57.6041096   77.626034    97.6707337  117.5356209
 137.91029186 156.19846125 175.62723584 195.96962725 214.7361812
 234.29409406 252.98040864],[ 0.25217215 17.90900419  0.11274944  0.1628775   0.12046086  0.17434393
  0.13908394  0.08754309  0.15014114  0.16123242  0.13041306  0.23441223
  0.20602631  0.17701647  0.35107445],__,-2,330.1,0.12804176941882117,
