20190214,528502194,1024,1550177797.19818,117.153654731987,54.60838657026,982.90594787491,[ 57.19049176  76.41057524 117.49536057 135.10394193 155.99517897  175.69413648 196.68079686 232.77455815],
20190214,528502194,1025,1550177805.50847,118.659358989465,52.3094774539883,689.923110944569,[ 59.22705536 116.98023997 136.90708943 155.95498556 176.78329693  197.19978358 233.71463663],
20190214,528502194,1026,1550177820.33126,115.714879043966,54.1064375205607,918.139111120563,[ 59.28964296 118.11961499 138.08132317 157.30372718  97.34367521  176.73990721 194.49859039 235.42616281],
20190214,528502194,1027,1550177833.06542,117.478423581325,54.4448348518541,1204.03472735427,[ 58.49490485 120.16423298 176.88904162 232.48293553],
20190214,528502194,1028,1550177847.37784,113.962653398922,59.6475946818512,1893.5199463493,[ 59.32035505 118.36472557 178.87277091 217.47971613 236.04876363],
20190214,528502194,1029,1550177867.31124,112.478661823418,59.4666025389677,2105.27278981665,[114.62286767 177.54735486 238.07105828],
20190214,528518474,1006,1550187776.94465,126.485534502661,123.15540693728,4259.46826687392,[91.87487931],
20190214,528518474,1007,1550187764.19259,115.219572763665,60.934339436518,1272.24519689058,[ 57.75401938 116.50547448 133.41846756 173.59552818 234.18506809  213.42343254],
20190214,528518474,1008,1550187750.98499,116.046439816275,66.5390173336325,1824.86141092901,[113.55326204 170.80880125 226.95575089],
20190214,528518474,1009,1550187737.53478,116.768684518602,63.1634988246509,1259.44608484111,[114.62512039 171.12367705 230.36689624],
20190214,528518474,1010,1550187724.81379,115.501893150024,66.3963426134722,921.158158156799,[117.94940015 171.26573651 231.43000033],
20190214,528518474,1011,1550187712.6151,117.017636259116,62.6543564753014,479.411225388312,[ 58.66728679  75.5816434   96.84249272 119.2549894  135.27064264 175.88343608 212.93666298 230.4755147 ],
20190214,528518474,1012,1550187698.80125,116.837354051811,61.9050417957412,727.657353906301,[115.02775828 171.68619771 193.89449152 212.02997833 227.86858388 250.60310233],
20190214,528518474,1013,1550187682.36314,117.346928651948,57.6291840055686,852.437557658334,[117.44007742 175.02393205 230.9799077 ],
20190214,528518474,1014,1550187666.57716,112.87878909972,63.1832788154436,1372.06640714455,[115.20667446 174.32313057 234.07317549],
20190214,528518474,1015,1550187649.91555,112.352023988408,65.3764192091821,1653.32977906229,[117.89015712 175.42016709 234.40113787],
20190214,528518474,1016,1550187631.67129,117.069849483084,54.5619866876273,953.108021186034,[115.05307713 172.79763745 235.29217074],
20190214,528518474,1017,1550187618.35074,112.307533808506,64.4282931846648,1784.76077526652,[111.2122117  231.39525975],
20190214,528518474,1019,1550187585.76345,111.295229624969,65.5002863402464,2181.09590933367,[117.65398335 174.66699522 233.90291799],
20190214,528518474,1020,1550187572.06604,112.314900359291,57.6139336937643,1510.63111297503,[116.60202744 231.62122357],
20190214,528518474,1023,1550184643.68067,112.882093142142,51.2412581320675,1572.26754480018,[116.83759073 137.63049098 157.82045126 175.72231466 216.40653926 236.64915625],
20190214,528518474,1024,1550184650.87302,113.930963425589,52.2017698007481,855.856782794924,[120.18725651 159.40903578 180.44989585 198.15668067 236.47403787  58.52897437  79.60032474],
20190214,528518474,1026,1550184671.68012,115.185585199005,55.171031573732,805.279499981848,[ 55.59873346 111.28850794 171.03705893 236.18179074 252.84930613],
20190214,528518474,1027,1550184682.10977,115.641620236772,53.9560813106928,1008.91475510015,[119.2910451  236.2542187   57.50560529 177.3518849 ],
20190214,528518474,1028,1550184693.96268,99.594893158049,82.3478556871116,3209.49049262865,[121.72132115 186.47323078 251.46302209],
20190214,528510459,1007,1550181884.3151,112.993818548014,62.5305886545131,1755.91579637495,[ 57.92721894 117.59339257 177.67831195 234.88815712],
20190214,528510459,1008,1550181870.00396,111.945070569977,60.0329106507125,1423.87999729894,[116.81503182 174.79352182 232.53496437],
20190214,528510459,1009,1550181856.34599,114.676238887223,63.8737870155061,1093.86246179244,[ 57.17407844  77.5592062  118.83886782 177.68433632 233.50763923],
20190214,528510459,1010,1550181842.8944,117.864230559781,64.1388512320662,592.827220055871,[ 58.33945981  74.69188844  95.47115018 117.44078298 174.24830123 230.99047274 251.74098225],
20190214,528510459,1011,1550181832.49847,117.627409530708,64.2575218390554,334.096628708639,[ 39.13181839  58.5811678   79.23042263  98.61444199 117.45302006 137.33078436 179.11732194 214.18863985 235.5335079 ],
20190214,528510459,1012,1550181820,117.267157968084,62.3489581165364,712.392326672923,[116.26065917 173.23240347 211.25270629 233.5631493  252.43885715],
20190214,528510459,1013,1550181805.20525,118.261685769302,62.2327669937665,1137.27113494259,[112.3046941  169.85244878 229.19389016],
20190214,528510459,1014,1550181792.9943,117.513519882712,76.767058668391,2770.37164127933,[112.3637837  221.76666184],
20190215,528711629,1007,1550273562.83163,111.163050827,63.1682521460798,1932.70524784473,[ 59.17658207 118.57344129 176.48090376 218.51131401 234.85522684],
20190215,528711629,1008,1550273546.1622,112.32740027983,65.0370820829573,1831.76322828747,[ 60.01440364 118.17690954 156.33225172 178.01983657 218.16070453 234.87028275 255.95725816],
20190215,528711629,1009,1550273534.90006,115.584629303224,63.1915087106015,1041.147532144,[ 57.72513031  75.88356078  97.62616549 115.2663387  134.89268812 154.78125963 172.76030347 233.44526362 254.87595157],
20190215,528711629,1010,1550273523.46526,115.192130669676,62.3458867735523,574.892341174098,[ 37.93823329  58.86190119  78.13961279  99.39675042 118.92384177 138.09534283 154.7890406  178.55160676 200.14606514 235.93437267 256.95572832],
20190215,528711629,1011,1550273509.27279,117.054785395363,62.0900720957022,514.281946009436,[ 38.12475003  58.1291865   78.32162454  98.24044472 118.60675976 139.0695217  156.22579605 174.73399473 219.09393703 236.35826874 254.74244399],
20190215,528711629,1012,1550273496.03021,116.102783799423,61.5271222892441,844.051117359429,[ 38.15633503  57.7689066   77.95885153  97.84282029 119.45254333 140.41621183 155.98555664 174.07483095 199.67028996 216.51602588 239.75134728 258.23354343],
20190215,528711629,1013,1550273480.42081,116.470101193603,60.3025415237535,1065.92894547432,[ 97.0094763  119.57771497 137.99226605 157.58454124 178.17724801 196.40348172 215.57102506 238.33914296 254.17507707],
20190215,528711629,1014,1550273467.47693,114.833372615106,61.0191348074108,1546.70152200266,[ 61.5626839  118.92272645 156.09064387 177.9585851  215.83435927 234.65300328 253.18774414],
20190215,528711629,1023,1550270437.06245,114.100696512906,54.4902176281852,1212.12941185497,[ 39.63794131  58.28317769  79.35052903  98.28918216 118.32699854 136.48890815 157.58327098 177.41879051 195.95731155 216.39009442 236.25174487],
20190215,528711629,1024,1550270443.69118,115.368853223159,56.1772234534826,754.233744059724,[ 38.08014811  59.9755305   79.20116846  96.68187207 116.90931073 138.04904052 156.59515713 175.33950955 216.15902346 238.85466913 254.69867612],
20190215,528711629,1025,1550270451.69183,114.847079992322,55.1846405314617,808.711121566055,[ 37.91961134  58.6753625   77.364118    97.12685979 117.31589857 135.51654398 155.42786189 174.05723062 192.08485056 212.23062306 237.42384484 254.58618569],
20190215,528711629,1026,1550270464.24288,113.554888458141,56.3261489716573,1332.28442963993,[ 20.14504405  41.18786554  58.77832832  77.79886811  96.86376763 116.287258   136.91286245 156.1602349  178.19206778 196.7196035 214.30890871 237.09228133 257.48495026],
20190215,528711629,1027,1550270478.39292,110.87837215348,58.0019934982244,1937.57890211888,[ 37.64837527  59.3070292   78.88717581 100.2981813  121.14273498 138.02888518 157.63003983 181.32204688 218.82697577 238.30663088 258.23278883],
20190215,528698927,1007,1550267767.2793,110.570223398537,61.3945864744572,1953.03640176156,[ 59.53294908 117.86693298 180.87534361 239.54468127],
20190215,528698927,1008,1550267751.7461,111.03278287783,62.5418891323095,1730.37916817488,[ 59.48506867 119.86225752 179.08894878 236.12587957 157.88029071],
20190215,528698927,1009,1550267741.75066,113.460754276045,60.0157648787889,992.329841467916,[ 59.64729285  79.20615788 120.14798235 178.56978825 237.90393046],
20190215,528698927,1010,1550267727.83784,116.307826131404,65.5886523169277,753.333918197453,[ 38.02949244  57.82854672  77.07266495  96.84694468 118.9107736,157.46931145 175.14145859 217.74177579 234.90916536 254.96003186],
20190215,528698927,1011,1550267716.36043,118.182187995963,64.0897413898874,443.515557290046,[ 37.09441286  57.17367894  75.3709183   97.53545921 120.62216565,135.15361966 156.46286041 177.15657817 215.01255247 235.63489237  254.52289336],
20190215,528698927,1012,1550267702.97574,117.565089347988,65.1833694292469,684.906388313361,[ 18.76185042  39.60688712  59.76450545  77.99480692  99.45894836,120.84480013 136.17739552 157.51429026 179.11891294 197.01571374  216.66643159 237.67535326 257.06580723],
20190215,528698927,1013,1550267691.20865,115.46615752293,67.2620922789573,1205.970712371,[ 59.3331835   75.44231446  97.86822957 117.22401836 137.77416382,154.43426561 173.90478581 197.4769347  215.56877759 232.02114195  250.17549367],
20190215,528698927,1014,1550267678.8265,110.519624538747,68.2810422260805,2025.04420918161,[ 58.30866619  96.59028109 112.92791053 135.18306499 153.39127119,171.71859677 192.70766978 213.12370196 232.67807961 250.19467496],
20190215,528698927,1022,1550265032.91808,112.363051285716,55.6500578327584,1776.61377781303,[ 58.64418093  79.07000912  97.85582071 119.23493051 137.15031211,155.83829179 177.23983009 195.31815784 215.3869888  236.84111728  252.51601452],
20190215,528698927,1023,1550265040.3823,114.981525899381,55.3439996961983,1009.63965506657,[ 38.57340972  60.00048579  78.94577662  97.17557376 117.47320629,136.97574076 160.34105393 176.26410355 196.57792239 216.86154807  235.37401513 254.48634937],
20190215,528698927,1024,1550265046.32627,114.686710298322,55.7673669909033,800.847177787736,[ 37.55730327  58.05807961  74.88160097  96.68156818 113.50375689,132.60540202 153.42397008 171.47374873 190.60080123 216.94381016  236.15478709 255.45359505],
20190215,528698927,1025,1550265051.92315,113.111717615555,56.5564747095549,1398.78784384231,[ 60.18988395  77.70324006  99.99424179 121.76464336 138.9568865,159.47919973 180.66755674 199.63331566 219.35889214 238.72686262  258.21632078],
20190215,528698927,1026,1550265065.45351,109.898171811908,56.7985805233897,2089.91949931408,[ 39.4121682   60.36575993  98.75219978 120.88562431 137.08357463,156.88796636 181.61157343 198.06570182 217.06836674 240.41482975  256.95109979],
20190219,529409728,1020,1550610910.73457,116.902637310821,55.137075493433,1978.23146854462,[  6.40270819  23.74738539  39.2768922   57.7708672   77.78174007,96.05534556 113.57193837 135.5333227  153.21774248 171.56042252  191.44157143 211.84602821 233.93250347],
20190219,529409728,1021,1550610926.13536,115.059334716877,54.9440185849003,1496.57356701066,[ 16.90723376  38.8419342   61.01013741  79.03028056  98.16355915,118.99013223 135.54428913 158.17681478 177.91445864 199.16602291  212.67893399 231.97266273],
20190219,529409728,1022,1550610937.16788,116.545832795518,55.1629694643923,1102.39446419559,[ 17.48599846  40.94254724  57.67123836  77.30169113  96.1015047,115.41957426 136.20887123 153.93028022 172.16689136 191.47804014  214.48881222 232.79004458],
20190219,529409728,1023,1550610944.85602,116.128953593316,54.8414865742383,1109.79121482001,[ 40.66553668  58.29118504  79.38856706  98.45939578 116.71575969,136.2463344  156.6766974  176.06485973 196.98338198 215.19601254  236.99268499 256.91406753],
20190219,529409728,1024,1550610951.49186,116.518048531903,54.5348996615083,1548.51245677039,[ 19.87019335  38.66449638  60.01205933  77.9533375   95.49072691,121.84772678 135.31502079 157.56798682 180.60343904 197.35390218  215.47373039 236.88402908 257.02126423],
20190219,529416700,1021,1550614687.79991,108.048708287116,61.513895453213,2505.06208494599,[ 59.18269538 117.83469485 177.07477941 234.2648273   77.4270008,95.32941254],
20190219,529416700,1022,1550614671.90932,115.325258640561,55.9466386099613,1186.34706843913,[ 59.59668246  79.54442597  96.70291485 120.44194846 139.04844662,157.55528978 179.14261438 233.99754263 253.06951019],
20190219,529416700,1023,1550614666.21398,116.338136017105,56.4823544461778,609.899080233521,[ 37.66064937  56.56780771  73.11187584  94.10961895 113.54856726,129.65894253 154.42301789 170.01075265 187.1841137  229.43011541  252.22207677],
20190219,529416700,1024,1550614658.50394,116.449553220085,56.8628303836968,976.180411302891,[ 37.01374608  57.07915889  77.71732069  96.67736217 119.92980484,135.98063836 157.23237548 178.64721715 194.3713959  212.60736123  228.47213792 250.12855037],
20190219,529416700,1025,1550614649.29021,113.652321704188,60.5049092652167,2329.32954049575,[ 57.49434734 114.74005214 155.92641193 172.79537232 212.77708834,229.0733943],
20190221,529754214,1009,1550781360,117.124685789992,63.5150989376918,1203.63061804906,[ 56.16821003  73.45730069  94.58495591 114.59561715 132.33708954,152.42251851 170.34868542 206.27834302 225.779736  ],
20190221,529754214,1010,1550781346.77044,116.806823910908,66.8836205204798,1413.50732318277,[109.98239727 148.74605569 167.6150241  207.05465352 223.35257733],
20190221,529754214,1011,1550781331.574,115.516446132653,66.1450596823841,1127.40216516317,[ 75.75236402  95.79988629 114.64445173 132.53046499 151.78191188,171.19552844 211.58312667 227.10429515],
20190221,529754214,1012,1550781316.65645,116.146044695219,65.6914058280674,487.532432637468,[ 57.76005618  75.93310187  96.59184478 116.86285352 136.28652652,154.10914489 172.53554529 211.04456668 232.92541513 250.57176797],
20190221,529754214,1013,1550781302.96223,118.396081201556,67.2093133588763,261.006133604686,[ 55.60714325  17.91093158  76.10516915  96.76163707 113.56066573,131.42604546 155.68620155 167.90231738 206.9482028  228.26818025  246.76919008 264.93838724],
20190221,529754214,1014,1550781289.73656,117.6935354554,65.8003842219621,278.491690317431,[ 58.18277322  75.14790776  95.60176202 112.86915736 133.32759682,156.31901488 175.53341254 208.387365   188.79079776 227.14902969],
20190221,529754214,1015,1550781276.65752,116.282891305124,67.0502430527796,770.778192531979,[ 55.51089856 114.98418561 132.21599178 151.35699598 170.29177161,191.12487955 209.18955418 229.40956138],
20190221,529754214,1016,1550781262.28654,113.711576633182,66.8854016727655,977.809921277472,[114.64429649 170.34396457 230.47647141],
20190221,529754214,1017,1550781246.0304,115.560761570119,64.1272170516176,1125.46177464428,[ 58.15491082 115.47453541 153.26286936 169.58171838 212.15649327,230.17722694],
20190221,529754214,1018,1550781233.9071,112.975169953376,64.347736661587,1613.71631319508,[113.10029004 226.42334179,-0.354458212],
20190221,529754214,1019,1550777698.70947,113.701732811003,59.1047032679008,1291.38772101169,[ 42.01082669  62.76406826  81.97466964 100.33304156 121.99214565,142.13754341 162.55293875 182.958104   203.86674545 226.27933405  242.57744764 265.68600634],
20190221,529754214,1020,1550777713.16773,115.040694887127,60.4649466765238,1077.34319366389,[ 38.03540624  61.84462194  82.2464672  102.72768366 123.0631357,143.50601232 165.80766639 187.14397875 204.21760418 244.93901338],
20190221,529754214,1021,1550777727.00322,114.751916062751,61.4951403978429,943.905540558616,[ 61.46196757  81.58654606 101.73786309 125.45126959 142.01020684,164.69753713 184.5282529  205.35795449 225.19071412 246.20984861],
20190221,529754214,1022,1550777737.91233,112.234155397801,63.2100609926022,1391.05753826416,[ 79.89543388 102.37126018 123.81521459 144.55293953 162.88345007,184.39605386 203.59969875 245.23043784],
20190221,529754214,1023,1550777742.88438,110.013489912282,66.6820124291059,2602.9070522106,[ 40.01521186  61.10396332  78.72693893 100.46988901 122.81012981,159.25570927 182.56725127 201.69117638 243.45192616],
20190221,529788403,1300,1550791648,111.849261852828,105.872322836339,5426.86884881232,[ 69.01234908 102.54100645 146.45240132 164.19653669 178.76720389,186.38940618],
20190221,529788403,1301,1550791637.46737,113.735106920352,53.3708131943931,458.746547531136,[113.46116857 168.64812841 188.30182523 221.65390355 241.09399779],
20190221,529788403,1302,1550791638.03174,115.543900671186,60.2790767813452,385.289088965324,[117.64783097 147.3390432  166.58862003 183.49624407 208.32156083,222.36509706 241.08298086 258.48734813],
20190221,529775831,1301,1550790750.56652,112.784077301574,49.609708446104,-944.132443389613,[125.6106425  162.13318095 172.24143051 200.74536671 221.27391627,242.92428515],
20190221,529775831,1302,1550790749.96825,115.602709747665,53.5908215057131,467.171674837387,[ 79.96705829  99.06850156 126.18680332 142.07098935 164.63315022,185.8271594  204.64244353 221.84190838 242.19092744],
20190222,529970458,1009,1550878477.29082,113.368080647111,61.6991958575966,918.897513781931,[120.22702273],
20190222,529970458,1010,1550878466.36783,117.299926250609,56.0228193307528,-516.970760485364,[116.63135701 155.64321084 172.38390821 230.2652397 ],
20190222,529970458,1011,1550878455.66438,118.817080788834,60.5220199623724,701.594454242354,[114.62492773 147.68792175 168.61999685 228.14720073],
20190222,529970458,1012,1550878439.78161,115.497027593916,77.8625136581724,2112.17553999863,[110.83824438 148.7232906  165.22535039 220.67696937],
20190222,529970458,1013,1550878418.92325,113.931936297895,62.0523882861625,980.935402658083,[121.73208623 136.99455736 156.96250165 178.19714539 214.8386525,236.36449252],
20190222,529970458,1014,1550878404.54594,115.619758463832,63.5703380042693,482.833416028603,[ 58.00288863  76.57979761  96.57892579 113.7128685  135.53768907,152.77157995 172.21935341 213.3466538  230.29557398],
20190222,529970458,1015,1550878391.23912,117.555088039514,65.4018529641176,194.603277752777,[ 57.66346346  78.81239425  92.27012424 112.40573877 134.70438468,157.05629911 172.19027919 230.2371393  247.86673399],
20190222,529970458,1016,1550878376.82593,116.580006645385,66.7279106535247,288.03964179743,[ 58.94236034  77.60525823  94.97788846 113.60020441 135.74942847,154.01637112 175.01232069 192.90851075 212.38625881 233.17355343  249.35114836],
20190222,529970458,1017,1550878362.01621,115.843305076394,69.344658846124,712.159771508647,[ 57.24626362  75.20403294  96.50776264 115.51054715 152.62308643,170.9016772  191.86869688 211.35167041 230.8330314 ],
20190222,529970458,1018,1550878348.56816,114.173998555587,67.2339191407799,1021.53667275429,[113.88118592 231.68431113],
20190222,529970458,1019,1550878333.7161,114.935589526069,71.9483736897598,1782.24220834799,[ 55.10655155  77.91811017  94.75349227 116.04945955 152.37370506,171.35186985 229.95015513 132.87631546],
20190222,529970458,1020,1550878318.98649,113.397421942754,65.7949285504245,1468.0538261318,[ 59.95169586  79.16834544  96.87865577 118.79875763 134.76333605,155.75420837 176.15943822 234.53350019],
20190222,529970458,1021,1550874490.87182,111.553982257297,57.1564534216242,1732.17557395279,[ 64.05101646 125.87320678 166.15455464 186.32028938 206.30556317,247.53457661],
20190222,529970458,1022,1550874500.53469,113.629506474778,58.8790491851945,1293.89155029101,[ 60.77393255  84.67478578 103.42828386 121.98091352 145.61920268,163.98658449 184.35160419 209.15592089 251.53458735],
20190222,529970458,1023,1550874507.15475,116.427778705774,58.9928185675885,783.447007120328,[ 60.4558132   82.57499446 102.59017056 125.46154044 147.28812924,169.04243312 188.54797647 209.39841856 226.5044934  248.31433383],
20190222,529970458,1024,1550874513.12634,114.907598090774,60.2785135411261,1218.9344635983,[ 80.90323509 102.16026085 125.35857301 145.06085473 166.75139256,186.05036729 205.95366703 228.19123281 247.79319036],
20190222,529970458,1025,1550874520.73162,112.603954689185,60.8270692407915,2190.75812364622,[ 60.61954771  82.22442543 102.78044032 122.53342533 144.89052624,165.8997628  186.10145223 206.04583509 250.29859614],
20190223,530144820,1020,1550964968.14732,113.067626774636,61.2629082957729,1989.57290111517,[ 56.88413141  79.10509189 117.45194199 175.7317121  231.68179926],
20190223,530144820,1021,1550964955.08662,114.913313808093,61.0057053686975,1373.91982950235,[ 56.62215763 116.37189517 135.93260373 154.1460012  176.82532038,214.55920715 232.59348071 253.13420408],
20190223,530144820,1022,1550964944.74818,116.549466807855,63.1431582897097,873.014102524983,[ 38.19663473  58.85078801  76.67425756  96.65732989 118.33281606,137.8679188  157.44683638 174.78615189 193.43549145 215.25202164  233.37360386 251.49231547],
20190223,530144820,1023,1550964938.64646,117.275632021141,61.1492851979589,551.644100254656,[ 37.68817562  58.78223938  76.18727994  99.18807544 117.01807057,135.77702567 154.14688817 180.09022025 215.18678043 233.59061315  252.59392179],
20190223,530144820,1024,1550961900.37143,117.223799741716,51.7756400323902,786.597804792567,[ 18.78828851  38.87482945  60.01716388  79.80455666  98.06308656,119.62579859 138.8116452  157.60209623 180.42461183 197.60555402  214.68566876 233.83323873 253.67141326],
20190223,530144820,1025,1550961907.32354,115.024276092622,53.1783074447537,1554.178686108,[ 57.43762726  96.90566667 118.72199265 136.65807851 158.72572736,176.15550171 197.7321417  215.9280488  234.95185548 253.16972541],
20190224,530294995,1001,1551042832,112.890516854779,63.8095601034121,929.72024536512,[ 57.42757815  78.15222032  96.31336045 118.48590978 136.83698812,156.4545931  176.98124041 197.15281668 218.63457562 234.4966248 ],
20190225,530342801,1012,1551062605.97276,113.521376863004,58.4145933012909,1955.54770958253,[120.49287436  60.05038049 161.73866798 181.16230674 203.45231853,246.99608412],
20190225,530342801,1013,1551062618.70619,114.316388992256,58.5762017246794,1611.50000099868,[ 60.46468264  81.64480221 103.45030604 125.83227811 145.6864781,167.10223345 187.14797274 207.88072071 248.73200919],
20190225,530342801,1014,1551062634.17069,114.144980031843,59.0678180272136,1266.38757525086,[ 15.04677919  42.06847231  64.62585547  82.92712389 103.57969594,125.4604765  145.67050351 166.40520319 187.36300423 207.92624949  225.96318649 247.24840605],
20190225,530342801,1015,1551062648.1753,116.030113100446,57.5844386743947,761.282996590414,[ 16.80322636  40.4387803   63.05991718  83.225354   104.46818009,125.57782182 145.27489799 165.28502138 187.76788509 206.86741346  225.14689176 246.78852781],
20190225,530342801,1016,1551062665.35937,116.486321776165,56.6871446048253,612.286890114975,[ 59.22115697  79.71695005  98.88235347 117.71003438 138.25934923,160.23435055 176.21339343 205.89276998 226.29708674 245.86315684],
20190225,530342801,1017,1551062681.30995,115.290172633673,56.6135319635187,568.095684017821,[ 17.24938021  40.06115903  63.23044048  83.36993484 103.51075215,126.64700904 143.4683171  165.00824095 188.23432648 206.62790505  226.84536044 248.25708266],
20190225,530342801,1018,1551066104.61479,116.65883971982,60.3796397141234,289.096753545868,[ 16.40869814  37.23905901  59.3416797   77.0788051   96.61116606,113.01210426 136.10532051 151.50820441 176.22731108 192.70286573  230.3188905  245.75183201 207.59947844],
20190225,530342801,1019,1551066089.22588,117.303213873915,57.6780141589899,387.666797342185,[ 20.69841749  37.28605085  58.80762834  77.41895461  94.75626948,116.34925748 135.3995404  152.59241083 177.48298247 194.47402485  210.58290796 229.06103337 247.92281838 269.49113474],
20190225,530342801,1020,1551066073.89407,116.764599835457,58.9807767807887,573.332144760406,[ 36.22749235  57.62620641  74.76770659  92.74602552 115.67701672,132.56850525 151.937704   170.48201447 190.07244136 209.81605439  230.43078514 245.70948655 265.40658407],
20190225,530342801,1021,1551066059.42988,114.005522608973,58.7883299262671,942.49610072757,[ 38.83772551  56.71644634  75.07721582  95.80941911 116.13296519,134.27406937 152.49170142 170.29078013 190.09501434 210.91517804  230.12460725 247.87217894],
20190225,530342801,1022,1551066047.29007,110.639482349157,57.7586931319124,1292.26007867817,[ 37.80470367  57.89257598  76.38451747  97.2192042  115.49395668,134.40203888 156.12210927 175.49339422 213.19056897 230.54089725],
20190225,530489496,1006,1551134486.93541,108.441950562417,62.6611971722848,2237.65728068276,[ 53.1945052  114.71719808 169.93869973 228.65839651],
20190225,530489496,1007,1551134471.92736,110.368671479636,56.6068530467869,1455.96533530541,[ 61.43949351  75.01444913  95.86567878 116.3872346  132.51272032,156.31328036 179.57684752 214.3482122  231.05643066],
20190225,530489496,1009,1551134442.39314,115.747210868401,55.846639960344,902.378871765361,[ 68.12057898  93.17755606  70.67342685 112.69103555 131.41841771,150.19367331 169.34528935 206.44980058 230.95849392],
20190225,530489496,1010,1551134428.68232,117.47206895309,54.3332288180501,668.407115721653,[ 78.60927125  94.69359567 118.3282807  154.76032111 174.77102201,208.34037264 225.00925713],
20190225,530489496,1011,1551134415,119.157387904392,62.5066373153576,962.459426553361,[ 89.98187625 112.45413901 130.12772113 149.70414926 170.11022703,208.62411805 228.1308453 ],
20190225,530489496,1012,1551134398.15759,115.488607726213,66.7938105689325,1408.52141191411,[ 35.75577295  55.26680955  75.8338944   91.57620792 113.89146303,132.34615075 149.97563633 169.8697375  206.77851295 227.96326047],
20190225,530489496,1013,1551134379.19945,116.003544952755,61.6886286982144,865.459619130402,[ 58.39573903  77.42118818  93.13840369 117.39433407 134.28874692,154.73630897 174.78830798 210.16794969 232.80599159 251.16483277  189.50974604],
20190225,530489496,1014,1551134363.58886,117.768484025659,60.7626200285842,364.584163189629,[ 36.62894995  56.24748113  77.28517954  94.67801101 116.50406141,135.16092323 151.47823714 171.40194203 195.27014284 214.52213843  232.81353429 249.77992438],
20190225,530489496,1015,1551134350.87287,117.459625015839,63.6903266844495,316.84377878561,[ 55.38291133  77.5932125   96.28485228 116.02744499 135.30347689,152.65183294 172.00361719 191.11210024 209.6810352  231.41746607  247.357044],
20190225,530489496,1016,1551134334.45378,118.520951956047,61.7856311983195,494.823307871932,[ 16.75112816  39.5217659   58.45114999  75.26776745  95.35344965,115.38782648 133.67770604 154.17233257 172.44287189 193.56009614  211.9321339  229.03015459 245.55727614],
20190225,530489496,1017,1551134321.67233,115.808951765794,62.7446734645254,894.17765557801,[ 58.66597839  74.83327058  95.20267392 115.5366861  135.63855987,153.50255943 175.16191308 188.48958408 209.76818317 229.0794165  248.52792086],
20190225,530489496,1018,1551134308.02497,114.741586550423,61.2256114140687,1431.39321010358,[ 56.9833705  113.96731746 133.31807288 151.47081165 171.58511533,209.03310129 226.50644026],
20190225,530489496,1019,1551134293.25721,112.563101140416,62.0240298164561,2023.39786933564,[ 55.42036581  73.68702152 113.28082598 149.70139181 168.11370273,187.87113681 229.63718074  93.39426092],
20190225,530489496,1020,1551130932.19806,113.343984991901,58.098628595535,1854.87299857719,[ 61.4068725   80.58935567 102.41372398 121.90659857 141.62953431,163.54947308 184.15509707 204.99608566 246.25027279],
20190225,530489496,1021,1551130945,114.572467531226,57.9797380706046,1227.51637668226,[ 61.59160561  81.90983542 102.72455938 125.11894785 145.12313248,163.83402417 185.41258892 206.86128165 224.37486906 248.4739277 ],
20190225,530489496,1022,1551130954.02142,115.139755658612,57.9968588102419,814.565585137959,[ 60.27770709  81.52366399 101.62302855 123.96493479 143.35146013,163.59850275 185.05667059 204.70133205 225.89970253 242.66360338],
20190225,530489496,1023,1551130958.47608,115.524850365866,58.720372295126,1231.81685561773,[ 40.08862549  22.01459337  61.81178859  81.59642267 102.01959619,123.85604976 145.911934   168.5126949  189.66267954 210.86847433  224.71112144 248.67534067],
20190225,530489496,1024,1551130963.84699,112.505433218266,62.570249199454,2617.41598662697,[ 63.06448876  79.96607483 102.58035926 125.34993115 145.79659955,167.37319056 188.5603432  207.28330525 224.05585727 248.509597  ],
20190225,530501643,1023,1551136174.18487,114.422970718765,50.0092604497347,1235.6592081046,[ 38.91805544  58.21491264  79.22019886  97.43133393 119.26171497,138.26087019 158.02544436 178.28675434 196.75819664 216.54311247  235.60029656],
20190225,530501643,1024,1551136179.40581,116.348271928763,52.0297047947366,782.903664676983,[ 19.76378209  38.90365094  59.67837878  79.90363192  95.5549576,118.60460932 136.41009686 155.25499835 175.768937   195.20292451  216.27958775 234.94396335],
20190225,530501643,1025,1551136185.34655,116.234677591099,53.6168211684219,1060.03237390244,[ 20.06025702  39.48999743  60.76187317  79.33735136  98.18453053,119.34932258 138.05144469 155.83545574 179.73708276 197.05415498  215.62656079 232.78979344 252.38112165],
20190225,530501643,1026,1551136199.8511,113.688508484286,54.3008671848039,1667.67728921418,[ 38.14400057  61.063404    77.34183695  97.71073561 117.68139941,132.94882903 157.31087207 176.62063397 194.43064399 213.87120629  237.18716439 254.25040088],
20190225,530501643,1027,1551136212.70918,114.219051876609,53.1028187786143,1864.24663394724,[ 38.52549346  58.59132217  77.0113046   96.37012987 116.4879639,137.35208211 153.90320625 172.78999778 216.46588909 236.41954575  254.21498987],
20190226,530681886,1005,1551217667.69642,115.753468027697,50.2664680052372,1038.3018127338,[ 42.98115743  60.85293217  80.83311321 101.10644117 123.36304451,140.28932872 165.38268066 185.82193899 199.54302824 222.97502525  239.45125852 260.69436248],
20190226,530681886,1006,1551217679.4445,115.448145454757,55.2692696360842,1088.8409536797,[101.40060954 124.92259511 164.6885049  183.6518655  243.34907864,0.14146002  0.17152596,21
20190226,530681886,1007,1551217697.43673,112.310563759534,54.0653849657353,1098.05785059063,[ 61.45660368  82.48363595  99.98054276 123.5704578  144.18860693,162.35568587 184.03166393 201.24010602 226.98850667 247.91561308],
20190226,530681886,1008,1551217714.84104,111.788742480133,56.6860293725848,1316.77896172094,[ 41.63859048  60.60752565  80.85201082 103.05888979 121.12067343,139.22573074 161.29179097 180.67430722 204.38574618 224.66599177  248.72003338],
20190226,530681886,1009,1551217730.33376,113.778621450211,54.9014903925684,789.547529214861,[ 62.08051911  81.65657757  97.41311518 123.99576082 143.40191443,163.40701546 184.34689796 207.07150575 224.63269142 242.16585666  264.38092652],
20190226,530681886,1010,1551217745.77284,116.830386631146,54.244275769648,509.900424773409,[ 41.53267751  59.78938973  79.06204708 100.52299478 120.59400956,140.60095672 159.37251816 181.99601796 202.94949459 222.48642461  245.76943384 262.40180207],
20190226,530681886,1011,1551217760.13587,116.816002807684,51.4828814054779,522.380457989954,[ 19.56996137  39.72157672  63.61082169  81.1747275  100.76433346,123.09019287 142.28703619 162.45432446 184.91843241 204.13330181  221.058185   245.58440981 263.18600424],
20190226,530681886,1012,1551217776.24455,116.328591913915,52.1405234451915,952.356253820837,[ 62.49898507  81.01401561 100.57881397 122.19449427 143.4113472,163.30183939 183.66198269 202.18229936 223.52358189 242.93295376],
20190226,530681886,1013,1551217794.36431,115.565185840756,52.4440370562517,1308.5756402479,[ 60.24124992  80.17687042 100.19685092 121.62606548 141.65667023,162.03183864 181.16287979 201.88367185 224.82579925 247.34175829],
20190226,530681886,1014,1551217815.75541,108.712260392686,55.6653818334065,2043.12343259168,[ 39.79627016  59.53198502  80.8209192  100.45729354 120.30377217,141.6245314  162.33977423 182.3226731  203.65150414 223.13949511  243.10647649],
20190226,530681886,1015,1551217834.11515,109.991790245493,55.4210949815551,2370.2224840225,[ 61.0248428   80.4462854   99.9977698  123.726342   142.23182234,162.63052915 183.7064929  203.2005444  220.11749399 240.32456886],
20190226,530681886,1016,1551217854.1412,110.174714931031,53.17610141931,2120.39662174284,[ 61.66620054  80.23110679  99.54168733 119.5498559  139.05457904,159.77745797 179.32638303 202.31012405 221.68783555 245.06157715],
20190226,530681886,1020,1551221247.55388,112.336829765702,62.6491655443306,1921.52260899206,[113.17087164 151.04435164 171.76900081 212.24995275 230.70538357,0.33368809  0.34364487,21
20190226,530681886,1021,1551221239.65973,115.013487225588,57.3752487907191,885.689237495426,[ 74.51737597  94.48091245 118.31446912 136.52864963 154.09291825,173.6174817  212.50269761 232.13182664 249.27123367],
20190226,530681886,1022,1551221232.66868,117.686874062885,60.6002766477429,285.948823013095,[ 17.16444506  39.50566676  58.09806184  78.10544792  95.58419387,116.11080603 136.55798595 153.32935669 177.95049937 209.28039044  230.95222149 248.53462829],
20190226,530681886,1023,1551221230.05901,116.25166920497,57.6578604290818,801.239703587948,[ 38.61305347  57.56782259  77.84205838  95.49570649 117.37630215,134.98828149 153.77422255 175.0488412  191.61322364 211.12126528  232.22860269 250.35250788],
20190226,530681886,1024,1551221229.05345,112.337888636936,57.9903527973209,1962.40902197731,[114.19268561 135.71505594 154.50808361 172.29903306 192.23409439,211.98642061 230.44008607],
20190226,530672521,1020,1551217495.34035,115.371573670077,57.6971998663088,1490.01461191416,[ 37.3487694   59.07390671  77.84319976  99.91942695 119.0834366,136.76305235 157.3986722  174.14788177 214.10186515 232.83746802  254.92495969],
20190226,530672521,1021,1551217482.63333,115.59887132616,58.0577133397748,1136.54344527372,[ 61.29080436  77.398164   100.41225659 119.7942747  138.15495042,158.56882584 176.78065297 194.33482019 216.5461383  232.07378367  253.3556135],
20190226,530672521,1022,1551217472.45645,116.270494097207,59.104060023174,852.172868346404,[ 37.44583897  59.54972309  77.69304903  97.68024094 118.20412497,136.91809006 154.33984614 175.64931627 192.85221059 210.98307893  235.2948127  253.91794253],
20190226,530672521,1023,1551217463.51138,116.21733467486,58.4657655943245,580.064339523602,[ 37.12245158  59.41081085  79.72296095 100.92306728 119.57339965,141.03161062 157.95417378 179.780071   195.05412046 215.82033916  234.98245439 255.17050649],
20190226,530672521,1024,1551214026.59884,117.898933666937,52.6471828129574,691.545203551056,[ 37.64527865  59.00793117  77.44570927  98.96730373 119.12724265,138.924671   158.67321187 177.74042126 194.0287454  216.55357396  237.62558474 257.17015253],
20190226,530672521,1025,1551214034.61204,116.923466663266,52.1063655212962,1267.27887239508,[ 58.27470342  78.24887123  97.01334962 118.29964488 136.54436172,158.04881652 178.82503077 196.51371279 218.85350733 234.31391287  257.42318427],
20190226,530672521,1026,1551214050.74828,113.112550035567,52.6757668947698,1901.44962674588,[ 38.07057587  60.20514951  80.32766811  98.91107888 122.32312227,134.93969102 158.9297321  179.99172337 196.98314209 215.83231584  240.5714613],
20190226,530695031,1012,1551223147.21854,113.314135225732,54.0907596762481,1853.28000037474,[ 39.43144227  59.44397439  75.82046797  99.24948822 117.47153392,135.90317083 155.66139811 176.08660937 196.15958162 216.01480664  235.19320479  22.96124627],
20190226,530695031,1013,1551223164.47046,112.323074825363,53.4964119244206,1602.40535253512,[ 38.71428218  60.50630938  77.15140899  96.49641787 117.738414,135.50246706 156.78751649 176.97887129 196.24871358 216.61804147  235.36346225],
20190226,530695031,1014,1551223180.39832,112.999737988502,55.5606635768524,1698.2415431593,[ 16.94182857  39.67952395  58.32775835  76.20921286  98.09394689,119.43785919 138.36127055 159.86379516 179.46998718 197.9082093  218.54091661 231.97469726],
20190226,530695031,1017,1551223231.68576,115.723029126602,57.1260914937471,1461.26497968225,[ 15.43680701  40.0215927   61.40911514  77.05687139  98.02704148,118.90672064 137.58183814 157.11326626 179.08045922 197.5454902  217.06471649 232.99381507 253.4979466 ],
20190226,530695031,1018,1551223250.21741,115.700778681436,57.9030588894739,1203.65339596721,[ 38.58862114  59.1914371   76.65925738  95.9429225  116.62970788,136.60887854 157.19995327 175.11856174 194.74231031 215.72997162  232.7355291  254.14434872],
20190226,530695031,1019,1551223266.25109,117.666010579622,57.2478158377828,739.947335039581,[ 19.7598899   38.76960296  56.85507402  75.83957368  98.00613376,118.22487596 137.55114078 156.37338236 176.0534379  194.6126786  214.23162184 231.89022518 252.25576711],
20190226,530695031,1020,1551223281.40019,118.100508530729,56.1065631919206,518.48633472242,[ 20.17613122  40.02602246  60.06365692  77.22814362 100.49936548,120.08234981 138.62290887 160.31027399 179.94439277 195.94627156  216.2568342  235.55821965 253.19739707],
20190226,530695031,1021,1551223295.81116,118.49585867139,56.7376173672534,576.179404493446,[ 21.4067187   38.51924091  60.68485591  78.82794028  99.64051345,119.98584563 140.34199091 160.24535291 179.26671159 198.10625325  217.42819806 234.52491817 253.95454739],
20190226,530695031,1022,1551223309.85786,117.483358759777,58.4473331461505,991.661405694884,[ 18.37914238  39.79781646  58.09212181  76.12415367  96.17687985,118.32754103 133.56842019 158.04352397 177.1466957  195.00825234  216.10547069 237.51092559 252.87613523],
20190226,530695031,1023,1551223320.99345,116.14949795605,58.37581337641,1552.13279306292,[ 36.28107566  57.32580918  76.37506791  99.26365213 113.69238163,135.39690892 151.14111285 171.42885156 214.24628653 232.98905612  253.37987334],
20190227,530706111,1009,1551228089.0021,114.612847710806,51.267048458373,1391.08470670884,[ 59.05713707  79.14189474  97.06255635 117.81670946 137.19867142,155.83826543 178.35685638 196.90383159 216.9481569  235.65969196  18.78958352],
20190227,530706111,1010,1551228103.77577,116.342296262951,52.0083738019607,969.489588269471,[ 19.26151172  37.87927193  59.27703168  77.89455334  97.40403553,120.836435   136.33801112 157.22166135 177.91364793 199.06814767  217.61450146 237.02481535 256.56423141],
20190227,530706111,1011,1551228118.99978,115.775446279024,52.4046297493435,606.115968791713,[ 18.07004965  38.16950102  58.76733421  77.38806354  98.22366808,118.54342946 137.51791137 157.64686881 178.19320777 195.36806709  216.17682846 236.32490728 254.42577699],
20190227,530706111,1012,1551231131.07429,117.372283991146,58.5928138818632,445.720555689366,[ 17.71515537  40.18209983  57.65295194  78.90072339  96.5937038,116.92199431 137.14047385 157.44491279 175.60420482 195.68401322  213.31618817 235.04534659 253.15844381],
20190227,530706111,1013,1551231115.97833,118.37284289429,58.5690140346966,422.448546237511,[ 21.65253285  38.06973275  57.77413822  77.17384247 100.96809555,115.62544955 134.57737084 154.42620495 176.46111661 197.46378946  218.38727207 235.72140036 252.62569297],
20190227,530706111,1014,1551231099.09957,117.724138795888,58.2340180165958,657.319477821286,[ 37.24326141  57.43320689  76.43139825  97.90237531 113.73009624,153.92413272 171.2157452  189.62821562 211.08823838 231.22384795  256.4862998],
20190227,530706111,1015,1551231083.71154,116.719219810964,57.4459844640609,897.999608673663,[ 42.75341552  59.45260517  98.44198882 118.82160564 135.35887834,154.84184483 175.2553447  195.85559944 213.54211837 236.31549869  254.62902774],
20190227,530706111,1016,1551231066.73923,114.715464384766,58.4995831673777,1248.36150070432,[ 40.0591169   58.03341232  75.73147792  97.61004973 118.25960105,134.39356516 155.41316458 173.06473371 196.84179443 215.07996863  237.00897302 253.12933892],
20190227,530706111,1017,1551231050.15673,113.681080489052,56.6606960338004,1259.53649902528,[  8.77076669  40.08293704  59.04314065  77.85060325  97.27739265,121.03613234 134.62496473 159.16729238 179.83556223 197.35355863  216.14642204 233.43810716 253.22306746],
20190227,530706111,1018,1551231034.54058,114.470828837818,55.537234426905,1447.09105220296,[ 37.93906265  58.85027587  75.33730014  97.56044878 113.52479103,134.62561761 153.04156382 172.33415643 214.27994953 233.61040804],
20190227,530695031,1021,1551225979.28153,115.67264769091,59.5226679730074,1544.83600415685,[ 38.60685031  56.51423845  93.91106167 116.56158676 132.81079127,154.77686474 171.90073324 193.49582069 213.4456556  236.84806263  255.55231204  78.8254299 ],
20190227,530695031,1022,1551225970.16048,116.781370155882,60.2238053499728,868.522178896841,[ 36.72713476  59.7670512   78.76212475  97.56605189 119.17239727,136.54895217 157.09600195 179.40421037 215.67887402 234.98709041  256.262547],
20190227,530695031,1023,1551225962.49251,118.005299210825,60.8150238744238,434.609575512152,[ 60.28914027  79.01499144  99.07386169 119.92098111 137.06958797,158.86879505 178.63285945 196.93742552 215.14692962 235.38595482  254.29378587],
20190227,530695031,1024,1551225955.65821,116.813062737856,61.1995117630651,1157.696376158,[ 55.03525886 117.0363112  138.79708268 158.24322741 177.56777214,196.7712428  214.67275124 236.61958267 253.83024098],
20190227,530695031,1025,1551225948.04895,112.357692578457,63.7908392675432,2350.67371869571,[ 58.48883571  97.20457569 117.28956761 134.69311499 154.26008115,174.84748307 214.71352461 237.61904496  37.31410504],
20190227,530842926,1023,1551293345.22942,115.490553774367,70.8928803758164,2007.7333420614,[ 36.61477805  57.98269326  72.66611627  93.34906873 114.38647872,129.52563269 151.60679529 172.04626007 202.7231114  182.96482297  223.79907393 242.73163901],
20190227,530842926,1024,1551293336.11715,116.610563611451,65.7345481594505,893.480042901761,[ 35.32896728  58.01563801  74.10589908  92.15768774 114.57814572,130.01001009 152.90282568 172.6081932  187.92839916 206.56068902  225.58918104 244.05726257],
20190227,530842926,1025,1551291031.39222,117.455397852802,54.2756024151071,668.018121853069,[ 17.49342776  35.97153135  53.66070042  72.75792649  92.12223813,111.13587741 131.64963179 146.03215626 166.64846086 185.65868226  210.55314457 231.27171871],
20190227,530842926,1026,1551291047.71848,116.044366180363,55.8552967707615,944.997785395714,[ 38.21293983  57.03927013  75.26322507  95.63423684 113.89169645,133.52539656 150.86618883 171.68681263 192.09327848 211.47099046  229.71314221 249.72001756],
20190227,530842926,1027,1551291064.34406,115.283838321039,53.9807001427587,1091.41934811205,[ 36.88561702  56.62969184  75.05581489  96.27983735 116.11165936,131.21565746 152.65008772 171.89017325 190.22594935 211.60591023  230.79195792 248.05476988],
20190227,530842926,1028,1551291080.94407,115.127965915776,54.0929721346564,1354.93103823513,[ 38.55367619  58.26551356  73.9537099   94.78865431 116.24820823,133.18210778 153.02330447 174.21035815 191.6893246  211.09115554  229.85124935 248.5116337 ],
20190227,530842926,1029,1551293268.15757,114.514992487596,63.3102057303668,1538.92134976709,[ 37.03879459  57.27818086  73.0643694   93.69879598 114.06544477,131.60474941 153.18328774 173.26713088 187.21225549 206.28546981  222.22236959 242.12877052],
20190227,530842926,1030,1551293259.20058,112.942392930907,64.1902555188034,2177.09555139275,[ 35.97898497  56.45098038  93.89081043 112.2026037  128.40217264,149.90182756 167.4595572  204.34658754 224.02287843],
20190228,530893864,1015,1551316020.76707,133.365489173925,124.334944743218,5542.73989143085,[ 88.01164283  47.16136894 104.18911573 118.25488801 131.57483187,178.35684427],
20190228,530893864,1016,1551316001.43562,112.480666239719,70.6601300931465,2575.99021229033,[ 97.70683225 117.8941774  128.71581317 148.5578971  169.15965572,205.71262294 225.01024431],
20190228,530893864,1017,1551315983.45683,114.305064814593,58.5775903417406,936.743532291892,[ 56.74875145  74.74889089  96.01787859 113.25065634 134.53902068,152.2751042  171.60855556 190.99487114 212.15283008 229.4967605 ],
20190228,530893864,1018,1551315970.6418,115.880464476499,65.3040323119385,681.98545295499,[ 74.61801249  92.95234889 112.66850857 132.58501436 152.42463025,171.44456473 209.04063786 226.7632245  244.99359517 187.98226256],
20190228,530893864,1019,1551315955.07719,118.687574443896,62.1639777582636,242.576762191311,[ 56.38499842  76.72929926  94.82076826 115.66129781 133.9820133,151.90178829 173.99132558 188.45721204 209.60698599 225.83103955  246.22605044 265.14014679],
20190228,530893864,1020,1551315940.32658,118.124011262672,61.8387742563303,241.660389050407,[ 39.36188814  58.68345188  78.24531173 115.20699206 134.14837737,157.22821821 176.5880436  196.35851019 210.81234981 228.39430561  245.81957938],
20190228,530893864,1021,1551315926.93345,115.992764203019,62.5586490303267,620.658146915722,[ 40.2537926   57.38648639  75.68201122  96.0526257  115.02931802,132.24711906 153.91650178 169.59510004 187.86832307 208.8708884  226.56625084 245.09187006 264.73206376],
20190228,530893864,1022,1551312198.23573,114.632215925776,54.7689010430311,884.025990665356,[ 40.70334502  61.5756946   84.20438256 102.98636117 125.96108633,145.42916368 168.06171226 188.50946163 206.66254133 226.49997209  246.74936968],
20190228,530893864,1023,1551312200.63437,118.782899596295,54.6013947458749,1026.03531309708,[ 41.50631183  61.3611841   82.09187001 104.58599324 125.73092387,146.74175701 166.7444478  187.60666377 206.58845991 225.39245229  245.31265761],
20190228,530893864,1024,1551312201.27916,121.877648236475,55.3226554574935,1789.05097451103,[ 61.21739515  80.59729521 101.15053519 124.23754441 144.58129273,165.8098598  188.02594566 206.56789675 224.58114889 245.85308829  60.99181904],
20190228,531043310,1007,1551387323.35701,110.731311606263,65.1120623071094,1759.81312895252,[118.74881182 152.82869888 171.56462922 231.82793354,0.20164914,21
20190228,531043310,1008,1551387305.50483,115.095726012554,63.7868032470676,1484.97325945138,[ 98.62326285 123.83050745 177.45982983 154.87379156 232.87468866,76.90117115],
20190228,531043310,1009,1551387296.48319,115.405196601332,61.8470969557617,926.435687721122,[ 97.41710998 121.61793396 134.70368933 156.90902442 175.89386111,212.2085637  232.5712162 ],
20190228,531043310,1010,1551387285.55408,114.923383531033,65.0399458895603,1032.33010273705,[113.13233781 153.90632092 172.86630973 232.13298372,0.37213035,21
20190228,531043310,1011,1551387271.94426,116.185554223377,64.3396091558555,885.375778376669,[ 37.85072458  56.76592593  77.54127251  96.27355828 116.86212306,134.43912907 153.2010657  173.44510197 212.98679555 232.76118637],
20190228,531043310,1012,1551387257,115.5650296927,64.0120748950565,779.335793743884,[ 75.06119765  95.16957257 115.31796536 132.59070334 155.42395825,175.80527714 229.06573833],
20190228,531043310,1013,1551387241.5893,116.965197055503,53.7058537327954,509.681638845057,[ 76.80442656  98.3977646  116.57764837 137.05977806 156.02952086,175.22353216 210.49986939 230.42457921 192.77763142],
20190228,531043310,1014,1551387228.49406,117.531460899302,59.1944097523656,834.718727773881,[ 37.87152746  57.68655447  76.13078185  95.47486126 116.21837713,133.69922363 154.82224461 172.28740984 187.80490298 207.80608885  229.03263358],
20190228,531043310,1016,1551387199.55038,107.035653685123,67.7229692972345,2523.82751405452,[ 37.68897545  56.57507328  77.91290416  95.92705413 112.22132094,132.1252099  154.56646785 175.11915419 208.97679247 227.36157508],
20190228,531043310,1017,1551387172.01317,115.196282447933,61.105722194349,1142.24106674993,[ 56.3060228   77.16311643  98.30077118 116.81608708 135.0400206,155.79977851 176.41683113 211.98016466 235.51956558],
20190228,531043310,1018,1551387159,117.547875240141,61.8629350883596,537.47029191939,[ 56.58263772  75.46748184  95.23572976 117.99205484 134.30244011,153.09626605 172.45680979 210.38984522 231.28472585 248.90259026],
20190228,531043310,1019,1551387145.02102,118.646268307017,63.4847760941518,245.009435291536,[ 19.03672525  40.11995601  57.56848957  77.00274217  96.96534933,118.89574241 135.23864435 157.4972419  176.07625526 196.456694  227.18603439 249.69151794 190.50381589],
20190228,531043310,1020,1551382661.8575,117.413866190926,56.9650986993491,731.454027827405,[ 21.21331604  39.30429782  60.1225914   79.63383785 100.73037262,121.82598942 138.8369486  159.96461775 180.03849844 200.33625887  224.99796845 247.39592764],
20190228,531043310,1021,1551382676.08679,115.660790578175,56.9094717324808,938.62379860951,[ 36.70644809  56.69319371  78.30347635 100.16386868 121.17158237,138.42896238 159.32998912 178.40877604 201.30078475 225.68350626  246.129793],
20190228,531043310,1022,1551387103.38365,112.262119681594,65.3543151374227,1757.3921504448,[115.3060648  134.58621255 153.73612924 172.86384023 192.27595556,211.88290912 227.87069301],
20190301,531236830,1009,1551473188.14913,114.366011927368,62.1152764181713,1173.85556626658,[ 58.24274483  79.26369766  96.53081055 120.06313115 134.98305963,158.94209769 179.21886762 213.43853869 229.48188245 252.90072365],
20190301,531236830,1010,1551473178.77187,112.688507105231,62.7941138825065,969.735285446585,[ 76.32894946  94.84459239 113.82800975 134.94993152 153.36177057,172.31438273 230.42652921 253.34155059],
20190301,531236830,1011,1551473163.9602,116.248173398429,65.5180890247525,964.292058015917,[ 55.34854261  75.66688789  91.84626383 111.09881995 133.09060754,151.8886027  168.37770801 190.68888066 209.78969303 226.6325593  245.65268602],
20190301,531236830,1012,1551473147.49921,114.612418282893,64.9517164214217,1028.62553273211,[ 37.60714253  56.2455154   76.71087806  95.76735742 117.00609878,136.41111047 151.91458344 175.84108364 188.38544675 213.17398567  231.06939358 246.96189574],
20190301,531236830,1013,1551473132.69379,115.248916344324,59.7252016380852,789.83179541379,[ 58.614659    78.83088456  99.80781361 117.32177544 135.79163222,153.30534224 175.03829802 210.37401554 229.17552807  34.97411195],
20190301,531236830,1015,1551473102.5637,119.654984913583,70.1313675613515,1525.145402002,[113.7475202  132.96356129 152.71211206 171.03696223 206.76542068,219.44931442],
20190301,531236830,1016,1551473087.79404,111.079413592608,65.1409033554306,2342.41220079562,[111.14065557 149.74385106 165.69225772 225.42958109,0.27595258,21
20190301,531236830,1017,1551473061.92856,115.393217165852,63.0380996599873,1932.60108774058,[ 96.68152798 116.87753956 135.2116901  155.42880473 174.7585218,209.16337826 230.20896252  76.21832951  59.99639074],
20190301,531236830,1018,1551473048.01342,115.827082946408,58.8289343218016,781.414651881913,[ 74.47492441  98.0627248  116.25780795 132.40740141 153.77216545,172.69475459 212.69438188 232.37807577  57.67745417],
20190301,531236830,1019,1551473033.39263,117.661423498329,61.1808436638508,468.914839543869,[ 60.36262302  74.3610372   96.38514892 115.35384525 134.99081638,151.58102818 169.85630045 211.9374697  230.07741213 247.98829743],
20190301,531236830,1020,1551473018.74025,117.03845745038,61.5426685243394,276.08888881933,[ 18.842138    34.51359202  60.51571363  78.31084339  96.37790386,116.28813619 129.8226572  153.84139575 176.58550615 203.75611074  225.74991564 247.13049571 188.24043912],
20190301,531236830,1021,1551473003.10119,116.39600911003,61.14461608748,379.225817040415,[ 18.45731541  38.17544199  59.27738861  76.38039229  96.46885219,113.60643383 135.3669362  152.82418075 170.7555473  192.77351727  215.66321479 229.12307812 249.80595373 267.16813615],
20190301,531236830,1022,1551469466.6568,114.443937455071,55.0431460272499,874.498773409943,[ 61.35394507  84.74964167 104.11670693 126.537295   143.33778155,165.8336464  188.02791274 206.86091078 247.95214034],
20190301,531236830,1023,1551469474.08346,116.927554046911,52.787406977717,1169.264290846,[ 17.25984259  39.47464946  61.72441181  79.98440745 105.80768352,121.81646715 144.09487777 164.43456638 184.80852992 205.96497  226.12016476 243.03613991],
20190301,531236830,1024,1551469482.34227,111.615432095933,55.9671135200081,2040.50577212745,[103.08717318 122.78857142 142.82878255 165.99409426 187.03237683,207.05559306 228.8107164  253.26353249],
20190301,531254054,1014,1551479351.18596,110.0881444748,120.094511548561,6851.75513518323,[ 27.48181584  39.52718034  54.85296451  66.91062487  78.67007831,94.68220443 103.0827731  112.84655622 122.39584661 138.17830405  156.22957565 154.16027183 197.00766958 211.77416895],
20190301,531254054,1015,1551479335.06219,114.743546431133,54.3592935083694,615.535635927013,[115.1794029  138.60195303 156.50840841 173.39695979 214.53587674,230.20516045],
20190301,531254054,1016,1551479318.6613,117.892321567953,60.2123036207409,587.977487012495,[ 54.13809467  78.1933168   95.40592155 115.61053325 132.81679416,151.65565342 169.61397997 186.8692459  206.84918245 228.74842579  247.92138739],
20190301,531254054,1017,1551479305.34199,116.368675407774,62.0940931356884,402.377010872388,[ 55.39358449  76.8983092   95.407984   114.15110301 132.34378573,149.08587088 170.98403045 190.59146652 210.14458573 227.37154791  247.00932972],
20190301,531254054,1018,1551479290.59794,118.277769350011,61.2662624352792,304.555062182082,[ 35.69364469  56.58141275  77.01947678  96.09757293 117.03767217,135.41238522 156.01559173 172.54398218 192.19993295 208.80076078  225.06880228 247.75664865],
20190301,531254054,1019,1551479277.53404,117.422211913865,62.1468430944743,868.28037197999,[ 53.12382236  73.28303794  90.03683166 109.57629311 129.3577621,144.04089214 163.25974298 182.813098   202.74649804 224.54544236],
20190301,531254054,1020,1551479257.80587,122.455010521695,61.7115818878961,1252.36962606749,[ 37.41510043  56.55199535  73.5764118   90.4548237  112.09590545,130.43077434 150.00803182 168.2427323  184.22473306 206.1753365  222.12320076],
20190301,531254054,1021,1551476026.93698,112.697632769677,55.0830644114334,1465.06552472234,[ 60.76191559  83.3540092  102.60764628 124.46828876 143.44893554,165.09950194 183.53340056 205.67660772 228.22791007 251.03840122],
20190301,531254054,1022,1551476038.12182,114.938572342453,55.2914231774585,859.343662443749,[ 58.71581881  78.33641295 100.3318299  120.75050068 140.28327632,161.18675221 180.12002177 200.61193668 112.47039467 225.55297967  243.53337755],
20190301,531254054,1023,1551476044.59131,114.516336592771,56.5900064768956,952.709957186742,[ 41.31085699  63.1762002   81.95275459 101.76135236 123.70110519,143.53677502 163.30264739 187.12354513 207.51026617 227.45597409  246.94050251],
20190301,531254054,1024,1551476049.28817,113.173833201352,56.6817227416982,1555.99462751686,[ 60.8585425   82.20853908 144.87446432 165.66421254 187.14356666,206.62154228 227.76768631 248.44054587 125.50020056],
20190302,531272879,1020,1551487232.62148,112.656582615257,60.6882753062699,2416.36439274608,[ 39.16907523  57.47370653  78.47310302  98.36456141 116.57956195,135.91678255 153.42268957 174.140513   214.46178744 237.24879072  253.7727593],
20190302,531272879,1021,1551487217.89882,113.020625020689,58.9973509027676,1743.79335115249,[ 17.76280082  39.11047378  58.58439398  75.30459163  94.77667982,116.79727313 133.76783361 155.85638093 173.97573183 212.97350126  197.14739474 235.53333047 254.12590797],
20190302,531272879,1022,1551487207.01719,114.820573416755,59.2190953056479,1038.99187191627,[ 19.08784022  38.91756584  59.08678777  76.29998196  94.71161014,118.96883766 135.0198212  154.33732891 174.78137451 199.00171616  215.76931694 236.89624913 253.83433829],
20190302,531272879,1023,1551487199.08235,116.755980159128,58.6801491315329,634.828044436909,[ 17.12392266  37.29732756  55.3328404   73.83328705  93.91444403,114.11399298 132.50482166 150.87703674 170.67277764 192.32487697  210.78038925 232.76240146 254.68560356],
20190302,531272879,1024,1551487192.86537,115.949589752368,57.6486245629065,1135.49596557827,[ 38.96732666  58.87420414  76.82731504  96.60366625 117.75585086,139.36078108 157.95855477 177.67746219 195.80940667 215.96191169  233.8761848  252.27835119],
20190302,531417015,1015,1551560051.89803,116.423984850183,55.7523460345293,1288.14996253208,[ 37.34162296  56.66554016  77.03498208  94.20815257 117.7270211,132.47601675 152.97416507 174.33573135 193.08677453 212.53359888  229.9184048  252.79744624],
20190302,531417015,1016,1551560067.90768,116.420350303854,56.8876054431654,1176.71432256856,[ 53.4201905   76.30638232  92.19741873 113.65268239 131.38721671,150.59960947 170.12659427 188.01616531 209.29983676 230.95981985  249.10745512  37.17974303],
20190302,531417015,1017,1551560083.12849,115.426893495639,57.5319224387123,889.542035020677,[ 38.17141951  56.38750181  73.80228909  95.09626335 117.90930251,133.32706786 155.87383399 173.22353594 192.95278477 211.23986496  228.25494838 248.58496947],
20190302,531417015,1018,1551560096.37204,116.698649483113,59.194728998595,713.576507713098,[ 18.40845769  35.89326197  56.93072964  72.9037945   97.99095653,117.38272919 136.12043717 155.05842952 174.87102511 194.58849818  213.9015196  227.36001178 249.92455402],
20190302,531417015,1019,1551560111.07405,116.706380943111,59.5463952761155,764.914208638405,[ 37.96204335  56.67195057  72.78413579  95.41099906 112.98693309,132.12955479 153.50098412 172.3052587  191.23818478 210.92465042  230.61407105 247.90811628],
20190302,531417015,1020,1551560125.74073,116.903149749627,58.6058593461283,807.883859555319,[ 38.31122348  59.57289128  70.00116711  98.07513018 117.45385645,136.49371264 155.9161092  172.9871399  193.76827172 211.61282805  228.11797957 248.40389865],
20190302,531417015,1021,1551560138.98331,116.415728785322,58.5833126146947,1181.68447166692,[ 56.73968933  95.16003902 111.32992055 132.58906706 151.16352647,169.09282643 189.01809106 211.01505809 227.49985818],
20190302,531417015,1022,1551560150.43962,112.63171093036,59.6419638929766,1904.05413334827,[ 94.59546112 118.79086333 134.43469202 154.97584377 174.30057447,213.40766517 233.08336319 250.5693467 ],
20190302,531424585,1014,1551564685.6598,110.986478869433,56.4384819081287,1676.57497894109,[ 57.82194854  76.24581492  98.434464   115.45712467 136.26714022,154.2294015  176.67017701 192.9069324  213.71728958 231.73259353  250.40883692],
20190302,531424585,1015,1551564675.50424,112.96775138693,57.9593225437405,1138.10156727193,[ 37.54542629  59.15970999  77.90883084  94.93581583 115.15040834,132.84986962 153.81305226 173.52652656 211.97887286 233.15199891  251.80812859],
20190302,531424585,1016,1551564660.85498,115.390887623495,57.938435706959,770.937628755933,[ 56.68977166  77.40164921  96.34231607 115.31278406 135.32507209,153.94767531 174.55592151 190.6957493  212.68223604 232.99435371  250.64985605],
20190302,531424585,1017,1551564648.59768,116.948856436435,56.9382039710239,427.852334693343,[ 19.06206608  38.68851511  60.38098864  77.67503695  95.81355103,115.00147921 137.25381253 154.33853978 177.79463272 190.71362184  212.146139   229.83754732 250.50011121 260.15474757],
20190302,531424585,1018,1551564636.21974,115.896061637529,56.5412578989156,659.307800031562,[ 36.03010307  56.9570476   77.61610412  96.70404882 115.42785539,136.04002605 153.90013375 173.75109069 193.60315507 212.99855801  229.01886896 247.62164906],
20190302,531424585,1019,1551564622.38556,115.983760422382,54.4633106399648,1075.59021506877,[ 37.60007454  56.95581668  75.30928528  95.03601313 116.31651883,133.55650938 154.0189719  173.01002652 190.47338097 211.0634634  230.15923893 250.02178466],
20190302,531424585,1020,1551564607.55444,113.4450894404,55.7613907445564,1877.49061213811,[ 36.87790265  56.50456337  74.85603206  92.73400596 114.19714701,130.55384157 151.34134959 170.02983219 186.77381151 208.42095944  230.23668424],
20190303,531583949,1015,1551651942.07382,111.898497122881,52.0926934947203,2205.89270999406,[ 57.55996057  77.11294338  97.73955606 115.52104409 134.49151527,152.74809413 173.45976007 191.61807349 210.40731291 233.55662822  248.12550873],
20190303,531583949,1016,1551651960.26692,112.613937738842,51.909908437486,1975.77053305608,[ 58.2266073   77.72355708  94.15838338 113.85127084 133.30919094,154.42276627 172.92742459 192.10025788 210.50958362 230.45478085  248.13909311],
20190303,531583949,1017,1551651978.32148,112.266368474631,52.0218403214612,1663.54021171842,[ 35.99852095  55.65932115  74.31970392  93.47625304 115.451024,131.47953484 150.80963486 170.27642871 189.48682788 208.65724879  230.11749946 245.89927937],
20190303,531583949,1018,1551651992.41786,116.2941901599,51.5342781948507,1287.05988663327,[ 56.85116606  75.92160289  94.77171056 113.55967717 132.02948007,152.35440305 170.43141063 189.52082153 209.60377278 229.16508971],
20190303,531583949,1019,1551652008.25992,115.063436037474,50.6210235186127,1109.10083183374,[ 39.67845983  59.6603226   76.48941715  97.55135631 117.52848695,135.70285856 154.26621923 175.91998971 193.90077951 211.84385351  228.88564541 247.306611  
20190303,531583949,1020,1551652023.77835,116.906930445091,50.3596729591098,1233.78323136195,[ 38.62061451  57.26653857  75.31614492  92.87375658 116.14698078,133.79485852 152.26144807 169.73401697 189.19265057 208.08719399  227.99826026 245.85378999],
20190303,531583949,1021,1551652038.52708,113.60991513524,50.3399128381608,1553.69318661388,[ 38.7481913   57.05649449  78.07205559  93.98187223 117.06272747,137.57854321 156.76901582 176.92354718 191.93227864 211.45990315  228.97329068 250.22773113],
20190304,531605202,1008,1551662328.66707,113.286950365415,47.8919948051432,1480.72110858915,[ 57.22278793  96.26745109 117.87815594 135.00066182 156.08676171,174.67898394 190.86471158 211.90837953 231.03705765 246.19703052],
20190304,531605202,1009,1551662341.78808,114.756340627278,47.9931290684803,939.001532423948,[ 57.88109269  75.88399806  96.83784783 118.5680455  134.51110214,155.44027764 174.86305128 194.01534303 212.44835642 231.71660432  253.26070906],
20190304,531605202,1010,1551662355.21397,116.679095152208,50.6236950821989,765.358014916858,[ 37.97962216  58.23425403  75.75343961  96.11255096 116.09521359,134.03244546 154.7315529  174.82258879 194.46228241 213.90072806  232.71345672 251.72984629],
20190304,531605202,1011,1551662369.82168,116.146049604484,51.1780905022864,695.31860071764,[ 58.01804786  96.76129117 116.32047367 136.85285327 156.00265976,175.13630517 193.70000884 214.09763484 231.86187733 250.59695739],
20190304,531605202,1012,1551662386.60472,114.534125295964,51.9463354459261,1013.2580873202,[ 58.22488085  76.92913287  96.77451172 117.69684404 135.97841331,154.44113672 174.6935157  194.08285708 210.0255984  230.2934651  249.90299897],
20190304,531605202,1013,1551662403.47887,112.966347434641,52.8139753573479,1293.36099973325,[ 57.83778855  76.30171492  96.44898932 117.23947937 135.67983312,154.42325282 172.9686261  193.34237443 212.62041808 232.33024866  251.2670931],
20190304,531605202,1014,1551662419.68571,111.442627778746,53.5623314238053,1780.35905194505,[ 36.48039542  58.07296605  99.15968376 116.81854992 136.66648645,155.26574867 175.02195564 193.96155913 214.94555011 230.70799781  250.52115355],
20190304,531605202,1016,1551667479.15721,110.449466070335,64.0276581799298,2504.86685098698,[ 36.31329883  58.88349714  77.36169055  95.80317834 115.89592574,133.72951206 153.84183533 171.06860351 191.86002885 212.49905954  230.55803585 251.09328766],
20190304,531605202,1017,1551667463.98752,112.432150262085,63.6996554087808,2026.16723462947,[ 58.5381957   74.03655037  95.7144908  115.36451767 134.07299156,152.74779143 174.65744222 192.80757161 214.11512783 233.80645572  250.03582578],
20190304,531605202,1018,1551667449.69497,114.188868416387,63.1011166733415,1634.84927470791,[ 36.83034968  57.52570537  75.85333246  98.03202382 111.95499949,136.34483357 150.70071195 167.48498965 193.83736548 211.52604234  231.05154276 250.65340653],
20190304,531605202,1019,1551667435.79814,115.712139189997,63.3470344052316,1393.4945977905,[ 58.43146824  73.64675671  92.94948658 116.68581574 138.0997281,150.71814651 172.15713889 191.55469677 211.71722954 228.83868643  249.42228274],
20190304,531605202,1020,1551667421.7611,114.547694835646,63.1038228053432,1261.9256716689,[ 36.08581968  57.97245853  75.49802286  99.69617733 118.0579188,137.98271231 158.78487393 177.64081264 193.65245945 211.93676964  230.09011663],
20190304,531605202,1021,1551667407.52831,115.668888872562,63.3540337529346,1240.00886130698,[ 37.06025466  58.69973014  76.63778308  98.15710201 116.77016061,136.94051862 155.99933935 172.11724723 192.61363731 211.67956348  230.85205795  19.15824244],
20190304,531605202,1022,1551667396.27863,115.183293760548,63.022746163228,1606.58206541711,[ 37.62891118  56.58341675  97.35442382 117.91354674 133.93235104,155.25520866 173.79207759 192.85869441 232.9929215  210.49346458],
20190304,531605202,1023,1551667388.6874,114.465925325023,61.5971775877723,1907.54586839675,[ 39.13722257  58.15976573  93.98426665 116.14531453 134.97676529,153.59442345 173.22329293 192.08883961 212.6153231  230.51635438],
20190304,531743626,1303,1551734734.29255,113.174597945965,58.4919306712572,1611.91225516266,[ 37.52569689  58.42856073  73.18614197  96.13892793 114.58740204,133.10601248 152.8418867  169.1745191  190.20473103 209.29886669  229.38793347],
20190304,531743626,1304,1551734726.97116,117.47968205543,57.3722540088259,551.524089010245,[ 92.93478771 119.02505021 131.74588697 156.19699802 175.43676546,188.0209177  209.41884408 225.79873408 246.63842342],
20190304,531743626,1305,1551734733.67113,117.453095681363,58.9041981226901,878.245170033245,[ 93.92194234 111.10929515 127.59882603 144.99497782 165.95787794,183.06562761 201.60448576 224.86108696 240.49965115 261.6224482 ],
20190304,531743626,1306,1551734731.76139,115.549131378066,58.3358424774725,1436.4738670342,[ 57.18186484  74.22791801  95.33992123 115.21624338 132.49647526,152.68705441 174.02201338 190.23581754 209.54384975 225.71343651  244.5281145],
20190305,531901801,1006,1551811067.97662,116.034248519354,56.7693110555473,1677.73568332844,[ 57.08007049  76.17493478  93.96627311 116.01516962 134.97696255,153.80419694 174.63251811 192.32302276 210.93410015 231.66104868  250.64283519],
20190305,531901801,1007,1551811051.51564,110.400931899492,58.0207520563062,2013.79263589972,[ 57.8360259   78.62025135  97.50029075 116.45632336 134.66624549,158.62993284 172.36096531 195.72182729 216.22054606 233.70102521  250.07312592],
20190305,531901801,1008,1551811029.69915,114.824642542391,55.4243697710037,1705.32334618119,[ 57.05673392 117.2098037  137.02103444 155.53377271 178.17211052,215.37648786 231.45283169 250.95242822],
20190305,531901801,1009,1551811018.37343,114.170724610107,54.6760959618565,1019.31690502379,[ 59.49192584  75.54451322  98.3754869  117.51531567 136.09726834,177.28330603 214.12209021 232.43799793 252.06759933],
20190305,531901801,1010,1551811003.26907,117.465222997723,56.5926337668681,741.459750648676,[ 38.11627986  58.55753009  78.07175371  96.4398816  114.42505177,136.25019613 153.65545549 175.43635549 193.59495984 213.74947267  231.08067344 252.32483872],
20190305,531901801,1011,1551810989.25168,118.328242579994,57.405739907987,515.570113638168,[ 15.7255882   38.32728441  59.14085731  76.50917269  95.2756551,115.80293245 135.43731701 156.75977149 177.98482604 192.28765391  213.53106224 231.65130738 251.84406396],
20190305,531901801,1012,1551810973.14073,117.840439062346,58.0452276996177,764.335125086551,[ 16.3357073   37.49171057  55.94943974  76.45939099  94.57261122,113.82257841 129.98866981 149.89170392 168.94444941 188.80707321  206.31987103 231.60430898 249.35248583],
20190305,531901801,1013,1551810956.27071,116.379267818158,57.4950455241648,943.232497329129,[ 18.64553636  59.60400383  77.6933444   99.30982432 118.53584755,138.46237785 156.86257117 177.95940866 196.52620937 213.34323338  233.46284801 252.42566526],
20190305,531901801,1014,1551810939.03921,115.670319215293,57.7783035510169,1293.59286035161,[ 39.67586932  58.50763925 119.58019531 136.28975602 155.44717546,174.05873383 192.64336241 211.94857601 229.64965232 252.56809895],
20190305,531901801,1015,1551810923.04291,113.192082409345,57.0585339649929,1555.38466109256,[ 57.10933402 117.06920507 137.0438272  154.31584162 173.47936464,194.15266481 212.1887246  236.00602936 252.83353708],
20190305,531901801,1016,1551810904.3737,113.176804763814,57.3817583246941,1690.24548625407,[117.36711632 157.13862902 177.91737757 216.81551785 234.88216096,137.02905075],
20190305,531901801,1017,1551810888.43498,111.870778698137,56.1637659571513,1817.69010739572,[ 37.91522663  57.68367102  78.43739683  96.96923228 118.24809693,135.81596118 156.08527145 177.62369319 213.09415304 233.41775501],
20190305,531901801,1023,1551807792.3232,114.223840247042,58.6228320737893,909.741703034741,[ 19.91378091  38.68693687  58.18662428  75.37434491  97.12607961,119.29727841 138.3997415  157.62244027 177.3708476  195.84832344  216.3647662  234.22090489 255.79119699],
20190305,531901801,1024,1551807800.3788,114.61949035218,58.4319315479223,735.548326908489,[ 17.47326275  37.10703521  59.85455984  77.36311835  99.87716935,119.39469104 138.99072873 158.87570224 179.82187045 197.88817758  216.32720047 233.69096936 254.89556305],
20190305,531901801,1025,1551807809.56134,111.688638244809,60.2659095256711,1635.74163177194,[ 37.76866982  60.08448001  77.93538276  98.44386872 119.57120218,137.68012113 158.44951275 178.13978555 196.77254662 214.53369138  233.75034702 253.39189938],
20190305,531901801,1026,1551807823.75255,110.940517706333,60.2725483389007,2330.51985470232,[ 37.84880284  60.64158223  77.0153249   97.92046876 118.76326447,136.97825132 156.62791583 176.94576957 194.78067192 216.47955336  235.10434644 252.69756679],
20190305,531774192,1019,1551745413.50437,115.33892133455,59.4704546135111,2335.92929896309,[ 38.4098324   56.82563896  76.42711772  95.49360019 114.76375812,135.29252599 156.62948536 173.26124226 193.17672952 214.39754725  234.72926738 250.14166377],
20190305,531774192,1020,1551745431.22282,114.73221920653,58.8425438242657,1766.41489084815,[ 37.86752754  57.65204966  80.49947462  95.81658575 116.65051926,136.97807519 153.36395865 174.68702531 193.92350802 212.19855168  235.76921316],
20190305,531774192,1021,1551745448.02638,113.823555914922,58.0821308709472,1326.39837509135,[ 20.90019274  40.08240679  59.53786629  77.67386671  96.63486218,121.6628802  139.77499483 160.0141095  179.07039892 198.45112056  217.10067221 229.80195995 250.22659288],
20190305,531774192,1022,1551745460.40545,115.252568219601,59.2544554568869,1034.1912699667,[ 37.63716376  57.17348421  74.40523926  93.76853308 111.78752182,132.06492471 151.42198867 167.91104348 187.2881303  211.69020583  231.81797222 252.13630456],
20190305,531774192,1023,1551745468.19414,114.884173372402,59.8333881678785,1187.70782992238,[ 37.39803686  57.73728756  77.06138731  97.13172966 115.28102925,134.6950985  153.89887385 173.77997923 192.07856321 213.70978859  234.84843832 252.83728142],
20190305,531774192,1024,1551745474.21941,111.925388256487,60.0694116124525,1942.42797601473,[ 38.33346473  59.11976211  76.34080796  93.05579483 117.55333351,135.49572736 157.67148428 177.65663238 194.53496081 215.34859544  236.0675974  253.01692102],
20190305,531774192,1040,1551747860.99702,114.361241034715,65.7832614658512,2594.90567903131,[ 35.04326698  54.75904468  74.14348513 115.84013869 148.10222706,168.82243151 226.29771288 246.48913644 202.28770575],
20190305,531774192,1041,1551747850.59696,113.606168517142,62.3710783532324,1401.83169997833,[ 54.91604643 111.78856483 147.32628364 164.94116456 184.41773072,203.22207521 223.98507899 129.96110323],
20190305,531774192,1042,1551747836.87324,115.769961042796,64.066690141641,1108.13022748532,[ 35.02803231  57.17228105  92.71228795 112.3538098   71.29180311,129.98015448 151.06533943 168.00073055 187.63940194 204.49827427  226.53062294 245.6099631 ],
20190305,531774192,1043,1551747822.40993,116.923977650219,65.6796742072656,1041.83054922063,[ 35.72004238  56.16020126  70.74480587  95.10995654 110.75419379,131.37160164 146.37371859 167.13418698 184.69441429 202.91749869  221.74662866 240.62574088],
20190305,531774192,1044,1551747808.26278,117.254453557805,65.9960810139697,975.754615041481,[ 54.90097547  94.57220135 113.43883174 130.21084867 148.32557187,168.30863909 186.53293204 205.14574917 225.01759806 241.90152639],
20190305,531774192,1045,1551747799.86999,116.291707213386,65.6336203392414,1116.96120047587,[ 53.53163566  71.26238242 106.87035294 125.56981542 147.24168756,164.66933844 182.81942498 201.71516742 222.51438948],
20190305,531774192,1046,1551747793.55853,112.897678168101,65.4536076457672,1758.57465135672,[113.10408854 151.10452165 170.60894052 189.30323614 206.91584252,224.3389178  245.91699013],
20190308,532501367,1305,1552077850.99298,114.621688667273,55.0264047328311,1890.18827900304,[115.9030507  154.80194895 174.80096999 192.04211448 213.26961792,231.93118981],
20190308,532501367,1306,1552077854.18801,114.96757081344,54.0939498593114,1096.69225877177,[ 56.90894562  98.62984829 119.02811278 135.75018012 155.36370494,172.59374672 196.38592808 218.15130597 236.00352734 251.90953105],
20190314,533421550,1002,1552529076.63232,125.249293123361,35.8213473210846,478.585245003749,[105.04679362 210.36632019,329.212],
20190314,533421550,1003,1552529068.31624,117.28584760721,57.8074598197333,468.428658690814,[ 55.60998638  91.52876783 114.59058751 144.77145911 168.90204619,221.0902856  240.96786329],
20190314,533421550,1004,1552529056.97796,117.300411681271,58.7475199241888,297.060872528046,[ 36.0727479   58.63460103  73.19824095  91.11994211 113.7655194,131.478004   149.63601033 168.72353474 183.63941605 199.90899516  225.22500631],
20190314,533421550,1005,1552529047.25125,117.002720328585,58.4590108778114,862.253769702327,[109.40303636 221.97819084],
20190314,533421550,1006,1552529039.64482,117.53163571707,141.71346069158,-3052.54190788284,[112.10634586],
20190315,533770152,1005,1552685679,118.818968043802,70.6832425084492,1834.54946986373,[106.91883818 162.34322999 219.34905666,0.71589662],
20190315,533770152,1006,1552685667.27378,114.669892543826,70.9354329972723,1861.10993378891,[112.53632541 167.56574788 223.24345487],
20190315,533770152,1007,1552685650.87141,112.062730283262,78.981457031254,2510.10850475859,[110.39708385 150.12460797 169.87302226 226.15378884],
20190315,533770152,1008,1552685636.87251,112.305190524705,82.2245335113279,2373.94778414382,[113.12646374 169.49710319 150.32522538 224.07518076 206.89210578],
20190315,533770152,1009,1552685624.09593,114.352917152011,72.0042097769607,1094.02099130885,[112.48685202 229.10860848],
20190315,533770152,1010,1552685609.91616,117.114090889698,70.7828086381862,589.552884019517,[ 37.78495343  56.88647921  75.76664432  95.83275881 115.89525242,135.45112405 152.60269483 171.56614487 193.56710129 210.34434728  228.00349291 246.84503782],
20190315,533770152,1011,1552685597.36951,117.479726907605,68.8098180797673,348.503445164117,[ 58.18131595  76.07353036  98.30769673 111.24454414 131.87471691,154.15413128 173.15143436 192.78907058 229.99321869 249.77495532],
20190315,533770152,1013,1552685569.83749,118.344413928187,73.8973011583773,388.063303254016,[ 74.01429511 112.90669732 132.09428601 147.01117509 169.61017493,188.41861873 207.83489546 228.12101888],
20190315,533770152,1014,1552685557.32695,118.147511896962,73.8768018089381,459.961736004032,[ 56.77295821  76.24105138  95.269968   115.13823692 133.38319603,154.23051548 172.1943716  187.76712229 227.85028282],
20190315,533770152,1015,1552685542.58335,118.326000109695,70.2967377549985,448.165107837842,[ 55.17872913  76.01106952  92.6640874  114.04660396 157.74236935,168.65082092 188.82989262 207.70473493 228.14905543 245.35442755  265.92487505],
20190315,533770152,1016,1552685529.78334,118.127956833096,71.7217011354122,499.558236863074,[ 37.05854072  57.89675616  78.92040044  99.0952154  118.44466407,132.47951411 155.90604085 175.3046472  187.64452042 209.60127702  227.17133858 247.70173764 265.03859435],
20190315,533770152,1017,1552685516.19845,118.417122073831,67.7433250201513,456.119448708208,[ 34.35662894  52.80545919  76.66584196  97.44634126 115.90183001,128.99514341 154.02359463 174.43187102 188.36495845 210.3941867  223.6075961  243.59070217 262.99443789],
20190315,533770152,1018,1552685504.00836,116.906785881573,67.0599786013129,448.656304671354,[ 57.43200135  74.47977441  94.84262708 120.66838776 129.84158401,155.539632   171.22495207 188.16040288 206.73445732 224.89893324  245.49979092],
20190315,533770152,1019,1552682518.59523,115.538017874263,56.4892664438906,1083.62309343986,[ 58.02206419  75.41739513  94.21774179 112.89874133 132.82913055,147.67863583 168.35836181 188.50038591 207.82340773 228.99941985  247.25936937],
20190315,533770152,1020,1552682535.67105,115.169107796922,55.1113313876434,1111.68403927631,[ 37.63397229  17.43697072  56.77182164  77.63446518  93.61179046 114.55295099 133.59988289 153.12145771 169.74483784 191.66414938 210.61713344 224.18605377 245.48122572],
20190315,533770152,1021,1552685462.57031,117.632585850266,65.0791674283882,722.288427041089,[ 57.89600945  73.17048069  94.06723168 112.36644892 132.02750722151.5771525  170.23191889 186.67835599 205.74605405 224.96094364245.76231861 263.99860881],
20190315,533770152,1022,1552685448.10674,118.401644716821,66.1184118646192,759.537337178975,[ 57.50931575  74.86103344  94.22701664 114.99309878 135.62106986152.17682364 172.61104376 185.74887609 207.47330486 221.05298056243.69705008 262.37211691],
20190315,533770152,1023,1552685435.11002,115.96998700006,69.0326261824326,887.490840016846,[ 56.70679077  75.29674774  93.39730467 112.81466948 134.30785536151.31644787 170.84139036 192.03980337 208.99927118 226.16459907246.94849929],
20190315,533770152,1024,1552685420.97474,116.152227307569,67.2145586624132,867.011343808995,[ 54.78696907  73.34446152  92.46148723 112.84032016 130.87742838151.18972294 169.21241986 188.33992356 207.36142011 224.6184496243.7806717  263.30234402],
20190315,533770152,1025,1552685407.16065,112.906165423149,69.8557472903318,1262.06761714689,[110.52643488 149.0815642  167.97619428 191.57315296 210.6843018225.77756645],
20190315,533770152,1026,1552685388.37998,115.697298882452,66.6255861110356,953.655282369154,[116.83366552 131.62720254 152.36812    173.56921199 190.88014929211.27755218 227.89183265],
20190315,533770152,1027,1552685375.20154,115.257209675113,66.2328075323678,707.096005720687,[118.3444778  133.90003622 155.9776454  171.81247536 191.20969027228.37259709],
20190315,533770152,1028,1552685361.01082,116.365602983233,66.6149427762732,571.762981393788,[115.46617496 150.40346986 172.13963241 230.27974566 192.73155977],
20190315,533770152,1029,1552685350.35949,114.352344800726,62.4997997244662,471.750555966911,[121.05156866 154.2302132  174.90265166 198.81741395 216.06829283229.20089175],
20190315,533770152,1030,1552685338.13241,115.805326763507,58.7545528280088,-405.693013472044,[118.49875258 136.18116455 158.38327477 176.04859314 194.0850866214.48433081 222.25819883 241.57796189],
20190315,533770152,1031,1552685323.47539,117.496648410756,63.1982592372996,620.657117813364,[115.62988605 154.04229285 173.44538148 225.79021317],
20190315,533770152,1032,1552685312.7185,113.962436545258,105.558375287648,2704.84496194517,[105.4861251  215.99113816],
20190315,533770152,1033,1552685294.90189,75.9196679441524,173.178948127863,9395.45367470693,[126.46319533 257.29771019],
20190315,533770152,1034,1552685279.92834,112.642869628614,76.55228186646,2100.75633394878,[114.03851866 227.89813478 171.94149229],
20190315,533770152,1035,1552685268.37204,114.149460979568,70.9650766047537,1167.6522758722,[ 95.05875624 115.42100241 131.13413559 154.34166553 171.87958827228.17117389 245.26409909 206.55617756],
20190315,533770152,1036,1552685253.09686,118.004898150929,89.4717153372922,1907.59032436814,[107.33496199 215.34048841 159.7053481 ],
20190315,533770152,1037,1552685240.82378,120.865037337068,173.886721502151,8001.1272477613,[ 80.50361892 110.66995092 158.15895284  43.77362535],
20190315,533770152,1038,1552685229.16599,113.645235576002,69.2218635669774,1134.08665972264,[117.00485286 132.90086677 155.75797377 173.77200698 230.65358731190.76953234],
20190315,533770152,1039,1552685217.16123,114.704299743,70.3212591474012,1208.85436253807,[115.27088916 227.98228595],
20190315,533770152,1040,1552685206.89674,115.491473954243,67.4175194703692,1303.54987129193,[111.74846011 167.05404448 147.65888664 227.04991794],
20190315,533770152,1051,1552685076.8392,113.604845375681,80.2346138271732,2020.88386304918,[111.14319679 148.55740849 169.08916655 202.80699916 225.53801086242.46777091],
20190315,533770152,1052,1552685066.37898,114.36780190734,77.0337128720841,1435.3976176233,[113.97429933 148.61144311 166.76751237 188.88005925 208.52694743225.98605863 242.46486318  92.17730481  74.87747824],
20190315,533770152,1053,1552685053.53658,114.235220874916,75.3368291821957,1179.64852259568,[ 76.59152155  94.56865678 116.31786196 132.0507352  151.86356962170.22507087 187.52855721 209.65288759 226.57748013 247.55356872],
20190315,533770152,1054,1552685041.06133,115.099131865458,74.0052553588386,919.128555126413,[ 57.2825652   77.2005991   95.56331484 117.851169   133.83043884157.41129453 173.00484051 191.72672777 210.93504648 227.33281781246.71469303],
20190315,533770152,1055,1552685029.00057,116.428260690683,73.8497730083652,792.41335067218,[ 70.53643054 111.74583791 144.11282723 164.8414315  221.30369479],
20190315,533770152,1057,1552685008.25167,114.751295724301,70.3502088379587,1362.35387263179,[114.38980946 149.71144762 168.22865154 208.1239124  185.37714362228.41727855],
20190315,533770152,1058,1552684996.59686,114.404691166533,68.7418900237008,1526.14313788181,[ 78.4027508   93.46760815 117.41229925 133.16600555 152.92513541173.79241023 187.93187249 226.87079791],
20190316,533950817,1021,1552768410.99493,112.023151962352,57.8461507409396,1898.60578979763,[ 59.36342607  80.85878314  91.80759543 115.64918979 134.83862467153.37801589 172.86890617 193.1888625  212.33693077 231.62015374],
20190316,533950817,1022,1552768425.59108,112.784981384651,55.1497964713591,1019.18138779579,[117.42504532 133.76162327 154.86661996 172.86465631 191.92898941213.74273099 230.33649171],
20190316,533950817,1023,1552768435.40519,115.771514255022,54.7075360531221,417.352509177073,[ 37.72952703  57.26866457  73.83373425  99.24329766 116.23650971135.99657736 155.5702625  179.25693198 195.7698085  212.52347565233.0465255  250.48913705],
20190316,533950817,1024,1552768445.75913,115.341846988834,53.1049567216849,566.986148065946,[ 54.05089056  95.41338525 116.32689512 136.05838162 155.26659904176.71327949 193.8422635  213.24610067 232.18416851 250.6139446177.30883999],
20190316,533950817,1025,1552768744.77735,116.07538773762,62.5226963246294,531.178155474292,[ 57.87167825  76.41873104  96.32385996 116.43213405 137.10113167151.07996979 168.79676535 192.94149936 215.61039114 230.91401863250.17432143],
20190316,533950817,1026,1552768731.40318,116.344703363477,56.2804850670364,554.593617891448,[ 55.82225274  34.74895831  94.15202344 109.83076372 129.8223016149.22345984 166.51203561 183.59846204 203.73804705 230.21587985]
20190316,533950817,1027,1552768714.32184,118.821958758778,53.5684094415029,715.806901571017,[112.99384995 131.27917149 152.42631056 168.78603994 185.64320508205.30355935 223.99734473],
20190316,533950817,1028,1552768699.76409,117.305857776003,49.8339409917407,891.768055475975,[115.66252735 128.4829912  153.4080857  171.49181903 188.65521107205.30089605 226.00529977],
20190316,533950817,1029,1552768681.3009,122.401067223375,40.2030973043719,665.215473014777,[ 56.91378201  89.55738073 114.22535266 129.97081525 148.05936969167.1927084  186.89991248 205.06083911 219.24772684],
20190316,533950817,1030,1552768669.84369,105.437263526191,81.648404992686,3603.8305569434,[113.6681294  153.13440032 171.10152641 195.1344514  215.01501759231.08315107],
20190316,533950817,1031,1552768653.40259,109.38320908417,59.5053158252305,1501.90714961558,[ 63.27103744  95.60837884 115.29234625 152.68879335 171.15732825194.42202112 217.7242686  237.52448644],
20190317,534116929,1305,1552852249.53821,113.83697537992,55.9407971312896,1283.94029875649,[107.3204233  151.63542007 170.6538587  228.13066802],
20190317,534116929,1306,1552852249.39314,116.22183153298,59.4791533656183,932.968453954382,[116.14437652 132.67180123 153.16744548 172.24561503 188.57207541207.30959528 226.49709469],
20190318,534319912,1127,1552941665.10311,94.2456131222263,60.9454363590176,1210.21977656575,[ 20.01794727  41.41186805  60.86816599  81.16197513 103.63501187123.36846873 142.31323654 163.70600407 184.75811315 205.6409763226.1597243  243.56936792 263.75862779],
20190318,534319912,1128,1552941674.93243,99.2651047011999,59.6940959714804,-1079.42660285758,[ 37.7247898   60.1407822   81.68598964  98.75761945 119.52518961142.3396414  158.73221499 178.99466453 201.5624232  221.10776245241.59232804],
20190318,534319912,1154,1552942103.41653,71.7727782312491,61.2807528400424,2461.9970760706,[ 59.03729482  82.25188651 103.95359573 120.03716299 141.24623741161.43386425 180.32433731 204.2434377  222.19747512 244.55481162],
20190321,534899218,1029,1553197237.69813,115.707689267396,68.1020257997698,1348.27580005791,[ 39.99061562  57.24322432  75.61420269  95.46364603 115.75066086137.41093183 152.41976283 171.84157983 193.23761221 214.25342763232.19582325],
